Season,Date,Team,Conference,Opponent,Result,S,MS,Kills,Errors,Total Attacks,Hit Pct,Assists,Aces,SErr,Digs,RErr,Block Solos,Block Assists,BErr,TB,PTS,BHE
2020-2021,10/02/2020,Boston College,ACC,Louisville,L 0-3,3,NA,26,13,77,0.169,24,2,4,15,4,2,NA,NA,2,30,3
2020-2021,10/03/2020,Boston College,ACC,Louisville,L 1-3,4,NA,45,25,141,0.142,42,2,6,42,2,7,8,NA,11,58,NA
2020-2021,10/09/2020,Boston College,ACC,@ Pittsburgh,L 1-3,4,NA,36,20,124,0.129,33,5,5,38,8,1,20,1,11,52,NA
2020-2021,10/10/2020,Boston College,ACC,@ Pittsburgh,L 0-3,3,NA,28,17,99,0.111,26,2,2,24,5,5,12,4,11,41,NA
2020-2021,10/16/2020,Boston College,ACC,@ Syracuse,L 0-3,3,NA,35,19,134,0.119,33,2,7,52,4,5,6,4,8,45,1
2020-2021,10/17/2020,Boston College,ACC,@ Syracuse,L 0-3,3,NA,27,20,96,0.073,24,1,4,29,5,2,4,4,4,32,2
2020-2021,10/23/2020,Boston College,ACC,Notre Dame,L 0-3,3,NA,30,14,116,0.138,27,4,3,53,6,3,6,NA,6,40,NA
2020-2021,10/24/2020,Boston College,ACC,Notre Dame,L 1-3,4,NA,41,23,144,0.125,40,8,5,60,5,1,10,NA,6,55,1
2020-2021,02/13/2021,Boston College,ACC,Northeastern,W 3-1,4,NA,44,17,126,0.214,41,6,3,58,2,3,20,NA,13,63,1
2020-2021,02/24/2021,Boston College,ACC,@ Rhode Island,Canceled,NA,NA,NA,NA,NA,NA,NA,NA,NA,NA,NA,NA,NA,NA,NA,NA,NA
2020-2021,03/12/2021,Boston College,ACC,@ Georgia Tech,L 0-3,3,NA,25,16,86,0.105,24,2,2,28,9,NA,4,2,2,29,2
2020-2021,03/13/2021,Boston College,ACC,"North Carolina @Atlanta, GA",Ppd,NA,NA,NA,NA,NA,NA,NA,NA,NA,NA,NA,NA,NA,NA,NA,NA,NA
2020-2021,03/20/2021,Boston College,ACC,"Clemson @Raleigh, NC",L 0-3,3,NA,35,26,112,0.08,30,5,3,39,2,2,8,NA,6,46,NA
2020-2021,03/21/2021,Boston College,ACC,@ NC State,L 0-3,3,NA,22,14,97,0.082,21,5,5,37,3,1,10,1,6,33,NA
2020-2021,03/22/2021,Boston College,ACC,@ Duke,L 0-3,3,NA,35,24,102,0.108,31,1,8,37,2,1,4,1,3,39,NA
2020-2021,03/26/2021,Boston College,ACC,Miami (FL),W 3-1,4,NA,42,15,130,0.208,37,6,9,56,7,NA,22,2,11,59,NA
2020-2021,03/28/2021,Boston College,ACC,Virginia Tech,W 3-0,3,NA,43,16,105,0.257,42,5,2,46,3,NA,14,1,7,55,3
2020-2021,04/01/2021,Boston College,ACC,@ Wake Forest,W 3-1,4,NA,35,25,110,0.091,33,12,2,40,3,1,12,NA,7,54,NA
2020-2021,04/02/2021,Boston College,ACC,@ Wake Forest,W 3-2,5,NA,66,21,156,0.288,64,10,10,57,3,NA,22,NA,11,NA,NA
2020-2021,04/03/2021,Boston College,ACC,Merrimack,W 3-1,4,NA,58,22,135,0.267,57,NA,8,58,1,2,4,2,4,76,3
2020-2021,10/08/2020,Clemson,ACC,Miami (FL),W 3-2,5,NA,57,20,135,0.274,50,4,16,61,9,1,10,4,6,67,NA
2020-2021,10/09/2020,Clemson,ACC,Miami (FL),L 0-3,3,NA,28,23,111,0.045,27,2,3,40,3,1,6,NA,4,34,NA
2020-2021,10/22/2020,Clemson,ACC,@ Georgia Tech,L 0-3,3,NA,30,15,89,0.169,27,3,8,24,5,1,8,3,5,38,NA
2020-2021,10/23/2020,Clemson,ACC,@ Georgia Tech,L 1-3,4,NA,45,25,137,0.146,40,9,5,43,2,NA,13,NA,6.5,60.5,3
2020-2021,10/29/2020,Clemson,ACC,Wake Forest,W 3-1,4,NA,67,20,166,0.283,61,11,7,52,4,NA,8,1,4,82,NA
2020-2021,10/30/2020,Clemson,ACC,Wake Forest,W 3-1,4,NA,56,17,122,0.32,48,8,4,42,3,1,18,1,10,74,NA
2020-2021,01/23/2021(1),Clemson,ACC,Western Caro.,W 3-0,3,NA,50,13,106,0.349,44,6,8,38,5,1,14,1,8,64,NA
2020-2021,01/23/2021(2),Clemson,ACC,Western Caro.,W 3-1,4,NA,63,17,159,0.289,54,7,11,72,2,2,12,5,8,78,NA
2020-2021,01/25/2021,Clemson,ACC,Wofford,Ppd,NA,NA,NA,NA,NA,NA,NA,NA,NA,NA,NA,NA,NA,NA,NA,NA,NA
2020-2021,01/30/2021(1),Clemson,ACC,Charlotte,W 3-2,5,NA,62,25,165,0.224,54,8,7,77,9,NA,14,NA,7,77,NA
2020-2021,01/30/2021(2),Clemson,ACC,Charlotte,L 1-3,4,NA,60,29,156,0.199,54,4,5,69,5,1,6,2,4,68,1
2020-2021,02/12/2021,Clemson,ACC,@ North Florida,W 3-2,5,NA,61,32,178,0.163,55,4,9,80,4,2,16,NA,10,75,NA
2020-2021,02/13/2021(1),Clemson,ACC,@ Florida St.,L 1-3,4,NA,47,28,126,0.151,45,4,4,46,7,1,8,1,5,56,3
2020-2021,02/13/2021(2),Clemson,ACC,@ Florida St.,L 0-3,3,NA,33,18,91,0.165,29,2,4,15,10,NA,4,NA,2,37,NA
2020-2021,02/20/2021(1),Clemson,ACC,UNCW,W 3-0,3,NA,41,14,101,0.267,37,5,4,39,5,2,14,NA,9,55,NA
2020-2021,02/20/2021(2),Clemson,ACC,UNCW,W 3-2,5,NA,57,30,143,0.189,52,11,8,62,NA,1,12,1,7,75,1
2020-2021,03/06/2021,Clemson,ACC,"North Carolina @Syracuse, NY",W 3-2,5,NA,64,NA,189,0.143,54,7,10,80,8,6,8,1,10,81,1
2020-2021,03/07/2021,Clemson,ACC,@ Syracuse,L 2-3,5,NA,NA,25,205,0.254,61,4,8,94,6,2,8,2,6,NA,2
2020-2021,03/12/2021,Clemson,ACC,Louisville,Ppd,NA,NA,NA,NA,NA,NA,NA,NA,NA,NA,NA,NA,NA,NA,NA,NA,NA
2020-2021,03/14/2021,Clemson,ACC,Duke,Ppd,NA,NA,NA,NA,NA,NA,NA,NA,NA,NA,NA,NA,NA,NA,NA,NA,NA
2020-2021,03/19/2021,Clemson,ACC,@ NC State,L 0-3,3,NA,32,9,82,0.28,30,2,5,36,5,NA,6,1,3,37,NA
2020-2021,03/20/2021,Clemson,ACC,"Boston College @Raleigh, NC",W 3-0,3,NA,39,16,102,0.225,35,2,4,45,5,4,10,NA,9,50,NA
2020-2021,03/26/2021,Clemson,ACC,@ Notre Dame,L 1-3,4,NA,41,18,125,0.184,39,4,8,45,7,3,8,1,7,52,NA
2020-2021,04/01/2021,Clemson,ACC,Pittsburgh,L 0-3,3,NA,29,15,87,0.161,28,NA,5,33,9,1,16,NA,9,38,1
2020-2021,04/03/2021,Clemson,ACC,Virginia Tech,W 3-1,4,NA,59,19,130,0.308,56,6,9,55,4,3,12,2,9,74,NA
2020-2021,09/23/2020,Duke,ACC,NC State,W 3-2,5,NA,51,26,158,0.158,38,9,12,78,2,2,28,2,16,76,2
2020-2021,09/26/2020,Duke,ACC,NC State,W 3-1,4,NA,49,21,157,0.178,44,5,11,78,4,2,18,1,11,65,2
2020-2021,10/02/2020,Duke,ACC,@ Virginia,W 3-0,3,NA,49,12,116,0.319,45,6,6,52,5,NA,16,NA,8,63,2
2020-2021,10/09/2020,Duke,ACC,@ North Carolina,L 1-3,4,NA,47,22,155,0.161,44,5,6,71,4,2,10,2,7,59,3
2020-2021,10/11/2020,Duke,ACC,@ North Carolina,W 3-1,4,NA,50,19,129,0.24,47,5,8,58,5,2,20,3,12,67,2
2020-2021,10/24/2020,Duke,ACC,Virginia Tech,L 2-3,5,NA,66,27,162,0.241,62,6,5,63,5,NA,12,NA,6,78,2
2020-2021,10/25/2020,Duke,ACC,Virginia Tech,W 3-1,4,NA,63,27,169,0.213,60,5,6,74,2,4,18,NA,13,81,4
2020-2021,10/30/2020,Duke,ACC,Virginia,W 3-0,3,NA,38,10,105,0.267,36,7,7,48,2,4,10,1,9,54,2
2020-2021,02/09/2021,Duke,ACC,@ VCU,W 3-0,3,NA,48,14,120,0.283,42,4,6,57,2,NA,16,NA,8,60,NA
2020-2021,02/17/2021,Duke,ACC,App State,W 3-0,3,NA,39,15,112,0.214,36,2,12,45,6,NA,14,NA,7,48,NA
2020-2021,02/26/2021,Duke,ACC,@ NC State,L 2-3,5,NA,49,19,159,0.189,42,7,13,73,11,NA,16,1,8,64,1
2020-2021,03/05/2021,Duke,ACC,Florida St.,L 0-3,3,NA,38,18,108,0.185,36,1,8,42,3,2,6,1,5,44,NA
2020-2021,03/06/2021,Duke,ACC,Florida St.,L 0-3,3,NA,45,24,134,0.157,41,7,6,57,5,NA,14,2,7,59,1
2020-2021,03/13/2021,Duke,ACC,Louisville,L 0-3,3,NA,26,22,107,0.037,22,3,1,46,6,1,8,NA,5,34,NA
2020-2021,03/14/2021,Duke,ACC,Louisville,L 0-3,3,NA,35,17,94,0.191,34,3,9,27,10,NA,10,1,5,43,NA
2020-2021,03/14/2021,Duke,ACC,@ Clemson,Ppd,NA,NA,NA,NA,NA,NA,NA,NA,NA,NA,NA,NA,NA,NA,NA,NA,NA
2020-2021,03/19/2021,Duke,ACC,Miami (FL),L 2-3,5,NA,58,19,154,0.253,52,4,13,75,9,NA,26,NA,13,75,2
2020-2021,03/21/2021,Duke,ACC,Pittsburgh,L 2-3,5,NA,59,28,173,0.179,57,5,11,79,4,NA,20,NA,10,74,2
2020-2021,03/22/2021,Duke,ACC,Boston College,W 3-0,3,NA,40,6,88,0.386,36,2,5,36,1,NA,14,1,7,49,1
2020-2021,03/27/2021,Duke,ACC,"Wake Forest @Syracuse, NY",L 2-3,5,NA,52,23,160,0.181,47,6,9,68,3,2,16,2,10,68,NA
2020-2021,03/28/2021,Duke,ACC,@ Syracuse,L 2-3,5,NA,56,27,169,0.172,51,NA,9,73,4,1,18,2,10,66,3
2020-2021,04/02/2021,Duke,ACC,"Notre Dame @Atlanta, GA",L 1-3,4,NA,49,24,150,0.167,49,4,8,55,8,3,10,2,8,61,4
2020-2021,04/03/2021,Duke,ACC,@ Georgia Tech,L 1-3,4,NA,46,17,127,0.228,44,6,8,43,7,3,10,NA,8,60,NA
2020-2021,10/07/2020,Florida St.,ACC,@ Georgia Tech,L 0-3,3,NA,37,10,102,0.265,37,3,5,45,3,1,8,1,5,45,NA
2020-2021,10/08/2020,Florida St.,ACC,@ Georgia Tech,L 0-3,3,NA,32,15,94,0.181,28,3,2,28,6,1,10,2,6,41,1
2020-2021,10/15/2020,Florida St.,ACC,@ Miami (FL),W 3-1,4,NA,58,10,138,0.348,55,9,5,53,3,2,6,1,5,72,2
2020-2021,10/16/2020,Florida St.,ACC,@ Miami (FL),L 0-3,3,NA,34,18,121,0.132,28,2,4,53,6,1,14,3,8,44,1
2020-2021,02/13/2021(1),Florida St.,ACC,Clemson,W 3-1,4,NA,48,14,121,0.281,42,7,7,36,4,5,30,1,NA,75,1
2020-2021,02/13/2021(2),Florida St.,ACC,Clemson,W 3-0,3,NA,43,8,74,0.473,38,10,2,30,2,NA,20,1,10,63,1
2020-2021,02/26/2021,Florida St.,ACC,UCF,W 3-2,5,NA,62,16,146,0.315,60,10,6,77,9,1,25,NA,13.5,85.5,1
2020-2021,02/26/2021,Florida St.,ACC,Troy,W 3-0,3,NA,32,12,85,0.235,30,6,5,45,5,1,23,1,12.5,50.5,NA
2020-2021,02/27/2021,Florida St.,ACC,Louisiana,W 3-0,3,NA,38,13,91,0.275,34,4,7,43,3,1,24,2,13,55,NA
2020-2021,03/05/2021,Florida St.,ACC,@ Duke,W 3-0,3,NA,42,12,102,0.294,37,3,7,43,1,NA,20,NA,10,55,2
2020-2021,03/06/2021,Florida St.,ACC,@ Duke,W 3-0,3,NA,41,12,115,0.252,33,5,7,52,7,2,12,2,8,54,NA
2020-2021,03/12/2021,Florida St.,ACC,Notre Dame,W 3-2,5,NA,62,13,162,0.302,59,7,6,74,6,2,14,NA,9,78,NA
2020-2021,03/14/2021,Florida St.,ACC,Virginia Tech,W 3-1,4,NA,60,14,148,0.311,44,6,3,57,3,1,14,2,8,74,NA
2020-2021,03/20/2021,Florida St.,ACC,"Louisville @Charlottesville, VA",L 1-3,4,NA,43,24,145,0.131,40,4,7,51,3,1,6,NA,4,51,NA
2020-2021,03/26/2021,Florida St.,ACC,@ Pittsburgh,L 1-3,4,NA,49,18,125,0.248,46,4,8,48,3,2,20,3,12,65,1
2020-2021,03/27/2021,Florida St.,ACC,"North Carolina @Pittsburgh, PA",W 3-2,5,NA,58,22,145,0.248,52,12,4,72,12,1,18,2,10,80,NA
2020-2021,04/01/2021,Florida St.,ACC,Syracuse,W 3-0,3,NA,43,6,93,0.398,40,4,3,45,1,2,6,1,5,52,NA
2020-2021,04/02/2021,Florida St.,ACC,Syracuse,W 3-0,3,NA,37,5,88,0.364,33,8,4,44,1,2,12,NA,8,53,NA
2020-2021,04/03/2021,Florida St.,ACC,NC State,Ppd,NA,NA,NA,NA,NA,NA,NA,NA,NA,NA,NA,NA,NA,NA,NA,NA,NA
2020-2021,09/24/2020,Georgia Tech,ACC,@ Miami (FL),L 2-3,5,NA,64,19,152,0.296,63,5,6,63,6,1,8,4,5,74,NA
2020-2021,09/25/2020,Georgia Tech,ACC,@ Miami (FL),W 3-2,5,NA,63,23,162,0.247,60,3,7,76,2,6,16,5,14,80,1
2020-2021,10/07/2020,Georgia Tech,ACC,Florida St.,W 3-0,3,NA,55,13,126,0.333,45,3,4,49,3,2,4,2,4,62,2
2020-2021,10/08/2020,Georgia Tech,ACC,Florida St.,W 3-0,3,NA,50,9,92,0.446,46,6,5,39,3,1,8,2,5,61,NA
2020-2021,10/14/2020,Georgia Tech,ACC,@ Wake Forest,W 3-0,3,NA,41,10,83,0.373,34,7,4,41,2,2,4,NA,4,52,NA
2020-2021,10/15/2020,Georgia Tech,ACC,@ Wake Forest,W 3-0,3,NA,39,10,79,0.367,34,8,3,40,1,2,8,NA,6,53,NA
2020-2021,10/22/2020,Georgia Tech,ACC,Clemson,W 3-0,3,NA,47,10,91,0.407,40,5,7,35,3,2,13,NA,8.5,60.5,NA
2020-2021,10/23/2020,Georgia Tech,ACC,Clemson,W 3-1,4,NA,55,20,135,0.259,52,2,5,51,9,4,14,NA,11,68,2
2020-2021,03/07/2021,Georgia Tech,ACC,"Virginia @Pittsburgh, PA",W 3-0,3,NA,48,12,103,0.35,44,7,3,45,2,2,6,NA,5,60,NA
2020-2021,03/08/2021,Georgia Tech,ACC,@ Pittsburgh,L 0-3,3,NA,37,20,117,0.145,35,2,2,42,6,1,10,5,6,45,NA
2020-2021,03/12/2021,Georgia Tech,ACC,Boston College,W 3-0,3,NA,45,8,91,0.407,43,9,5,40,2,1,6,NA,4,58,NA
2020-2021,03/14/2021,Georgia Tech,ACC,North Carolina,Ppd,NA,NA,NA,NA,NA,NA,NA,NA,NA,NA,NA,NA,NA,NA,NA,NA,NA
2020-2021,03/19/2021,Georgia Tech,ACC,@ Virginia Tech,W 3-0,3,NA,39,9,88,0.341,37,8,6,39,5,3,2,NA,4,51,NA
2020-2021,03/20/2021,Georgia Tech,ACC,"Syracuse @Blacksburg, VA",W 3-0,3,NA,41,16,100,0.25,39,7,7,54,NA,NA,6,1,3,51,1
2020-2021,03/26/2021,Georgia Tech,ACC,@ Louisville,L 0-3,3,NA,26,25,94,0.011,26,1,8,23,7,1,12,1,7,34,NA
2020-2021,03/27/2021,Georgia Tech,ACC,"NC State @Louisville, KY",W 3-0,3,NA,38,9,98,0.296,35,3,7,36,2,3,20,1,13,54,NA
2020-2021,04/01/2021,Georgia Tech,ACC,Notre Dame,L 0-3,3,NA,32,20,97,0.124,32,NA,5,38,6,1,5,1,3.5,35.5,4
2020-2021,04/03/2021,Georgia Tech,ACC,Duke,W 3-1,4,NA,58,14,125,0.352,52,7,2,56,6,2,6,NA,5,70,NA
2020-2021,04/14/2021,Georgia Tech,ACC,"Lipscomb @Omaha, NE (2020 NCAA DI Women's Volleyball Championship)",W 3-1,4,NA,65,18,146,0.322,64,3,3,77,5,2,14,2,9,77,3
2020-2021,04/15/2021,Georgia Tech,ACC,"#3 Minnesota @Omaha, NE (2020 NCAA DI Women's Volleyball Championship)",L 0-3,3,NA,39,19,118,0.169,39,2,3,38,3,1,8,3,5,46,NA
2020-2021,09/25/2020,Louisville,ACC,Notre Dame,L 0-3,3,NA,44,22,116,0.19,41,2,6,50,7,2,10,2,7,53,1
2020-2021,10/02/2020,Louisville,ACC,@ Boston College,W 3-0,3,NA,43,7,76,0.474,34,4,6,25,2,4,6,NA,7,54,1
2020-2021,10/03/2020,Louisville,ACC,@ Boston College,W 3-1,4,NA,65,22,141,0.305,58,2,7,59,2,NA,12,NA,19,86,1
2020-2021,10/09/2020,Louisville,ACC,Syracuse,W 3-0,3,NA,33,11,71,0.31,29,3,7,23,1,3,18,NA,12,48,NA
2020-2021,10/10/2020,Louisville,ACC,Syracuse,W 3-0,3,NA,47,22,116,0.216,41,3,5,42,2,3,8,3,7,57,1
2020-2021,10/23/2020,Louisville,ACC,@ Pittsburgh,L 0-3,3,NA,36,17,101,0.188,35,3,5,37,7,3,22,5,14,53,1
2020-2021,10/25/2020,Louisville,ACC,@ Pittsburgh,W 3-1,4,NA,53,18,146,0.24,51,4,12,43,5,1,24,6,13,70,NA
2020-2021,02/27/2021,Louisville,ACC,Notre Dame,Ppd,NA,NA,NA,NA,NA,NA,NA,NA,NA,NA,NA,NA,NA,NA,NA,NA,NA
2020-2021,03/05/2021,Louisville,ACC,Virginia Tech,Ppd,NA,NA,NA,NA,NA,NA,NA,NA,NA,NA,NA,NA,NA,NA,NA,NA,NA
2020-2021,03/06/2021,Louisville,ACC,Wake Forest,W 3-0,3,NA,45,13,79,0.405,35,5,11,31,NA,1,6,1,4,54,NA
2020-2021,03/07/2021,Louisville,ACC,Wake Forest,Ppd,NA,NA,NA,NA,NA,NA,NA,NA,NA,NA,NA,NA,NA,NA,NA,NA,NA
2020-2021,03/07/2021(1),Louisville,ACC,Wake Forest,W 3-0,3,NA,48,18,89,0.337,41,4,3,33,3,1,10,NA,6,58,1
2020-2021,03/12/2021,Louisville,ACC,@ Clemson,Ppd,NA,NA,NA,NA,NA,NA,NA,NA,NA,NA,NA,NA,NA,NA,NA,NA,NA
2020-2021,03/13/2021,Louisville,ACC,@ Duke,W 3-0,3,NA,44,6,104,0.365,39,6,7,58,3,2,14,1,9,59,NA
2020-2021,03/14/2021,Louisville,ACC,@ Duke,W 3-0,3,NA,38,14,81,0.296,37,10,4,37,3,2,12,1,8,56,NA
2020-2021,03/20/2021,Louisville,ACC,"Florida St. @Charlottesville, VA",W 3-1,4,NA,60,21,150,0.26,53,3,9,64,4,6,22,NA,17,80,NA
2020-2021,03/26/2021,Louisville,ACC,Georgia Tech,W 3-0,3,NA,35,15,77,0.26,31,7,8,38,1,4,16,NA,12,54,NA
2020-2021,03/28/2021,Louisville,ACC,NC State,W 3-0,3,NA,40,15,87,0.287,34,4,14,34,1,3,18,3,12,56,NA
2020-2021,04/01/2021,Louisville,ACC,@ Miami (FL),W 3-1,4,NA,55,20,127,0.276,54,7,5,49,4,3,22,2,14,76,1
2020-2021,04/02/2021,Louisville,ACC,"North Carolina @Miami, FL",W 3-0,3,NA,46,16,104,0.288,41,6,10,45,4,2,12,NA,8,60,NA
2020-2021,04/15/2021,Louisville,ACC,"San Diego @Omaha, NE (2020 NCAA DI Women's Volleyball Championship)",W 3-1,4,NA,50,21,128,0.227,45,5,12,43,4,3,24,1,15,70,3
2020-2021,04/18/2021,Louisville,ACC,"#6 Washington @Omaha, NE (2020 NCAA DI Women's Volleyball Championship)",L 2-3,5,NA,58,27,162,0.191,55,5,7,60,8,2,26,4,15,78,NA
2020-2021,09/24/2020,Miami (FL),ACC,Georgia Tech,W 3-2,5,NA,70,19,165,0.309,67,6,8,60,5,3,14,2,10,86,4
2020-2021,09/25/2020,Miami (FL),ACC,Georgia Tech,L 2-3,5,NA,66,23,175,0.246,63,2,12,67,3,6,10,3,11,79,4
2020-2021,10/02/2020,Miami (FL),ACC,@ Wake Forest,W 3-1,4,NA,50,15,120,0.292,45,10,9,41,3,1,12,NA,7,67,1
2020-2021,10/03/2020,Miami (FL),ACC,@ Wake Forest,W 3-1,4,NA,51,16,109,0.321,41,9,13,41,8,1,20,NA,11,71,2
2020-2021,10/08/2020,Miami (FL),ACC,@ Clemson,L 2-3,5,NA,58,26,154,0.208,55,9,13,55,4,4,8,4,8,75,2
2020-2021,10/09/2020,Miami (FL),ACC,@ Clemson,W 3-0,3,NA,44,18,107,0.243,41,3,5,49,2,NA,20,NA,10,57,NA
2020-2021,10/15/2020,Miami (FL),ACC,Florida St.,L 1-3,4,NA,64,21,149,0.289,64,3,9,59,9,1,8,3,5,72,1
2020-2021,10/16/2020,Miami (FL),ACC,Florida St.,W 3-0,3,NA,46,14,124,0.258,44,6,9,55,2,2,12,1,8,60,3
2020-2021,02/26/2021,Miami (FL),ACC,@ UCF,Canceled,NA,NA,NA,NA,NA,NA,NA,NA,NA,NA,NA,NA,NA,NA,NA,NA,NA
2020-2021,02/28/2021,Miami (FL),ACC,UCF,Canceled,NA,NA,NA,NA,NA,NA,NA,NA,NA,NA,NA,NA,NA,NA,NA,NA,NA
2020-2021,03/06/2021,Miami (FL),ACC,"NC State @Notre Dame, IN",W 3-1,4,NA,53,20,136,0.243,52,4,8,57,6,3,10,1,8,65,2
2020-2021,03/07/2021,Miami (FL),ACC,@ Notre Dame,L 0-3,3,NA,36,29,127,0.055,34,3,8,47,6,NA,8,NA,4,43,1
2020-2021,03/12/2021,Miami (FL),ACC,Syracuse,Ppd,NA,NA,NA,NA,NA,NA,NA,NA,NA,NA,NA,NA,NA,NA,NA,NA,NA
2020-2021,03/13/2021,Miami (FL),ACC,Virginia,W 3-0,3,NA,40,11,74,0.392,37,5,11,32,2,2,6,NA,5,50,1
2020-2021,03/14/2021,Miami (FL),ACC,Virginia,W 3-0,3,NA,45,13,103,0.311,41,10,7,35,3,1,8,NA,5,60,NA
2020-2021,03/19/2021,Miami (FL),ACC,@ Duke,W 3-2,5,NA,56,35,180,0.117,51,9,12,69,4,NA,12,1,6,71,1
2020-2021,03/20/2021,Miami (FL),ACC,"Pittsburgh @Durham, NC",L 1-3,4,NA,39,27,130,0.092,36,5,8,40,3,1,12,NA,7,51,2
2020-2021,03/26/2021,Miami (FL),ACC,@ Boston College,L 1-3,4,NA,53,29,140,0.171,44,7,7,60,6,1,7,2,4.5,64.5,1
2020-2021,03/27/2021,Miami (FL),ACC,"Virginia Tech @Brookline, MA",W 3-1,4,NA,66,18,149,0.322,60,4,5,72,3,4,8,2,8,78,1
2020-2021,04/01/2021,Miami (FL),ACC,Louisville,L 1-3,4,NA,46,28,142,0.127,45,4,6,44,7,3,10,NA,8,58,2
2020-2021,04/03/2021,Miami (FL),ACC,North Carolina,W 3-0,3,NA,46,11,110,0.318,44,4,9,48,2,2,10,2,7,57,NA
2020-2021,09/23/2020,NC State,ACC,@ Duke,L 2-3,5,NA,45,32,167,0.078,40,2,14,69,9,NA,18,2,9,56,1
2020-2021,09/26/2020,NC State,ACC,@ Duke,L 1-3,4,NA,46,30,161,0.099,44,4,7,79,5,NA,12,2,6,56,3
2020-2021,10/16/2020,NC State,ACC,North Carolina,L 0-3,3,NA,34,22,122,0.098,34,3,11,43,5,2,8,NA,6,43,2
2020-2021,10/18/2020,NC State,ACC,North Carolina,L 1-3,4,NA,50,20,146,0.205,49,5,13,61,7,NA,18,1,9,64,1
2020-2021,10/23/2020,NC State,ACC,@ Virginia,W 3-1,4,NA,60,16,136,0.324,56,4,17,59,1,2,14,2,9,73,NA
2020-2021,10/24/2020,NC State,ACC,@ Virginia,W 3-1,4,NA,51,23,156,0.179,49,8,7,68,3,NA,18,1,9,68,1
2020-2021,10/29/2020,NC State,ACC,Virginia Tech,W 3-0,3,NA,44,16,116,0.241,40,3,9,55,1,1,10,1,6,53,1
2020-2021,10/30/2020,NC State,ACC,Virginia Tech,W 3-0,3,NA,39,11,97,0.289,32,7,6,55,2,NA,12,NA,6,52,NA
2020-2021,02/26/2021,NC State,ACC,Duke,W 3-2,5,NA,58,24,169,0.201,53,11,12,78,7,NA,12,2,6,75,2
2020-2021,03/05/2021,NC State,ACC,@ Notre Dame,L 0-3,3,NA,25,21,106,0.038,24,3,3,36,4,NA,4,1,2,30,1
2020-2021,03/06/2021,NC State,ACC,"Miami (FL) @Notre Dame, IN",L 1-3,4,NA,51,14,133,0.278,50,6,NA,48,4,1,19,3,10.5,67.5,2
2020-2021,03/13/2021,NC State,ACC,"Pittsburgh @Winston-Salem, NC",L 0-3,3,NA,18,18,78,NA,18,3,2,26,7,NA,4,NA,2,23,NA
2020-2021,03/14/2021,NC State,ACC,@ Wake Forest,W 3-1,4,NA,68,26,142,0.296,63,9,10,44,4,1,6,NA,4,81,2
2020-2021,03/19/2021,NC State,ACC,Clemson,W 3-0,3,NA,54,10,108,0.407,51,5,16,37,2,NA,10,NA,5,64,NA
2020-2021,03/21/2021,NC State,ACC,Boston College,W 3-0,3,NA,49,13,113,0.319,40,3,9,54,5,1,8,NA,5,57,2
2020-2021,03/27/2021,NC State,ACC,"Georgia Tech @Louisville, KY",L 0-3,3,NA,44,23,108,0.194,40,2,11,43,3,NA,6,NA,3,49,NA
2020-2021,03/28/2021,NC State,ACC,@ Louisville,L 0-3,3,NA,29,18,89,0.124,22,1,12,28,4,2,8,1,6,36,2
2020-2021,04/03/2021,NC State,ACC,@ Florida St.,Ppd,NA,NA,NA,NA,NA,NA,NA,NA,NA,NA,NA,NA,NA,NA,NA,NA,NA
2020-2021,09/24/2020,North Carolina,ACC,@ Virginia Tech,W 3-1,4,NA,48,24,138,0.174,47,6,10,63,NA,1,23,1,12.5,66.5,NA
2020-2021,09/25/2020,North Carolina,ACC,@ Virginia Tech,L 2-3,5,NA,62,30,161,0.199,61,7,8,64,3,1,8,1,5,74,2
2020-2021,10/09/2020,North Carolina,ACC,Duke,W 3-1,4,NA,58,18,152,0.263,55,4,8,77,5,NA,16,5,8,70,3
2020-2021,10/11/2020,North Carolina,ACC,Duke,L 1-3,4,NA,47,34,148,0.088,42,5,7,50,5,NA,19,1,9.5,61.5,1
2020-2021,10/16/2020,North Carolina,ACC,@ NC State,W 3-0,3,NA,34,13,101,0.208,32,5,5,49,3,1,25,2,13.5,52.5,2
2020-2021,10/18/2020,North Carolina,ACC,@ NC State,W 3-1,4,NA,48,22,133,0.195,45,7,7,64,5,NA,28,3,14,69,1
2020-2021,10/31/2020,North Carolina,ACC,Virginia,W 3-1,4,NA,64,20,141,0.312,59,5,7,54,4,1,12,NA,7,76,NA
2020-2021,11/01/2020,North Carolina,ACC,Virginia,W 3-1,4,NA,53,22,123,0.252,52,9,4,46,4,NA,18,2,9,71,2
2020-2021,02/18/2021,North Carolina,ACC,App State,W 3-0,3,NA,39,5,73,0.466,33,6,7,29,2,NA,22,2,11,56,NA
2020-2021,02/28/2021,North Carolina,ACC,@ East Carolina,L 0-3,3,NA,40,28,122,0.098,39,3,12,47,1,3,8,1,7,50,2
2020-2021,03/05/2021,North Carolina,ACC,@ Syracuse,W 3-2,5,NA,69,31,NA,0.174,66,4,5,106,5,1,17,3,9.5,82.5,2
2020-2021,03/06/2021,North Carolina,ACC,"Clemson @Syracuse, NY",L 2-3,5,NA,46,24,159,0.138,43,8,4,69,7,7,15,5,14.5,68.5,1
2020-2021,03/13/2021,North Carolina,ACC,"Boston College @Atlanta, GA",Ppd,NA,NA,NA,NA,NA,NA,NA,NA,NA,NA,NA,NA,NA,NA,NA,NA,NA
2020-2021,03/14/2021,North Carolina,ACC,@ Georgia Tech,Ppd,NA,NA,NA,NA,NA,NA,NA,NA,NA,NA,NA,NA,NA,NA,NA,NA,NA
2020-2021,03/19/2021,North Carolina,ACC,Wake Forest,W 3-1,4,NA,51,15,122,0.295,47,10,6,45,6,NA,28,4,14,75,NA
2020-2021,03/21/2021,North Carolina,ACC,Notre Dame,W 3-2,5,NA,56,31,184,0.136,51,8,7,81,7,2,22,2,13,77,NA
2020-2021,03/27/2021,North Carolina,ACC,"Florida St. @Pittsburgh, PA",L 2-3,5,NA,49,24,159,0.157,46,12,7,61,12,NA,16,1,8,69,NA
2020-2021,03/28/2021,North Carolina,ACC,@ Pittsburgh,L 0-3,3,NA,23,22,86,0.012,21,1,6,20,4,1,6,2,4,28,NA
2020-2021,04/02/2021,North Carolina,ACC,"Louisville @Miami, FL",L 0-3,3,NA,27,19,100,0.08,25,4,4,36,6,NA,18,NA,9,40,2
2020-2021,04/03/2021,North Carolina,ACC,@ Miami (FL),L 0-3,3,NA,37,19,112,0.161,34,2,5,46,4,1,8,4,5,44,NA
2020-2021,09/25/2020,Notre Dame,ACC,@ Louisville,W 3-0,3,NA,41,17,117,0.205,38,7,7,45,2,2,12,2,8,56,1
2020-2021,10/02/2020,Notre Dame,ACC,Syracuse,W 3-1,4,NA,61,17,161,0.273,59,4,6,70,2,1,14,3,8,73,1
2020-2021,10/03/2020,Notre Dame,ACC,Syracuse,W 3-0,3,NA,51,14,125,0.296,51,5,2,50,2,NA,15,1,7.5,63.5,1
2020-2021,10/16/2020,Notre Dame,ACC,Pittsburgh,W 3-2,5,NA,56,28,181,0.155,53,6,8,84,2,2,28,4,16,78,1
2020-2021,10/18/2020,Notre Dame,ACC,Pittsburgh,L 1-3,4,NA,49,27,174,0.126,46,4,15,74,2,1,24,NA,13,66,NA
2020-2021,10/23/2020,Notre Dame,ACC,@ Boston College,W 3-0,3,NA,50,13,122,0.303,45,6,9,64,4,2,8,1,6,62,2
2020-2021,10/24/2020,Notre Dame,ACC,@ Boston College,W 3-1,4,NA,62,12,152,0.329,58,5,9,74,8,NA,22,NA,11,78,NA
2020-2021,02/18/2021,Notre Dame,ACC,Valparaiso,W 3-2,5,NA,66,22,203,0.217,63,8,3,NA,5,NA,18,NA,9,83,3
2020-2021,02/27/2021,Notre Dame,ACC,@ Louisville,Ppd,NA,NA,NA,NA,NA,NA,NA,NA,NA,NA,NA,NA,NA,NA,NA,NA,NA
2020-2021,03/05/2021,Notre Dame,ACC,NC State,W 3-0,3,NA,46,10,96,0.375,42,4,8,52,3,NA,12,NA,6,56,1
2020-2021,03/07/2021,Notre Dame,ACC,Miami (FL),W 3-0,3,NA,31,7,88,0.273,28,6,4,45,3,NA,32,NA,16,53,NA
2020-2021,03/12/2021,Notre Dame,ACC,@ Florida St.,L 2-3,5,NA,60,22,192,0.198,50,6,6,66,7,1,8,NA,5,71,NA
2020-2021,03/13/2021,Notre Dame,ACC,"Virginia Tech @Tallahassee, FL",W 3-0,3,NA,39,7,98,0.327,37,6,4,46,4,NA,4,NA,2,47,NA
2020-2021,03/20/2021,Notre Dame,ACC,"Wake Forest @Chapel Hill, NC",W 3-0,3,NA,45,13,105,0.305,43,4,5,42,4,1,14,2,8,57,1
2020-2021,03/21/2021,Notre Dame,ACC,@ North Carolina,L 2-3,5,NA,57,30,181,0.149,51,7,6,80,8,1,18,NA,10,74,2
2020-2021,03/26/2021,Notre Dame,ACC,Clemson,W 3-1,4,NA,63,12,124,0.411,55,7,12,55,4,2,8,NA,6,76,NA
2020-2021,04/01/2021,Notre Dame,ACC,@ Georgia Tech,W 3-0,3,NA,40,15,97,0.258,39,6,9,35,NA,1,16,NA,9,55,2
2020-2021,04/02/2021,Notre Dame,ACC,"Duke @Atlanta, GA",W 3-1,4,NA,52,18,137,0.248,47,8,8,61,4,NA,25,1,12.5,72.5,2
2020-2021,04/14/2021,Notre Dame,ACC,"Army West Point @Omaha, NE (2020 NCAA DI Women's Volleyball Championship)",W 3-1,4,NA,37,17,149,0.134,33,10,9,64,2,1,32,1,17,64,1
2020-2021,04/15/2021,Notre Dame,ACC,"#10 Oregon @Omaha, NE (2020 NCAA DI Women's Volleyball Championship)",L 0-3,3,NA,30,11,112,0.17,29,2,7,45,8,1,8,2,5,37,1
2020-2021,09/25/2020,Pittsburgh,ACC,@ Syracuse,L 2-3,5,NA,69,23,184,0.25,NA,3,12,67,6,2,12,NA,8,80,NA
2020-2021,09/26/2020,Pittsburgh,ACC,@ Syracuse,L 0-3,3,NA,45,14,115,0.27,45,1,9,39,4,6,2,1,7,53,4
2020-2021,10/09/2020,Pittsburgh,ACC,Boston College,W 3-1,4,NA,58,22,125,0.288,51,8,6,58,5,1,16,NA,9,75,2
2020-2021,10/10/2020,Pittsburgh,ACC,Boston College,W 3-0,3,NA,51,19,99,0.323,47,5,2,47,2,3,14,NA,10,66,NA
2020-2021,10/16/2020,Pittsburgh,ACC,@ Notre Dame,L 2-3,5,NA,67,29,197,0.193,66,2,12,83,6,2,19,2,11.5,80.5,NA
2020-2021,10/18/2020,Pittsburgh,ACC,@ Notre Dame,W 3-1,4,NA,52,25,166,0.163,51,2,4,86,4,1,NA,1,19,73,NA
2020-2021,10/23/2020,Pittsburgh,ACC,Louisville,W 3-0,3,NA,45,23,113,0.195,41,7,5,40,3,1,12,2,7,59,NA
2020-2021,10/25/2020,Pittsburgh,ACC,Louisville,L 1-3,4,NA,58,24,146,0.233,56,5,14,62,4,2,13,3,8.5,71.5,1
2020-2021,02/14/2021,Pittsburgh,ACC,@ Villanova,W 3-0,3,NA,41,13,78,0.359,40,3,6,37,3,NA,21,NA,10.5,54.5,NA
2020-2021,03/06/2021,Pittsburgh,ACC,Virginia,W 3-1,4,NA,50,22,137,0.204,41,7,7,60,6,NA,17,NA,8.5,65.5,2
2020-2021,03/08/2021,Pittsburgh,ACC,Georgia Tech,W 3-0,3,NA,47,15,117,0.274,40,6,5,45,2,NA,14,NA,7,60,1
2020-2021,03/12/2021,Pittsburgh,ACC,@ Wake Forest,W 3-0,3,NA,39,14,81,0.309,37,8,5,29,2,3,10,NA,8,55,2
2020-2021,03/13/2021,Pittsburgh,ACC,"NC State @Winston-Salem, NC",W 3-0,3,NA,47,5,87,0.483,40,7,6,37,3,1,12,NA,7,61,1
2020-2021,03/20/2021,Pittsburgh,ACC,"Miami (FL) @Durham, NC",W 3-1,4,NA,54,24,129,0.233,50,3,10,55,5,1,16,1,9,66,NA
2020-2021,03/21/2021,Pittsburgh,ACC,@ Duke,W 3-2,5,NA,61,22,181,0.215,56,4,7,76,5,1,18,1,10,75,1
2020-2021,03/24/2021,Pittsburgh,ACC,West Virginia,W 3-0,3,NA,39,9,67,0.448,37,10,3,30,NA,1,24,3,13,62,NA
2020-2021,03/26/2021,Pittsburgh,ACC,Florida St.,W 3-1,4,NA,57,23,150,0.227,50,3,7,51,4,NA,12,1,6,66,2
2020-2021,03/28/2021,Pittsburgh,ACC,North Carolina,W 3-0,3,NA,42,12,80,0.375,35,4,2,33,1,NA,14,1,7,53,NA
2020-2021,04/01/2021,Pittsburgh,ACC,@ Clemson,W 3-0,3,NA,44,16,106,0.264,39,9,7,34,NA,1,12,2,7,60,NA
2020-2021,04/02/2021,Pittsburgh,ACC,"Virginia Tech @Clemson, SC",W 3-0,3,NA,48,16,99,0.323,43,2,7,49,3,NA,19,2,9.5,59.5,NA
2020-2021,04/14/2021,Pittsburgh,ACC,"LIU @Omaha, NE (2020 NCAA DI Women's Volleyball Championship)",W 3-0,3,NA,44,13,90,0.344,42,7,5,44,2,2,20,1,12,63,1
2020-2021,04/15/2021,Pittsburgh,ACC,"#14 Utah @Omaha, NE (2020 NCAA DI Women's Volleyball Championship)",W 3-0,3,NA,49,8,111,0.369,47,5,3,56,NA,NA,20,NA,10,64,NA
2020-2021,04/18/2021,Pittsburgh,ACC,"#3 Minnesota @Omaha, NE (2020 NCAA DI Women's Volleyball Championship)",W 3-2,5,NA,70,32,185,0.205,67,4,8,60,3,2,18,4,11,85,1
2020-2021,04/19/2021,Pittsburgh,ACC,"#6 Washington @Omaha, NE (2020 NCAA DI Women's Volleyball Championship)",L 2-3,5,NA,63,29,164,0.207,58,7,9,61,9,1,18,2,10,80,1
2020-2021,09/25/2020,Syracuse,ACC,Pittsburgh,W 3-2,5,NA,66,20,171,0.269,62,6,9,71,3,5,16,NA,13,85,NA
2020-2021,09/26/2020,Syracuse,ACC,Pittsburgh,W 3-0,3,NA,44,12,103,0.311,40,4,4,42,1,1,7,2,4.5,52.5,2
2020-2021,10/02/2020,Syracuse,ACC,@ Notre Dame,L 1-3,4,NA,56,24,158,0.203,55,2,6,69,4,NA,18,4,9,67,NA
2020-2021,10/03/2020,Syracuse,ACC,@ Notre Dame,L 0-3,3,NA,38,15,113,0.204,37,2,3,52,5,1,12,2,7,47,2
2020-2021,10/09/2020,Syracuse,ACC,@ Louisville,L 0-3,3,NA,29,31,87,-0.023,26,1,8,26,3,2,10,1,7,37,NA
2020-2021,10/10/2020,Syracuse,ACC,@ Louisville,L 0-3,3,NA,34,20,103,0.136,30,2,7,34,3,4,10,2,9,45,NA
2020-2021,10/16/2020,Syracuse,ACC,Boston College,W 3-0,3,NA,43,18,125,0.2,40,4,5,62,2,2,16,4,10,57,NA
2020-2021,10/17/2020,Syracuse,ACC,Boston College,W 3-0,3,NA,43,7,85,0.424,36,5,4,42,1,3,10,2,8,56,2
2020-2021,03/05/2021,Syracuse,ACC,North Carolina,L 2-3,5,NA,60,23,205,0.18,56,5,3,101,4,4,20,3,14,79,2
2020-2021,03/07/2021,Syracuse,ACC,Clemson,W 3-2,5,NA,61,19,183,0.23,49,6,2,86,4,4,14,NA,11,78,3
2020-2021,03/12/2021,Syracuse,ACC,@ Miami (FL),Ppd,NA,NA,NA,NA,NA,NA,NA,NA,NA,NA,NA,NA,NA,NA,NA,NA,NA
2020-2021,03/13/2021,Syracuse,ACC,"Virginia @Miami, FL",Ppd,NA,NA,NA,NA,NA,NA,NA,NA,NA,NA,NA,NA,NA,NA,NA,NA,NA
2020-2021,03/20/2021,Syracuse,ACC,"Georgia Tech @Blacksburg, VA",L 0-3,3,NA,24,14,98,0.102,22,NA,7,39,7,1,6,1,4,28,3
2020-2021,03/21/2021,Syracuse,ACC,@ Virginia Tech,L 2-3,5,NA,55,27,167,0.168,48,6,6,63,4,2,18,2,11,72,2
2020-2021,03/26/2021,Syracuse,ACC,Wake Forest,W 3-0,3,NA,44,12,98,0.327,36,6,7,49,4,NA,14,5,7,57,1
2020-2021,03/28/2021,Syracuse,ACC,Duke,W 3-2,5,NA,54,33,167,0.126,49,4,7,74,NA,1,20,5,11,69,NA
2020-2021,04/01/2021,Syracuse,ACC,@ Florida St.,L 0-3,3,NA,33,18,112,0.134,23,1,7,24,4,NA,4,NA,2,36,1
2020-2021,04/02/2021,Syracuse,ACC,@ Florida St.,L 0-3,3,NA,22,18,108,0.037,17,1,3,37,8,NA,4,5,2,25,2
2020-2021,09/18/2020,Virginia,ACC,The Citadel,W 3-0,3,NA,37,15,113,0.195,35,4,6,56,3,3,8,1,7,48,2
2020-2021,10/02/2020,Virginia,ACC,Duke,L 0-3,3,NA,33,16,110,0.155,33,5,3,49,6,NA,4,1,2,40,NA
2020-2021,10/16/2020,Virginia,ACC,@ Virginia Tech,L 1-3,4,NA,52,32,131,0.153,50,7,6,45,11,1,6,NA,4,63,1
2020-2021,10/18/2020,Virginia,ACC,@ Virginia Tech,L 1-3,4,NA,46,22,139,0.173,42,4,11,57,9,NA,20,1,10,60,2
2020-2021,10/23/2020,Virginia,ACC,NC State,L 1-3,4,NA,50,22,141,0.199,46,1,9,55,4,1,14,2,8,59,1
2020-2021,10/24/2020,Virginia,ACC,NC State,L 1-3,4,NA,52,28,156,0.154,50,3,11,71,8,NA,26,3,13,68,1
2020-2021,10/30/2020,Virginia,ACC,@ Duke,L 0-3,3,NA,40,22,117,0.154,37,2,6,52,7,1,6,NA,4,46,NA
2020-2021,10/31/2020,Virginia,ACC,@ North Carolina,L 1-3,4,NA,47,21,132,0.197,46,4,7,44,5,3,16,2,11,62,NA
2020-2021,11/01/2020,Virginia,ACC,@ North Carolina,L 1-3,4,NA,51,25,137,0.19,51,4,7,41,9,1,16,2,9,64,NA
2020-2021,02/19/2021,Virginia,ACC,UMBC,Ppd,NA,NA,NA,NA,NA,NA,NA,NA,NA,NA,NA,NA,NA,NA,NA,NA,NA
2020-2021,02/26/2021,Virginia,ACC,Old Dominion,W 3-0,3,NA,40,13,87,0.31,35,6,9,39,4,6,6,NA,9,55,3
2020-2021,03/06/2021,Virginia,ACC,@ Pittsburgh,L 1-3,4,NA,48,31,152,0.112,39,6,8,54,7,3,12,1,9,63,NA
2020-2021,03/07/2021,Virginia,ACC,"Georgia Tech @Pittsburgh, PA",L 0-3,3,NA,39,14,101,0.248,37,2,8,36,7,1,8,4,5,46,NA
2020-2021,03/13/2021,Virginia,ACC,"Syracuse @Miami, FL",Ppd,NA,NA,NA,NA,NA,NA,NA,NA,NA,NA,NA,NA,NA,NA,NA,NA,NA
2020-2021,03/13/2021,Virginia,ACC,@ Miami (FL),L 0-3,3,NA,22,18,78,0.051,17,2,10,20,5,2,2,NA,3,27,NA
2020-2021,03/14/2021,Virginia,ACC,@ Miami (FL),L 0-3,3,NA,32,12,90,0.222,26,3,8,35,10,NA,12,NA,6,41,3
2020-2021,09/17/2020,Virginia Tech,ACC,The Citadel,W 3-0,3,NA,35,11,69,0.348,35,9,8,28,2,3,12,NA,9,53,NA
2020-2021,09/24/2020,Virginia Tech,ACC,North Carolina,L 1-3,4,NA,49,27,143,0.154,44,NA,14,58,6,NA,12,3,6,55,1
2020-2021,09/25/2020,Virginia Tech,ACC,North Carolina,W 3-2,5,NA,65,19,155,0.297,59,3,12,60,7,3,16,1,11,79,2
2020-2021,10/16/2020,Virginia Tech,ACC,Virginia,W 3-1,4,NA,57,27,144,0.208,55,11,11,43,7,1,16,3,9,77,2
2020-2021,10/18/2020,Virginia Tech,ACC,Virginia,W 3-1,4,NA,49,25,144,0.167,49,9,8,64,4,1,14,1,8,66,NA
2020-2021,10/24/2020,Virginia Tech,ACC,@ Duke,W 3-2,5,NA,60,17,149,0.289,52,5,8,54,6,1,14,2,8,73,1
2020-2021,10/25/2020,Virginia Tech,ACC,@ Duke,L 1-3,4,NA,46,23,152,0.151,44,2,5,63,5,1,20,3,11,59,2
2020-2021,10/29/2020,Virginia Tech,ACC,@ NC State,L 0-3,3,NA,30,20,113,0.088,28,1,6,49,3,1,16,NA,9,40,2
2020-2021,10/30/2020,Virginia Tech,ACC,@ NC State,L 0-3,3,NA,24,20,101,0.04,23,2,9,38,7,NA,10,2,5,31,NA
2020-2021,03/05/2021,Virginia Tech,ACC,@ Louisville,Ppd,NA,NA,NA,NA,NA,NA,NA,NA,NA,NA,NA,NA,NA,NA,NA,NA,NA
2020-2021,03/06/2021,Virginia Tech,ACC,"Wake Forest @Louisville, KY",Ppd,NA,NA,NA,NA,NA,NA,NA,NA,NA,NA,NA,NA,NA,NA,NA,NA,NA
2020-2021,03/13/2021,Virginia Tech,ACC,"Notre Dame @Tallahassee, FL",L 0-3,3,NA,30,10,113,0.177,29,4,10,36,6,NA,NA,NA,NA,34,NA
2020-2021,03/14/2021,Virginia Tech,ACC,@ Florida St.,L 1-3,4,NA,43,20,146,0.158,39,3,5,46,6,1,14,1,8,54,NA
2020-2021,03/19/2021,Virginia Tech,ACC,Georgia Tech,L 0-3,3,NA,26,16,92,0.109,24,5,7,28,8,NA,2,1,1,32,2
2020-2021,03/21/2021,Virginia Tech,ACC,Syracuse,W 3-2,5,NA,67,17,171,0.292,63,4,16,68,6,2,16,NA,10,81,4
2020-2021,03/27/2021,Virginia Tech,ACC,"Miami (FL) @Brookline, MA",L 1-3,4,NA,49,18,148,0.209,45,3,5,59,4,1,14,NA,8,60,1
2020-2021,03/28/2021,Virginia Tech,ACC,@ Boston College,L 0-3,3,NA,35,18,106,0.16,31,3,7,36,5,2,4,2,4,42,1
2020-2021,04/02/2021,Virginia Tech,ACC,"Pittsburgh @Clemson, SC",L 0-3,3,NA,24,18,96,0.063,24,3,7,30,2,5,10,2,10,37,NA
2020-2021,04/03/2021,Virginia Tech,ACC,@ Clemson,L 1-3,4,NA,48,23,137,0.182,45,4,8,38,6,1,8,1,5,57,NA
2020-2021,10/02/2020,Wake Forest,ACC,Miami (FL),L 1-3,4,NA,52,21,123,0.252,44,3,12,44,10,1,6,NA,4,59,1
2020-2021,10/03/2020,Wake Forest,ACC,Miami (FL),L 1-3,4,NA,39,21,115,0.157,29,8,13,37,9,NA,8,NA,4,51,4
2020-2021,10/14/2020,Wake Forest,ACC,Georgia Tech,L 0-3,3,NA,19,17,81,0.025,15,2,4,27,7,1,8,NA,5,26,3
2020-2021,10/15/2020,Wake Forest,ACC,Georgia Tech,L 0-3,3,NA,21,18,85,0.035,19,1,6,23,8,2,2,NA,3,25,1
2020-2021,10/29/2020,Wake Forest,ACC,@ Clemson,L 1-3,4,NA,61,15,142,0.324,54,4,4,51,11,1,16,2,9,74,1
2020-2021,10/30/2020,Wake Forest,ACC,@ Clemson,L 1-3,4,NA,43,26,114,0.149,39,3,5,36,8,2,16,2,10,56,1
2020-2021,03/06/2021,Wake Forest,ACC,"Virginia Tech @Louisville, KY",Ppd,NA,NA,NA,NA,NA,NA,NA,NA,NA,NA,NA,NA,NA,NA,NA,NA,NA
2020-2021,03/06/2021,Wake Forest,ACC,@ Louisville,L 0-3,3,NA,24,16,74,0.108,19,NA,9,20,5,1,6,NA,4,28,NA
2020-2021,03/07/2021,Wake Forest,ACC,@ Louisville,Ppd,NA,NA,NA,NA,NA,NA,NA,NA,NA,NA,NA,NA,NA,NA,NA,NA,NA
2020-2021,03/07/2021(1),Wake Forest,ACC,@ Louisville,L 0-3,3,NA,29,15,79,0.177,27,3,8,18,4,1,8,2,5,37,NA
2020-2021,03/12/2021,Wake Forest,ACC,Pittsburgh,L 0-3,3,NA,30,16,81,0.173,26,2,10,20,8,3,14,NA,10,42,2
2020-2021,03/14/2021,Wake Forest,ACC,NC State,L 1-3,4,NA,46,13,105,0.314,41,4,7,41,9,2,26,NA,15,65,NA
2020-2021,03/19/2021,Wake Forest,ACC,@ North Carolina,L 1-3,4,NA,53,22,129,0.24,47,6,6,49,10,NA,6,NA,3,62,3
2020-2021,03/20/2021,Wake Forest,ACC,"Notre Dame @Chapel Hill, NC",L 0-3,3,NA,40,16,107,0.224,38,4,6,35,4,2,8,2,6,50,NA
2020-2021,03/26/2021,Wake Forest,ACC,@ Syracuse,L 0-3,3,NA,28,17,100,0.11,25,4,5,35,6,3,6,4,6,38,3
2020-2021,03/27/2021,Wake Forest,ACC,"Duke @Syracuse, NY",W 3-2,5,NA,60,31,166,0.175,56,3,9,72,6,NA,16,2,8,71,NA
2020-2021,04/01/2021,Wake Forest,ACC,Boston College,L 1-3,4,NA,45,26,119,0.16,42,3,11,39,12,1,16,NA,9,57,NA
2020-2021,04/02/2021,Wake Forest,ACC,Boston College,L 2-3,5,NA,66,29,160,0.231,57,3,5,57,10,3,14,NA,10,79,NA
2020-2021,01/24/2021,Bellarmine,ASUN,"Mercer @Bowling Green, KY",W 3-0,3,NA,38,14,105,0.229,35,6,4,42,3,2,8,2,6,50,NA
2020-2021,,Bellarmine,ASUN,Defensive Totals,,3,NA,31,19,106,0.113,28,3,9,41,6,2,4,2,4,38,3
2020-2021,01/24/2021,Bellarmine,ASUN,@ Western Ky.,L 0-3,3,NA,32,20,107,0.112,29,NA,4,36,1,NA,2,3,1,33,NA
2020-2021,01/30/2021,Bellarmine,ASUN,Xavier,L 1-3,4,NA,54,28,161,0.161,48,3,3,69,6,2,10,1,7,64,NA
2020-2021,01/31/2021,Bellarmine,ASUN,Butler,L 2-3,5,NA,60,34,171,0.152,57,5,5,69,8,3,18,1,12,77,NA
2020-2021,02/05/2021,Bellarmine,ASUN,Kennesaw St.,L 2-3,5,NA,51,25,144,0.181,47,2,6,63,10,2,16,NA,10,63,1
2020-2021,02/06/2021,Bellarmine,ASUN,Kennesaw St.,L 0-3,3,NA,32,21,105,0.105,30,2,3,38,3,NA,2,NA,1,35,3
2020-2021,02/13/2021,Bellarmine,ASUN,@ Kennesaw St.,L 0-3,3,NA,23,26,101,-0.03,22,2,1,34,2,NA,10,NA,5,30,NA
2020-2021,02/14/2021,Bellarmine,ASUN,@ Kennesaw St.,L 1-3,4,NA,38,19,114,0.167,37,5,2,41,7,2,10,NA,7,50,NA
2020-2021,02/26/2021,Bellarmine,ASUN,@ Lipscomb,L 0-3,3,NA,32,20,115,0.104,28,2,1,47,4,NA,6,1,3,37,NA
2020-2021,02/27/2021,Bellarmine,ASUN,@ Lipscomb,L 0-3,3,NA,30,17,106,0.123,29,3,2,31,4,2,2,NA,3,36,2
2020-2021,03/06/2021,Bellarmine,ASUN,@ North Ala.,W 3-2,5,NA,63,NA,177,0.158,62,5,7,86,6,NA,18,1,9,77,3
2020-2021,03/07/2021,Bellarmine,ASUN,@ North Ala.,W 3-2,5,NA,68,27,189,0.217,64,4,4,94,8,1,6,1,4,76,1
2020-2021,03/12/2021,Bellarmine,ASUN,Liberty,W 3-1,4,NA,52,28,155,0.155,50,5,2,70,4,2,13,1,8.5,65.5,NA
2020-2021,03/13/2021,Bellarmine,ASUN,Liberty,L 0-3,3,NA,32,22,127,0.079,30,3,3,57,4,3,8,NA,7,42,1
2020-2021,03/19/2021,Bellarmine,ASUN,Lipscomb,L 1-3,4,NA,40,29,126,0.087,40,1,6,60,8,2,4,1,4,45,2
2020-2021,03/20/2021,Bellarmine,ASUN,Lipscomb,L 0-3,3,NA,30,18,107,0.112,30,2,5,40,4,2,8,1,6,38,NA
2020-2021,03/27/2021,Bellarmine,ASUN,@#1 Lipscomb 20-21 WVB ASUN Volleyball Championship,L 0-3,3,NA,34,18,91,0.176,33,1,2,33,7,NA,4,1,2,37,1
2020-2021,01/29/2021,FGCU,ASUN,@ South Fla.,W 3-2,5,NA,59,27,150,0.213,58,9,9,60,8,4,22,NA,15,83,NA
2020-2021,01/30/2021,FGCU,ASUN,@ South Fla.,W 3-0,3,NA,43,8,107,0.327,40,8,5,40,6,2,10,NA,7,58,NA
2020-2021,02/12/2021,FGCU,ASUN,@ Stetson,Ppd,NA,NA,NA,NA,NA,NA,NA,NA,NA,NA,NA,NA,NA,NA,NA,NA,NA
2020-2021,02/13/2021,FGCU,ASUN,@ Stetson,Ppd,NA,NA,NA,NA,NA,NA,NA,NA,NA,NA,NA,NA,NA,NA,NA,NA,NA
2020-2021,02/14/2021,FGCU,ASUN,@ North Florida,L 1-3,4,NA,55,25,165,0.182,49,4,13,56,6,NA,20,3,10,69,NA
2020-2021,02/15/2021,FGCU,ASUN,@ North Florida,W 3-0,3,NA,42,11,94,0.33,40,8,2,55,3,1,14,2,8,58,1
2020-2021,02/20/2021,FGCU,ASUN,@ Stetson,W 3-0,3,NA,51,11,116,0.345,44,4,6,51,1,2,8,NA,6,61,1
2020-2021,02/21/2021,FGCU,ASUN,@ Stetson,W 3-0,3,NA,47,13,118,0.288,46,1,9,57,1,3,8,2,7,55,1
2020-2021,02/26/2021,FGCU,ASUN,Jacksonville,W 3-0,3,NA,42,11,101,0.307,38,5,7,47,3,1,16,NA,9,56,NA
2020-2021,02/27/2021,FGCU,ASUN,Jacksonville,W 3-0,3,NA,35,15,93,0.215,32,7,3,39,1,NA,22,1,11,53,2
2020-2021,03/06/2021,FGCU,ASUN,North Florida,L 0-3,3,NA,40,17,116,0.198,35,4,5,39,8,2,10,1,7,51,NA
2020-2021,03/07/2021,FGCU,ASUN,North Florida,W 3-1,4,NA,58,21,152,0.243,53,2,11,72,4,1,18,NA,10,70,1
2020-2021,03/12/2021,FGCU,ASUN,Stetson,W 3-0,3,NA,45,15,108,0.278,42,6,5,46,2,1,14,NA,8,59,1
2020-2021,03/13/2021,FGCU,ASUN,Stetson,W 3-0,3,NA,56,12,119,0.37,51,3,8,54,NA,NA,6,2,3,62,NA
2020-2021,03/19/2021,FGCU,ASUN,@ Jacksonville,W 3-2,5,NA,60,26,164,0.207,59,9,8,64,5,1,24,1,13,82,NA
2020-2021,03/20/2021,FGCU,ASUN,@ Jacksonville,W 3-0,3,NA,53,11,126,0.333,45,4,7,51,2,1,8,NA,5,62,NA
2020-2021,03/27/2021,FGCU,ASUN,#4 Jacksonville 20-21 WVB ASUN Volleyball Championship,W 3-0,3,NA,47,7,87,0.46,45,4,4,47,1,1,12,NA,7,58,NA
2020-2021,04/02/2021,FGCU,ASUN,"#2 Kennesaw St. @Kennesaw, GA (20-21 WVB ASUN Volleyball Championship)",W 3-0,3,NA,37,12,85,0.294,36,2,6,42,2,1,19,NA,10.5,49.5,NA
2020-2021,04/03/2021,FGCU,ASUN,"#1 Lipscomb @Kennesaw, GA (20-21 WVB ASUN Volleyball Championship)",L 2-3,5,NA,62,29,171,0.193,59,6,9,60,9,NA,20,2,10,78,1
2020-2021,01/22/2021,Jacksonville,ASUN,@ Davidson,L 0-3,3,NA,34,21,123,0.106,31,9,10,41,6,1,4,3,3,46,NA
2020-2021,01/22/2021(2),Jacksonville,ASUN,@ Wofford,Canceled,NA,NA,NA,NA,NA,NA,NA,NA,NA,NA,NA,NA,NA,NA,NA,NA,NA
2020-2021,01/27/2021,Jacksonville,ASUN,@ FIU,W 3-2,5,NA,53,31,175,0.126,49,9,12,68,8,2,16,3,10,72,NA
2020-2021,02/02/2021,Jacksonville,ASUN,@ Ga. Southern,W 3-0,3,NA,41,13,111,0.252,38,3,5,55,2,4,8,3,8,52,NA
2020-2021,02/09/2021,Jacksonville,ASUN,UCF,L 0-3,3,NA,22,17,102,0.049,21,1,4,45,8,1,14,NA,8,31,NA
2020-2021,02/20/2021,Jacksonville,ASUN,North Florida,L 0-3,3,NA,34,21,105,0.124,30,3,11,33,6,3,4,NA,5,42,NA
2020-2021,02/21/2021,Jacksonville,ASUN,North Florida,L 0-3,3,NA,31,17,105,0.133,26,3,10,41,6,3,6,NA,6,40,NA
2020-2021,02/26/2021,Jacksonville,ASUN,@ FGCU,L 0-3,3,NA,27,23,104,0.038,26,3,4,43,5,1,6,NA,4,34,1
2020-2021,02/27/2021,Jacksonville,ASUN,@ FGCU,L 0-3,3,NA,23,24,97,-0.01,20,1,7,38,7,NA,4,NA,2,26,2
2020-2021,03/05/2021,Jacksonville,ASUN,@ Stetson,L 1-3,4,NA,46,28,168,0.107,43,4,6,71,5,1,2,1,2,52,NA
2020-2021,03/06/2021,Jacksonville,ASUN,@ Stetson,L 0-3,3,NA,27,20,130,0.054,26,3,10,49,2,2,4,3,4,34,NA
2020-2021,03/10/2021,Jacksonville,ASUN,Stetson,L 1-3,4,NA,50,21,161,0.18,42,8,6,73,5,1,8,NA,5,63,NA
2020-2021,03/12/2021,Jacksonville,ASUN,@ North Florida,L 1-3,4,NA,46,17,136,0.213,43,5,13,49,11,1,14,3,8,59,1
2020-2021,03/13/2021,Jacksonville,ASUN,@ North Florida,L 2-3,5,NA,50,23,182,0.148,46,7,11,83,7,3,8,2,7,64,NA
2020-2021,03/17/2021,Jacksonville,ASUN,Stetson,W 3-2,5,NA,72,26,190,0.242,NA,9,13,80,6,5,18,NA,14,NA,NA
2020-2021,03/19/2021,Jacksonville,ASUN,FGCU,L 2-3,5,NA,58,30,165,0.17,54,5,6,67,9,3,18,NA,12,75,NA
2020-2021,03/20/2021,Jacksonville,ASUN,FGCU,L 0-3,3,NA,38,12,111,0.234,34,2,4,56,4,2,4,NA,4,44,NA
2020-2021,03/27/2021,Jacksonville,ASUN,@#1 FGCU 20-21 WVB ASUN Volleyball Championship,L 0-3,3,NA,21,18,92,0.033,20,1,3,32,4,NA,NA,NA,NA,22,3
2020-2021,01/22/2021,Kennesaw St.,ASUN,UAB,Canceled,NA,NA,NA,NA,NA,NA,NA,NA,NA,NA,NA,NA,NA,NA,NA,NA,NA
2020-2021,01/24/2021,Kennesaw St.,ASUN,@ UAB,Canceled,NA,NA,NA,NA,NA,NA,NA,NA,NA,NA,NA,NA,NA,NA,NA,NA,NA
2020-2021,02/05/2021,Kennesaw St.,ASUN,@ Bellarmine,W 3-2,5,NA,61,29,160,0.2,60,10,10,53,2,NA,12,3,6,77,3
2020-2021,02/06/2021,Kennesaw St.,ASUN,@ Bellarmine,W 3-0,3,NA,45,8,99,0.374,44,3,6,45,2,1,14,NA,8,56,NA
2020-2021,02/13/2021,Kennesaw St.,ASUN,Bellarmine,W 3-0,3,NA,45,16,100,0.29,44,2,9,44,2,3,18,NA,12,59,NA
2020-2021,02/14/2021,Kennesaw St.,ASUN,Bellarmine,W 3-1,4,NA,65,23,139,0.302,59,7,14,45,5,2,14,2,9,81,NA
2020-2021,02/14/2021,Kennesaw St.,ASUN,@ Col. of Charleston,Ppd,NA,NA,NA,NA,NA,NA,NA,NA,NA,NA,NA,NA,NA,NA,NA,NA,NA
2020-2021,02/19/2021,Kennesaw St.,ASUN,@ Liberty,W 3-1,4,NA,55,23,140,0.229,48,7,11,54,1,1,12,4,7,69,NA
2020-2021,02/20/2021,Kennesaw St.,ASUN,@ Liberty,W 3-1,4,NA,59,20,139,0.281,54,NA,NA,50,5,2,6,1,5,77,2
2020-2021,02/26/2021,Kennesaw St.,ASUN,North Ala.,W 3-0,3,NA,41,14,88,0.307,37,11,5,40,1,1,16,NA,9,61,NA
2020-2021,02/28/2021,Kennesaw St.,ASUN,North Ala.,W 3-0,3,NA,35,12,79,0.291,33,8,10,37,2,1,20,NA,11,54,NA
2020-2021,03/05/2021,Kennesaw St.,ASUN,Liberty,W 3-0,3,NA,45,16,107,0.271,39,5,14,37,4,1,22,1,12,62,NA
2020-2021,03/06/2021,Kennesaw St.,ASUN,Liberty,W 3-1,4,NA,55,22,134,0.246,47,8,12,52,3,2,14,1,9,72,NA
2020-2021,03/12/2021,Kennesaw St.,ASUN,@ Lipscomb,L 0-3,3,NA,35,27,108,0.074,33,2,6,47,2,NA,8,3,4,41,NA
2020-2021,03/13/2021,Kennesaw St.,ASUN,@ Lipscomb,L 1-3,4,NA,50,19,144,0.215,48,2,8,50,6,NA,12,2,6,58,NA
2020-2021,03/27/2021,Kennesaw St.,ASUN,#3 Liberty 20-21 WVB ASUN Volleyball Championship,W 3-0,3,NA,40,13,82,0.329,38,7,9,40,5,1,14,1,8,55,NA
2020-2021,04/02/2021,Kennesaw St.,ASUN,"#1 FGCU @Kennesaw, GA (20-21 WVB ASUN Volleyball Championship)",L 0-3,3,NA,35,23,104,0.115,31,2,11,25,2,1,4,1,3,40,1
2020-2021,01/22/2021,Liberty,ASUN,VCU,L 0-3,3,NA,33,19,97,0.144,30,2,4,41,6,1,11,4,6.5,41.5,NA
2020-2021,01/29/2021,Liberty,ASUN,Old Dominion,Canceled,NA,NA,NA,NA,NA,NA,NA,NA,NA,NA,NA,NA,NA,NA,NA,NA,NA
2020-2021,02/06/2021,Liberty,ASUN,Lipscomb,L 0-3,3,NA,37,21,97,0.165,35,1,8,37,9,NA,15,1,7.5,45.5,1
2020-2021,02/07/2021,Liberty,ASUN,Lipscomb,L 1-3,4,NA,46,24,121,0.182,45,6,12,35,7,1,19,2,10.5,62.5,2
2020-2021,02/13/2021,Liberty,ASUN,@ North Ala.,W 3-0,3,NA,42,16,98,0.265,34,4,9,50,4,2,17,3,10.5,56.5,NA
2020-2021,02/14/2021,Liberty,ASUN,@ North Ala.,W 3-0,3,NA,43,12,120,0.258,39,10,8,53,3,1,8,2,5,58,1
2020-2021,02/19/2021,Liberty,ASUN,Kennesaw St.,L 1-3,4,NA,48,20,129,0.217,45,1,12,52,7,1,NA,1,NA,65,2
2020-2021,02/20/2021,Liberty,ASUN,Kennesaw St.,L 1-3,4,NA,40,14,111,0.234,37,5,9,47,NA,NA,22,2,11,56,NA
2020-2021,03/05/2021,Liberty,ASUN,@ Kennesaw St.,L 0-3,3,NA,27,20,87,0.08,27,4,6,38,5,2,8,NA,6,37,NA
2020-2021,03/06/2021,Liberty,ASUN,@ Kennesaw St.,L 1-3,4,NA,45,22,131,0.176,42,3,10,49,8,NA,16,NA,8,56,NA
2020-2021,03/12/2021,Liberty,ASUN,@ Bellarmine,L 1-3,4,NA,54,24,161,0.186,49,4,13,64,5,NA,22,NA,11,69,NA
2020-2021,03/13/2021,Liberty,ASUN,@ Bellarmine,W 3-0,3,NA,46,17,134,0.216,42,4,10,55,3,1,22,2,12,62,NA
2020-2021,03/19/2021,Liberty,ASUN,North Ala.,W 3-0,3,NA,54,17,127,0.291,50,5,6,61,5,1,8,1,5,64,1
2020-2021,03/20/2021,Liberty,ASUN,North Ala.,W 3-0,3,NA,42,22,104,0.192,40,9,2,42,5,1,14,1,8,59,NA
2020-2021,03/27/2021,Liberty,ASUN,@#2 Kennesaw St. 20-21 WVB ASUN Volleyball Championship,L 0-3,3,NA,25,17,90,0.089,24,5,6,28,7,2,20,2,12,42,NA
2020-2021,01/22/2021,Lipscomb,ASUN,@ Middle Tenn.,W 3-0,3,NA,49,10,92,0.424,45,5,8,42,NA,NA,8,1,4,58,2
2020-2021,01/24/2021,Lipscomb,ASUN,Middle Tenn.,W 3-1,4,NA,60,12,117,0.41,56,6,9,53,4,NA,18,1,9,75,NA
2020-2021,01/29/2021,Lipscomb,ASUN,UAB,W 3-0,3,NA,40,23,104,0.163,34,9,6,46,NA,NA,12,2,6,55,1
2020-2021,01/30/2021,Lipscomb,ASUN,@ UAB,L 0-3,3,NA,28,18,107,0.093,22,6,5,42,5,1,8,NA,5,39,NA
2020-2021,02/06/2021,Lipscomb,ASUN,@ Liberty,W 3-0,3,NA,36,16,96,0.208,32,9,3,38,1,3,8,3,7,52,1
2020-2021,02/07/2021,Lipscomb,ASUN,@ Liberty,W 3-1,4,NA,50,24,118,0.22,41,7,2,43,6,1,14,3,8,65,NA
2020-2021,02/22/2021,Lipscomb,ASUN,North Ala.,W 3-0,3,NA,49,15,90,0.378,45,9,10,40,3,1,2,3,2,60,2
2020-2021,02/23/2021,Lipscomb,ASUN,@ North Ala.,L 1-3,4,NA,59,28,158,0.196,52,4,NA,54,6,NA,10,NA,5,68,1
2020-2021,02/26/2021,Lipscomb,ASUN,Bellarmine,W 3-0,3,NA,50,10,116,0.345,48,4,5,55,2,1,12,1,7,61,2
2020-2021,02/27/2021,Lipscomb,ASUN,Bellarmine,W 3-0,3,NA,52,15,106,0.349,50,4,11,48,3,1,8,4,5,61,NA
2020-2021,03/02/2021,Lipscomb,ASUN,@ North Ala.,W 3-0,3,NA,51,22,109,0.266,48,5,5,46,1,NA,8,NA,4,60,1
2020-2021,03/03/2021,Lipscomb,ASUN,North Ala.,W 3-0,3,NA,45,13,88,0.364,42,9,6,41,2,2,8,1,6,60,NA
2020-2021,03/12/2021,Lipscomb,ASUN,Kennesaw St.,W 3-0,3,NA,38,10,111,0.252,38,2,11,40,2,1,10,1,6,46,3
2020-2021,03/13/2021,Lipscomb,ASUN,Kennesaw St.,W 3-1,4,NA,66,20,152,0.303,53,6,6,64,2,1,12,1,7,79,NA
2020-2021,03/19/2021,Lipscomb,ASUN,@ Bellarmine,W 3-1,4,NA,49,19,133,0.226,45,8,11,50,1,1,14,3,8,65,1
2020-2021,03/20/2021,Lipscomb,ASUN,@ Bellarmine,W 3-0,3,NA,53,15,115,0.33,50,4,9,48,2,1,12,1,7,64,1
2020-2021,03/27/2021,Lipscomb,ASUN,#4 Bellarmine 20-21 WVB ASUN Volleyball Championship,W 3-0,3,NA,46,11,97,0.361,42,7,7,33,1,NA,12,3,6,59,NA
2020-2021,04/02/2021,Lipscomb,ASUN,"#2 North Florida @Kennesaw, GA (20-21 WVB ASUN Volleyball Championship)",W 3-1,4,NA,62,27,163,0.215,59,9,12,59,5,3,14,5,10,81,1
2020-2021,04/03/2021,Lipscomb,ASUN,"#1 FGCU @Kennesaw, GA (20-21 WVB ASUN Volleyball Championship)",W 3-2,5,NA,63,27,166,0.217,58,9,11,69,6,2,22,1,13,85,1
2020-2021,04/14/2021,Lipscomb,ASUN,"Georgia Tech @Omaha, NE (2020 NCAA DI Women's Volleyball Championship)",L 1-3,4,NA,57,18,159,0.245,54,5,4,57,3,2,6,4,5,67,NA
2020-2021,01/22/2021,North Ala.,ASUN,@ Chattanooga,L 0-3,3,NA,27,22,114,0.044,25,2,4,46,3,1,21,1,11.5,40.5,NA
2020-2021,01/29/2021,North Ala.,ASUN,Middle Tenn.,Canceled,NA,NA,NA,NA,NA,NA,NA,NA,NA,NA,NA,NA,NA,NA,NA,NA,NA
2020-2021,01/31/2021,North Ala.,ASUN,@ Middle Tenn.,Canceled,NA,NA,NA,NA,NA,NA,NA,NA,NA,NA,NA,NA,NA,NA,NA,NA,NA
2020-2021,02/13/2021,North Ala.,ASUN,Liberty,L 0-3,3,NA,30,23,109,0.064,21,4,5,37,4,NA,10,1,5,39,2
2020-2021,02/14/2021,North Ala.,ASUN,Liberty,L 0-3,3,NA,32,15,112,0.152,28,3,5,47,10,NA,12,NA,6,41,1
2020-2021,02/22/2021,North Ala.,ASUN,@ Lipscomb,L 0-3,3,NA,17,8,69,0.13,17,3,9,21,9,NA,16,4,8,28,NA
2020-2021,02/23/2021,North Ala.,ASUN,Lipscomb,W 3-1,4,NA,40,17,123,0.187,35,6,8,52,4,NA,10,NA,5,51,1
2020-2021,02/26/2021,North Ala.,ASUN,@ Kennesaw St.,L 0-3,3,NA,20,15,80,0.063,18,1,8,29,11,2,4,1,4,25,NA
2020-2021,02/28/2021,North Ala.,ASUN,@ Kennesaw St.,L 0-3,3,NA,15,20,73,-0.068,12,2,9,26,8,1,6,1,4,21,NA
2020-2021,03/02/2021,North Ala.,ASUN,Lipscomb,L 0-3,3,NA,25,10,89,0.169,23,1,9,29,5,2,14,NA,9,35,NA
2020-2021,03/03/2021,North Ala.,ASUN,@ Lipscomb,L 0-3,3,NA,18,18,82,NA,16,2,2,24,9,2,12,2,8,28,1
2020-2021,03/06/2021,North Ala.,ASUN,Bellarmine,L 2-3,5,NA,49,22,168,0.161,43,6,NA,62,5,2,26,4,15,70,NA
2020-2021,03/07/2021,North Ala.,ASUN,Bellarmine,L 2-3,5,NA,51,25,177,0.147,49,8,6,72,4,1,18,NA,10,69,1
2020-2021,03/11/2021,North Ala.,ASUN,@ Middle Tenn.,L 1-3,4,NA,32,21,113,0.097,30,5,4,48,5,NA,20,NA,10,47,NA
2020-2021,03/19/2021,North Ala.,ASUN,@ Liberty,L 0-3,3,NA,29,13,108,0.148,27,5,3,49,5,4,10,3,9,43,NA
2020-2021,03/20/2021,North Ala.,ASUN,@ Liberty,L 0-3,3,NA,35,16,96,0.198,33,5,8,34,9,1,22,5,12,52,NA
2020-2021,01/22/2021,North Florida,ASUN,South Fla.,L 2-3,5,NA,47,29,168,0.107,43,4,12,79,10,2,24,6,14,65,1
2020-2021,01/23/2021,North Florida,ASUN,@ South Fla.,L 1-3,4,NA,40,21,110,0.173,38,7,10,51,7,2,8,2,6,53,1
2020-2021,01/30/2021,North Florida,ASUN,@ UCF,L 0-3,3,NA,32,27,112,0.045,30,2,3,41,1,3,4,NA,5,39,1
2020-2021,01/31/2021,North Florida,ASUN,@ UCF,L 0-3,3,NA,39,22,98,0.173,32,4,7,44,6,1,2,1,2,45,NA
2020-2021,02/09/2021,North Florida,ASUN,@ Ga. Southern,W 3-0,3,NA,41,12,97,0.299,38,9,8,47,4,1,8,NA,5,55,1
2020-2021,02/12/2021,North Florida,ASUN,Clemson,L 2-3,5,NA,66,32,192,0.177,54,4,12,74,4,2,18,2,11,81,1
2020-2021,02/14/2021,North Florida,ASUN,FGCU,W 3-1,4,NA,55,24,146,0.212,52,6,9,72,4,1,11,2,6.5,67.5,1
2020-2021,02/15/2021,North Florida,ASUN,FGCU,L 0-3,3,NA,25,16,100,0.09,23,3,9,36,8,1,6,1,4,32,NA
2020-2021,02/20/2021,North Florida,ASUN,@ Jacksonville,W 3-0,3,NA,36,17,94,0.202,34,6,5,44,3,NA,14,NA,7,49,NA
2020-2021,02/21/2021,North Florida,ASUN,@ Jacksonville,W 3-0,3,NA,40,9,96,0.323,34,6,9,46,3,1,12,NA,7,53,NA
2020-2021,02/25/2021,North Florida,ASUN,@ Stetson,W 3-2,5,NA,62,20,199,0.211,53,5,9,96,4,5,18,2,14,81,1
2020-2021,02/26/2021,North Florida,ASUN,@ Stetson,L 0-3,3,NA,38,23,120,0.125,36,5,3,43,1,1,10,3,6,49,1
2020-2021,03/06/2021,North Florida,ASUN,@ FGCU,W 3-0,3,NA,45,12,102,0.324,43,8,3,49,4,NA,4,2,2,55,1
2020-2021,03/07/2021,North Florida,ASUN,@ FGCU,L 1-3,4,NA,42,27,149,0.101,40,4,7,62,2,2,12,4,8,54,2
2020-2021,03/12/2021,North Florida,ASUN,Jacksonville,W 3-1,4,NA,51,23,128,0.219,50,11,13,57,5,NA,6,NA,3,65,NA
2020-2021,03/13/2021,North Florida,ASUN,Jacksonville,W 3-2,5,NA,68,29,197,0.198,61,7,8,93,7,1,6,1,4,79,NA
2020-2021,03/19/2021,North Florida,ASUN,Stetson,L 2-3,5,NA,NA,20,182,0.297,67,3,12,75,8,1,14,NA,8,85,NA
2020-2021,03/20/2021,North Florida,ASUN,Stetson,W 3-1,4,NA,62,30,189,0.169,61,6,7,92,5,1,20,4,11,79,NA
2020-2021,03/27/2021,North Florida,ASUN,#3 Stetson 20-21 WVB ASUN Volleyball Championship,W 3-0,3,NA,47,15,117,0.274,41,5,11,51,2,4,16,NA,12,64,2
2020-2021,04/02/2021,North Florida,ASUN,"#1 Lipscomb @Kennesaw, GA (20-21 WVB ASUN Volleyball Championship)",L 1-3,4,NA,55,27,152,0.184,50,5,3,61,9,6,10,1,11,71,1
2020-2021,01/28/2021,Stetson,ASUN,@ UCF,Canceled,NA,NA,NA,NA,NA,NA,NA,NA,NA,NA,NA,NA,NA,NA,NA,NA,NA
2020-2021,01/31/2021,Stetson,ASUN,Fla. Atlantic,W 3-1,4,NA,44,25,163,0.117,42,7,6,88,6,4,14,NA,11,62,NA
2020-2021,02/12/2021,Stetson,ASUN,FGCU,Ppd,NA,NA,NA,NA,NA,NA,NA,NA,NA,NA,NA,NA,NA,NA,NA,NA,NA
2020-2021,02/13/2021,Stetson,ASUN,FGCU,Ppd,NA,NA,NA,NA,NA,NA,NA,NA,NA,NA,NA,NA,NA,NA,NA,NA,NA
2020-2021,02/20/2021,Stetson,ASUN,FGCU,L 0-3,3,NA,27,15,104,0.115,29,1,5,50,4,NA,8,6,4,32,NA
2020-2021,02/21/2021,Stetson,ASUN,FGCU,L 0-3,3,NA,37,19,121,0.149,36,1,7,56,1,2,8,4,6,44,1
2020-2021,02/25/2021,Stetson,ASUN,North Florida,L 2-3,5,NA,63,29,NA,0.167,52,4,7,NA,5,3,8,2,7,74,NA
2020-2021,02/26/2021,Stetson,ASUN,North Florida,W 3-0,3,NA,48,14,117,0.291,45,1,4,58,5,1,14,2,8,57,2
2020-2021,03/05/2021,Stetson,ASUN,Jacksonville,W 3-1,4,NA,57,14,149,0.289,55,5,8,81,4,1,10,1,6,68,1
2020-2021,03/06/2021,Stetson,ASUN,Jacksonville,W 3-0,3,NA,41,14,107,0.252,40,2,3,70,3,3,6,3,6,49,2
2020-2021,03/10/2021,Stetson,ASUN,@ Jacksonville,W 3-1,4,NA,61,15,153,0.301,56,5,6,81,8,NA,12,NA,13,79,NA
2020-2021,03/12/2021,Stetson,ASUN,@ FGCU,L 0-3,3,NA,27,16,102,0.108,26,2,5,42,6,3,6,NA,6,35,2
2020-2021,03/13/2021,Stetson,ASUN,@ FGCU,L 0-3,3,NA,34,10,106,0.226,34,NA,2,43,3,NA,6,1,3,37,3
2020-2021,03/17/2021,Stetson,ASUN,@ Jacksonville,L 2-3,5,NA,58,28,184,0.163,55,6,4,77,9,5,14,NA,12,76,NA
2020-2021,03/19/2021,Stetson,ASUN,@ North Florida,W 3-2,5,NA,52,16,162,0.222,51,8,9,70,3,3,4,4,5,65,NA
2020-2021,03/20/2021,Stetson,ASUN,@ North Florida,L 1-3,4,NA,48,21,170,0.159,47,5,4,84,6,6,8,1,10,63,2
2020-2021,03/27/2021,Stetson,ASUN,@#2 North Florida 20-21 WVB ASUN Volleyball Championship,L 0-3,3,NA,25,24,110,0.009,24,2,2,45,5,2,6,4,5,32,NA
2020-2021,02/26/2021(1),Binghamton,America East,@ Hartford,Ppd,NA,NA,NA,NA,NA,NA,NA,NA,NA,NA,NA,NA,NA,NA,NA,NA,NA
2020-2021,02/26/2021(2),Binghamton,America East,@ Hartford,Ppd,NA,NA,NA,NA,NA,NA,NA,NA,NA,NA,NA,NA,NA,NA,NA,NA,NA
2020-2021,03/07/2021,Binghamton,America East,UMBC,L 0-3,3,NA,27,28,103,-0.01,23,4,7,31,5,NA,4,NA,2,33,NA
2020-2021,03/07/2021,Binghamton,America East,UAlbany,L 0-3,3,NA,39,20,109,0.174,32,1,11,45,5,NA,6,NA,3,43,1
2020-2021,03/14/2021,Binghamton,America East,"UAlbany @Baltimore, MD",L 0-3,3,NA,25,14,95,0.116,24,5,8,33,6,NA,12,1,6,36,2
2020-2021,03/14/2021,Binghamton,America East,@ UMBC,L 0-3,3,NA,31,17,96,0.146,30,9,3,25,NA,3,8,3,7,47,2
2020-2021,03/17/2021(1),Binghamton,America East,@ Hartford,L 0-3,3,NA,31,11,108,0.185,27,4,7,37,3,NA,8,NA,4,39,1
2020-2021,03/17/2021(2),Binghamton,America East,@ Hartford,L 1-3,4,NA,46,21,118,0.212,44,5,11,41,6,1,10,2,6,57,1
2020-2021,03/21/2021,Binghamton,America East,"New Hampshire @Newark, NJ",L 0-3,3,NA,26,18,107,0.075,23,2,6,49,8,NA,4,1,2,30,1
2020-2021,03/21/2021,Binghamton,America East,@ NJIT,L 2-3,5,NA,57,33,164,0.146,52,6,14,73,9,2,11,1,7.5,70.5,3
2020-2021,03/22/2021,Binghamton,America East,"New Hampshire @Newark, NJ",L 2-3,5,NA,50,28,148,0.149,43,8,9,56,9,2,8,2,6,64,1
2020-2021,03/22/2021,Binghamton,America East,@ NJIT,L 1-3,4,NA,47,22,139,0.18,40,6,6,50,NA,1,16,2,9,62,NA
2020-2021,03/28/2021(1),Binghamton,America East,Stony Brook,L 0-3,3,NA,37,18,120,0.158,31,7,NA,52,4,1,10,NA,6,50,1
2020-2021,03/28/2021(2),Binghamton,America East,Stony Brook,W 3-0,3,NA,48,15,119,0.277,43,7,16,43,5,1,10,NA,6,61,2
2020-2021,02/26/2021(1),Hartford,America East,Binghamton,Ppd,NA,NA,NA,NA,NA,NA,NA,NA,NA,NA,NA,NA,NA,NA,NA,NA,NA
2020-2021,02/26/2021(2),Hartford,America East,Binghamton,Ppd,NA,NA,NA,NA,NA,NA,NA,NA,NA,NA,NA,NA,NA,NA,NA,NA,NA
2020-2021,03/14/2021(1),Hartford,America East,NJIT,W 3-0,3,NA,45,7,99,0.384,42,6,10,43,3,1,16,1,9,60,2
2020-2021,03/14/2021(2),Hartford,America East,NJIT,W 3-0,3,NA,49,14,114,0.307,46,7,10,41,4,1,6,NA,4,60,1
2020-2021,03/17/2021(1),Hartford,America East,Binghamton,W 3-0,3,NA,53,14,109,0.358,50,3,8,60,4,1,14,NA,8,64,1
2020-2021,03/17/2021(2),Hartford,America East,Binghamton,W 3-1,4,NA,55,17,121,0.314,52,6,7,43,5,NA,12,2,6,67,NA
2020-2021,03/21/2021,Hartford,America East,@ UAlbany,L 0-3,3,NA,40,19,116,0.181,36,3,6,45,6,NA,4,1,2,45,1
2020-2021,03/21/2021,Hartford,America East,"Stony Brook @Albany, NY",L 1-3,4,NA,45,NA,174,0.023,39,3,3,74,7,1,2,2,2,50,2
2020-2021,03/22/2021,Hartford,America East,@ UAlbany,L 0-3,3,NA,34,27,122,0.057,32,3,4,49,3,1,12,2,7,44,NA
2020-2021,03/22/2021,Hartford,America East,"Stony Brook @Albany, NY",L 1-3,4,NA,52,25,171,0.158,52,4,5,83,10,3,10,1,8,64,NA
2020-2021,03/28/2021(1),Hartford,America East,@ UMBC,L 0-3,3,NA,23,21,105,0.019,20,3,7,42,2,1,2,NA,2,28,2
2020-2021,03/28/2021(2),Hartford,America East,@ UMBC,L 0-3,3,NA,26,14,91,0.132,22,1,3,29,7,2,4,2,4,31,1
2020-2021,02/15/2021,NJIT,America East,@ Seton Hall,Ppd,NA,NA,NA,NA,NA,NA,NA,NA,NA,NA,NA,NA,NA,NA,NA,NA,NA
2020-2021,02/20/2021,NJIT,America East,@ Hofstra,L 0-3,3,NA,14,23,79,-0.114,13,3,2,22,8,1,NA,1,1,18,1
2020-2021,02/27/2021,NJIT,America East,@ UAlbany,L 2-3,5,NA,50,27,182,0.126,48,6,11,83,6,1,12,NA,7,63,3
2020-2021,02/27/2021,NJIT,America East,"New Hampshire @Albany, NY",L 1-3,4,NA,39,28,161,0.068,37,2,4,77,10,3,8,4,7,48,2
2020-2021,03/07/2021(1),NJIT,America East,Stony Brook,L 0-3,3,NA,19,21,83,-0.024,17,4,2,38,10,NA,6,1,3,26,NA
2020-2021,03/07/2021(2),NJIT,America East,Stony Brook,L 0-3,3,NA,36,20,113,0.142,32,3,4,50,7,NA,8,1,4,43,1
2020-2021,03/14/2021(1),NJIT,America East,@ Hartford,L 0-3,3,NA,27,18,96,0.094,23,3,4,41,6,NA,6,1,3,33,2
2020-2021,03/14/2021(2),NJIT,America East,@ Hartford,L 0-3,3,NA,31,13,96,0.188,25,4,3,45,7,1,10,NA,6,41,2
2020-2021,03/21/2021,NJIT,America East,UMBC,L 1-3,4,NA,46,27,138,0.138,41,4,12,59,7,3,8,1,7,57,2
2020-2021,03/21/2021,NJIT,America East,Binghamton,W 3-2,5,NA,44,24,146,0.137,42,9,15,63,6,2,16,NA,10,63,1
2020-2021,03/22/2021,NJIT,America East,UMBC,L 1-3,4,NA,32,22,131,0.076,30,4,6,54,7,NA,21,1,10.5,46.5,2
2020-2021,03/22/2021,NJIT,America East,Binghamton,W 3-1,4,NA,54,24,139,0.216,50,NA,2,63,6,1,20,2,11,78,NA
2020-2021,03/27/2021,NJIT,America East,@ New Hampshire,L 0-3,3,NA,25,22,92,0.033,25,3,4,34,10,NA,NA,1,NA,28,2
2020-2021,03/27/2021,NJIT,America East,"UAlbany @Durham, NH",Canceled,NA,NA,NA,NA,NA,NA,NA,NA,NA,NA,NA,NA,NA,NA,NA,NA,NA
2020-2021,02/23/2021,New Hampshire,America East,Merrimack,Canceled,NA,NA,NA,NA,NA,NA,NA,NA,NA,NA,NA,NA,NA,NA,NA,NA,NA
2020-2021,02/27/2021,New Hampshire,America East,"NJIT @Albany, NY",W 3-1,4,NA,50,18,152,0.211,45,10,9,78,2,1,13,1,7.5,67.5,NA
2020-2021,02/28/2021,New Hampshire,America East,@ UAlbany,L 1-3,4,NA,44,23,175,0.12,41,5,7,73,5,NA,8,2,4,53,NA
2020-2021,03/14/2021(1),New Hampshire,America East,@ Stony Brook,W 3-1,4,NA,50,21,135,0.215,48,8,8,65,5,4,6,NA,7,65,NA
2020-2021,03/14/2021(2),New Hampshire,America East,@ Stony Brook,L 0-3,3,NA,34,20,120,0.117,29,6,7,42,4,1,4,NA,3,43,NA
2020-2021,03/21/2021,New Hampshire,America East,"UMBC @Newark, NJ",L 1-3,4,NA,52,29,159,0.145,47,3,10,58,6,1,12,NA,7,62,1
2020-2021,03/21/2021,New Hampshire,America East,"Binghamton @Newark, NJ",W 3-0,3,NA,41,3,101,0.376,30,8,10,54,2,1,9,NA,5.5,54.5,1
2020-2021,03/22/2021,New Hampshire,America East,"Binghamton @Newark, NJ",W 3-2,5,NA,65,21,148,0.297,56,9,13,63,8,2,21,2,12.5,NA,1
2020-2021,03/22/2021,New Hampshire,America East,"UMBC @Newark, NJ",W 3-0,3,NA,42,12,120,0.25,35,7,4,56,1,2,17,NA,10.5,59.5,NA
2020-2021,03/27/2021,New Hampshire,America East,NJIT,W 3-0,3,NA,35,8,81,0.333,30,10,4,42,3,NA,6,NA,3,48,NA
2020-2021,03/28/2021,New Hampshire,America East,UAlbany,Canceled,NA,NA,NA,NA,NA,NA,NA,NA,NA,NA,NA,NA,NA,NA,NA,NA,NA
2020-2021,02/14/2021,Stony Brook,America East,@ St. John's (NY),L 2-3,5,NA,62,29,166,0.199,60,9,7,60,6,2,16,1,10,81,NA
2020-2021,02/20/2021,Stony Brook,America East,Towson,L 0-3,3,NA,29,14,110,0.136,27,2,7,45,4,2,4,NA,4,35,1
2020-2021,02/21/2021,Stony Brook,America East,@ Hofstra,L 0-3,3,NA,27,21,90,0.067,27,2,6,39,5,NA,2,NA,1,30,1
2020-2021,02/27/2021,Stony Brook,America East,UMBC,L 2-3,5,NA,53,27,160,0.163,46,8,10,54,3,NA,4,2,10,71,1
2020-2021,02/28/2021,Stony Brook,America East,UMBC,L 2-3,5,NA,59,23,197,0.183,50,7,6,80,8,5,4,NA,7,73,2
2020-2021,03/07/2021(1),Stony Brook,America East,@ NJIT,W 3-0,3,NA,40,14,96,0.271,35,10,6,42,4,1,6,NA,4,54,NA
2020-2021,03/07/2021(2),Stony Brook,America East,@ NJIT,W 3-0,3,NA,40,16,117,0.205,34,7,4,54,3,3,12,2,9,56,NA
2020-2021,03/14/2021(1),Stony Brook,America East,New Hampshire,L 1-3,4,NA,46,21,143,0.175,41,5,11,53,8,2,8,3,6,57,2
2020-2021,03/14/2021(2),Stony Brook,America East,New Hampshire,W 3-0,3,NA,44,10,103,0.33,42,4,4,61,6,3,6,1,6,54,1
2020-2021,03/21/2021,Stony Brook,America East,"Hartford @Albany, NY",W 3-1,4,NA,43,15,149,0.188,41,7,4,78,3,1,18,1,10,60,NA
2020-2021,03/21/2021,Stony Brook,America East,@ UAlbany,L 2-3,5,NA,63,21,176,0.239,59,5,6,75,3,NA,4,NA,2,70,1
2020-2021,03/22/2021,Stony Brook,America East,"Hartford @Albany, NY",W 3-1,4,NA,57,19,171,0.222,50,10,7,86,4,NA,12,1,6,73,NA
2020-2021,03/22/2021,Stony Brook,America East,@ UAlbany,W 3-0,3,NA,51,20,161,0.193,48,NA,4,72,2,NA,10,1,5,56,1
2020-2021,03/28/2021(1),Stony Brook,America East,@ Binghamton,W 3-0,3,NA,34,12,107,0.206,29,4,4,59,7,1,8,NA,5,43,NA
2020-2021,03/28/2021(2),Stony Brook,America East,@ Binghamton,L 0-3,3,NA,27,18,97,0.093,27,5,2,45,7,2,10,3,7,39,1
2020-2021,02/20/2021(1),UAlbany,America East,Sacred Heart,W 3-2,5,NA,60,32,202,0.139,56,8,13,NA,2,1,22,2,12,80,NA
2020-2021,02/20/2021(2),UAlbany,America East,Sacred Heart,L 0-3,3,NA,33,24,102,0.088,31,5,4,35,5,NA,8,3,4,42,NA
2020-2021,02/27/2021,UAlbany,America East,NJIT,W 3-2,5,NA,61,20,178,0.23,51,6,8,84,6,1,18,4,10,77,1
2020-2021,02/28/2021,UAlbany,America East,New Hampshire,W 3-1,4,NA,60,26,184,0.185,55,5,8,93,5,1,14,4,8,73,2
2020-2021,03/07/2021,UAlbany,America East,"UMBC @Binghamton, NY",W 3-1,4,NA,51,26,137,0.182,49,8,5,51,4,NA,20,1,10,69,NA
2020-2021,03/07/2021,UAlbany,America East,@ Binghamton,W 3-0,3,NA,35,10,93,0.269,28,5,9,44,1,1,8,NA,5,45,NA
2020-2021,03/14/2021,UAlbany,America East,"Binghamton @Baltimore, MD",W 3-0,3,NA,43,16,104,0.26,38,6,6,48,5,NA,8,NA,4,53,NA
2020-2021,03/14/2021,UAlbany,America East,@ UMBC,W 3-2,5,NA,NA,27,181,0.238,NA,5,3,96,8,NA,18,1,9,84,NA
2020-2021,03/21/2021,UAlbany,America East,Hartford,W 3-0,3,NA,42,11,106,0.292,38,6,6,39,3,NA,12,NA,6,54,NA
2020-2021,03/21/2021,UAlbany,America East,Stony Brook,W 3-2,5,NA,NA,21,178,0.275,63,3,7,80,5,2,12,NA,8,81,2
2020-2021,03/22/2021,UAlbany,America East,Hartford,W 3-0,3,NA,40,19,118,0.178,39,3,2,55,3,NA,NA,1,NA,56,1
2020-2021,03/22/2021,UAlbany,America East,Stony Brook,L 0-3,3,NA,40,23,151,0.113,37,2,2,74,NA,1,14,1,8,50,NA
2020-2021,03/27/2021,UAlbany,America East,"NJIT @Durham, NH",Canceled,NA,NA,NA,NA,NA,NA,NA,NA,NA,NA,NA,NA,NA,NA,NA,NA,NA
2020-2021,03/28/2021,UAlbany,America East,@ New Hampshire,Canceled,NA,NA,NA,NA,NA,NA,NA,NA,NA,NA,NA,NA,NA,NA,NA,NA,NA
2020-2021,04/02/2021,UAlbany,America East,UMBC,L 2-3,5,NA,57,25,188,0.17,56,3,6,85,3,1,22,2,12,72,2
2020-2021,02/19/2021,UMBC,America East,@ Virginia,Ppd,NA,NA,NA,NA,NA,NA,NA,NA,NA,NA,NA,NA,NA,NA,NA,NA,NA
2020-2021,02/21/2021,UMBC,America East,Coppin St.,W 3-0,3,NA,45,16,105,0.276,45,4,6,59,2,NA,12,1,6,55,NA
2020-2021,02/27/2021,UMBC,America East,@ Stony Brook,W 3-2,5,NA,63,31,160,0.2,61,3,12,67,8,1,8,NA,5,71,2
2020-2021,02/28/2021,UMBC,America East,@ Stony Brook,W 3-2,5,NA,58,20,201,0.189,53,8,5,76,7,2,2,NA,3,69,NA
2020-2021,03/07/2021,UMBC,America East,@ Binghamton,W 3-0,3,NA,33,11,83,0.265,27,5,4,45,4,3,6,NA,6,44,NA
2020-2021,03/07/2021,UMBC,America East,"UAlbany @Binghamton, NY",L 1-3,4,NA,51,31,151,0.132,46,4,3,53,8,1,8,NA,5,60,NA
2020-2021,03/14/2021,UMBC,America East,UAlbany,L 2-3,5,NA,62,19,190,0.226,54,8,5,71,5,1,22,2,12,82,2
2020-2021,03/14/2021,UMBC,America East,Binghamton,W 3-0,3,NA,52,15,96,0.385,49,NA,7,41,9,NA,12,3,6,58,NA
2020-2021,03/21/2021,UMBC,America East,"New Hampshire @Newark, NJ",W 3-1,4,NA,50,22,142,0.197,47,6,10,66,3,3,16,1,11,67,NA
2020-2021,03/21/2021,UMBC,America East,@ NJIT,W 3-1,4,NA,44,21,136,0.169,40,7,10,59,4,1,13,1,7.5,58.5,1
2020-2021,03/22/2021,UMBC,America East,@ NJIT,W 3-1,4,NA,59,25,154,0.221,53,7,6,70,4,1,14,NA,8,74,3
2020-2021,03/22/2021,UMBC,America East,"New Hampshire @Newark, NJ",L 0-3,3,NA,41,21,125,0.16,40,1,5,59,7,1,6,1,4,46,NA
2020-2021,03/28/2021(1),UMBC,America East,Hartford,W 3-0,3,NA,43,11,105,0.305,39,2,4,52,3,1,20,2,11,56,1
2020-2021,03/28/2021(2),UMBC,America East,Hartford,W 3-0,3,NA,49,9,94,0.426,46,7,7,44,1,1,6,NA,4,60,1
2020-2021,04/02/2021,UMBC,America East,@ UAlbany,W 3-2,5,NA,NA,34,NA,0.177,63,3,11,95,3,5,14,1,12,85,3
2020-2021,04/14/2021,UMBC,America East,"Pepperdine @Omaha, NE (2020 NCAA DI Women's Volleyball Championship)",L 0-3,3,NA,30,18,107,0.112,27,NA,4,42,6,NA,4,2,2,32,1
2020-2021,01/22/2021,Davidson,Atlantic 10,Jacksonville,W 3-0,3,NA,38,5,90,0.367,34,6,4,56,9,2,8,2,6,50,NA
2020-2021,01/22/2021(1),Davidson,Atlantic 10,@ Wofford,Canceled,NA,NA,NA,NA,NA,NA,NA,NA,NA,NA,NA,NA,NA,NA,NA,NA,NA
2020-2021,01/24/2021,Davidson,Atlantic 10,Charlotte,L 0-3,3,NA,36,16,118,0.169,36,4,8,52,8,NA,4,1,2,42,1
2020-2021,01/29/2021,Davidson,Atlantic 10,N.C. A&T,Canceled,NA,NA,NA,NA,NA,NA,NA,NA,NA,NA,NA,NA,NA,NA,NA,NA,NA
2020-2021,01/31/2021,Davidson,Atlantic 10,@ N.C. A&T,Canceled,NA,NA,NA,NA,NA,NA,NA,NA,NA,NA,NA,NA,NA,NA,NA,NA,NA
2020-2021,02/05/2021,Davidson,Atlantic 10,Duquesne,Ppd,NA,NA,NA,NA,NA,NA,NA,NA,NA,NA,NA,NA,NA,NA,NA,NA,NA
2020-2021,02/06/2021,Davidson,Atlantic 10,Saint Louis,Ppd,NA,NA,NA,NA,NA,NA,NA,NA,NA,NA,NA,NA,NA,NA,NA,NA,NA
2020-2021,02/13/2021(1),Davidson,Atlantic 10,@ UNCW,Canceled,NA,NA,NA,NA,NA,NA,NA,NA,NA,NA,NA,NA,NA,NA,NA,NA,NA
2020-2021,02/13/2021(2),Davidson,Atlantic 10,@ UNCW,Canceled,NA,NA,NA,NA,NA,NA,NA,NA,NA,NA,NA,NA,NA,NA,NA,NA,NA
2020-2021,02/20/2021,Davidson,Atlantic 10,@ Saint Louis,L 0-3,3,NA,24,13,89,0.124,22,NA,2,28,6,NA,4,1,2,26,3
2020-2021,02/20/2021,Davidson,Atlantic 10,@ Saint Louis,L 1-3,4,NA,43,23,147,0.136,43,4,8,56,6,3,12,2,9,56,2
2020-2021,02/21/2021,Davidson,Atlantic 10,@ Saint Louis,L 0-3,3,NA,30,16,107,0.131,27,4,5,45,6,1,4,3,3,37,NA
2020-2021,02/26/2021,Davidson,Atlantic 10,VCU,L 1-3,4,NA,41,16,142,0.176,32,5,5,54,11,1,14,NA,8,54,NA
2020-2021,02/27/2021,Davidson,Atlantic 10,VCU,W 3-2,5,NA,60,27,189,0.175,58,8,6,86,3,2,18,4,11,79,1
2020-2021,03/05/2021,Davidson,Atlantic 10,@ Dayton,L 0-3,3,NA,18,24,84,-0.071,17,2,NA,26,6,2,8,NA,6,26,NA
2020-2021,03/06/2021,Davidson,Atlantic 10,@ Duquesne,L 0-3,3,NA,33,21,111,0.108,30,2,5,50,7,NA,12,NA,6,41,NA
2020-2021,03/07/2021,Davidson,Atlantic 10,@ Duquesne,Canceled,NA,NA,NA,NA,NA,NA,NA,NA,NA,NA,NA,NA,NA,NA,NA,NA,NA
2020-2021,03/12/2021,Davidson,Atlantic 10,Dayton,L 0-3,3,NA,15,15,63,NA,15,NA,2,24,10,1,10,NA,6,21,4
2020-2021,03/20/2021,Davidson,Atlantic 10,@ Elon,L 2-3,5,NA,46,21,161,0.155,43,8,9,74,8,2,16,1,10,64,4
2020-2021,03/21/2021,Davidson,Atlantic 10,East Carolina,L 2-3,5,NA,55,30,192,0.13,54,2,8,86,4,3,18,1,12,69,1
2020-2021,03/27/2021,Davidson,Atlantic 10,@ VCU,L 0-3,3,NA,37,23,132,0.106,33,2,7,65,5,3,6,NA,6,45,NA
2020-2021,02/13/2021,Dayton,Atlantic 10,@ Saint Louis,L 2-3,5,NA,63,33,178,0.169,59,9,12,52,15,1,21,3,11.5,83.5,1
2020-2021,02/13/2021,Dayton,Atlantic 10,@ Saint Louis,W 3-0,3,NA,41,8,84,0.393,37,8,8,30,3,1,18,NA,10,59,1
2020-2021,02/16/2021,Dayton,Atlantic 10,@ Wright St.,W 3-2,5,NA,NA,26,190,0.247,68,1,8,86,2,NA,26,NA,13,87,1
2020-2021,02/19/2021,Dayton,Atlantic 10,@ VCU,Ppd,NA,NA,NA,NA,NA,NA,NA,NA,NA,NA,NA,NA,NA,NA,NA,NA,NA
2020-2021,02/23/2021,Dayton,Atlantic 10,@ Ohio,Canceled,NA,NA,NA,NA,NA,NA,NA,NA,NA,NA,NA,NA,NA,NA,NA,NA,NA
2020-2021,02/26/2021,Dayton,Atlantic 10,Duquesne,W 3-1,4,NA,71,21,132,0.379,64,12,9,52,3,1,8,3,5,88,NA
2020-2021,03/05/2021,Dayton,Atlantic 10,Davidson,W 3-0,3,NA,45,14,88,0.352,41,6,9,39,2,NA,18,1,9,60,NA
2020-2021,03/06/2021,Dayton,Atlantic 10,VCU,W 3-0,3,NA,41,17,108,0.222,38,7,8,41,1,2,6,2,5,53,NA
2020-2021,03/09/2021,Dayton,Atlantic 10,@ Xavier,W 3-0,3,NA,53,12,105,0.39,49,2,5,49,8,1,11,NA,6.5,61.5,NA
2020-2021,03/12/2021,Dayton,Atlantic 10,@ Davidson,W 3-0,3,NA,43,9,82,0.415,42,10,9,28,NA,2,12,NA,8,61,1
2020-2021,03/19/2021,Dayton,Atlantic 10,@ Duquesne,W 3-0,3,NA,36,20,84,0.19,29,11,6,32,1,1,19,1,10.5,57.5,NA
2020-2021,03/20/2021,Dayton,Atlantic 10,@ Duquesne,W 3-0,3,NA,49,10,93,0.419,42,9,9,36,3,NA,10,2,5,63,NA
2020-2021,03/26/2021,Dayton,Atlantic 10,Saint Louis,W 3-0,3,NA,39,6,84,0.393,35,13,4,36,1,1,10,2,6,58,NA
2020-2021,03/27/2021,Dayton,Atlantic 10,Saint Louis,W 3-2,5,NA,58,28,153,0.196,55,5,9,58,7,NA,26,4,13,76,NA
2020-2021,04/02/2021,Dayton,Atlantic 10,#4 Fordham 20-21 WVB A10 Volleyball Championship,W 3-0,3,NA,44,14,114,0.263,41,10,7,50,NA,2,10,NA,7,61,1
2020-2021,04/03/2021,Dayton,Atlantic 10,#2 VCU 20-21 WVB A10 Volleyball Championship,W 3-0,3,NA,50,17,127,0.26,42,7,5,52,1,3,18,3,12,69,NA
2020-2021,04/14/2021,Dayton,Atlantic 10,"Towson @Omaha, NE (2020 NCAA DI Women's Volleyball Championship)",W 3-0,3,NA,39,9,82,0.366,29,4,11,27,1,2,10,1,7,50,NA
2020-2021,04/15/2021,Dayton,Atlantic 10,"#6 Washington @Omaha, NE (2020 NCAA DI Women's Volleyball Championship)",L 2-3,5,NA,64,24,176,0.227,53,6,14,65,9,NA,22,1,11,81,NA
2020-2021,02/05/2021,Duquesne,Atlantic 10,@ Davidson,Ppd,NA,NA,NA,NA,NA,NA,NA,NA,NA,NA,NA,NA,NA,NA,NA,NA,NA
2020-2021,02/12/2021,Duquesne,Atlantic 10,VCU,L 0-3,3,NA,26,17,109,0.083,25,3,2,45,1,2,4,NA,4,33,NA
2020-2021,02/26/2021,Duquesne,Atlantic 10,@ Dayton,L 1-3,4,NA,42,10,126,0.254,38,3,5,35,12,NA,8,3,4,49,3
2020-2021,02/28/2021,Duquesne,Atlantic 10,@ Saint Louis,L 0-3,3,NA,30,14,108,0.148,29,4,2,49,9,1,10,4,6,40,1
2020-2021,03/05/2021,Duquesne,Atlantic 10,Saint Louis,L 1-3,4,NA,36,26,129,0.078,33,5,3,51,NA,1,22,4,12,53,NA
2020-2021,03/06/2021,Duquesne,Atlantic 10,Davidson,W 3-0,3,NA,45,15,119,0.252,37,7,6,50,2,3,18,2,12,64,NA
2020-2021,03/07/2021,Duquesne,Atlantic 10,Davidson,Canceled,NA,NA,NA,NA,NA,NA,NA,NA,NA,NA,NA,NA,NA,NA,NA,NA,NA
2020-2021,03/14/2021,Duquesne,Atlantic 10,@ VCU,L 0-3,3,NA,26,23,95,0.032,25,4,4,36,6,1,4,2,3,33,NA
2020-2021,03/15/2021,Duquesne,Atlantic 10,@ VCU,L 0-3,3,NA,22,21,94,0.011,21,7,6,36,5,NA,14,NA,7,36,NA
2020-2021,03/19/2021,Duquesne,Atlantic 10,Dayton,L 0-3,3,NA,17,22,80,-0.063,15,1,4,26,11,1,12,1,7,25,1
2020-2021,03/20/2021,Duquesne,Atlantic 10,Dayton,L 0-3,3,NA,27,14,86,0.151,23,3,3,31,9,1,NA,NA,1,31,NA
2020-2021,02/03/2021,Fordham,Atlantic 10,St. John's (NY),L 1-3,4,NA,39,23,140,0.114,36,2,7,62,8,2,NA,NA,NA,61,NA
2020-2021,02/06/2021,Fordham,Atlantic 10,@ La Salle,Ppd,NA,NA,NA,NA,NA,NA,NA,NA,NA,NA,NA,NA,NA,NA,NA,NA,NA
2020-2021,02/07/2021,Fordham,Atlantic 10,@ La Salle,Ppd,NA,NA,NA,NA,NA,NA,NA,NA,NA,NA,NA,NA,NA,NA,NA,NA,NA
2020-2021,02/13/2021,Fordham,Atlantic 10,@ Hofstra,Ppd,NA,NA,NA,NA,NA,NA,NA,NA,NA,NA,NA,NA,NA,NA,NA,NA,NA
2020-2021,02/19/2021,Fordham,Atlantic 10,Rhode Island,Ppd,NA,NA,NA,NA,NA,NA,NA,NA,NA,NA,NA,NA,NA,NA,NA,NA,NA
2020-2021,02/28/2021,Fordham,Atlantic 10,@ George Mason,Ppd,NA,NA,NA,NA,NA,NA,NA,NA,NA,NA,NA,NA,NA,NA,NA,NA,NA
2020-2021,03/06/2021,Fordham,Atlantic 10,@ George Washington,W 3-1,4,NA,56,23,147,0.224,49,5,5,61,2,NA,16,3,8,69,1
2020-2021,03/07/2021,Fordham,Atlantic 10,@ George Mason,W 3-1,4,NA,45,23,147,0.15,41,5,3,65,2,3,22,1,14,64,NA
2020-2021,03/10/2021,Fordham,Atlantic 10,La Salle,Ppd,NA,NA,NA,NA,NA,NA,NA,NA,NA,NA,NA,NA,NA,NA,NA,NA,NA
2020-2021,03/12/2021,Fordham,Atlantic 10,George Mason,W 3-1,4,NA,63,19,207,0.213,60,5,8,100,5,1,22,1,12,80,1
2020-2021,03/13/2021,Fordham,Atlantic 10,George Washington,Ppd,NA,NA,NA,NA,NA,NA,NA,NA,NA,NA,NA,NA,NA,NA,NA,NA,NA
2020-2021,03/17/2021,Fordham,Atlantic 10,Rhode Island,W 3-0,3,NA,38,11,110,0.245,32,3,3,54,6,1,18,3,10,51,1
2020-2021,03/19/2021,Fordham,Atlantic 10,@ La Salle,W 3-0,3,NA,35,14,115,0.183,32,5,6,54,1,2,10,2,7,47,NA
2020-2021,03/20/2021,Fordham,Atlantic 10,@ La Salle,L 2-3,5,NA,49,24,166,0.151,44,12,6,66,11,1,18,3,10,71,2
2020-2021,03/24/2021,Fordham,Atlantic 10,Rhode Island,L 0-3,3,NA,37,13,115,0.209,34,2,7,50,12,1,14,NA,8,47,1
2020-2021,03/28/2021,Fordham,Atlantic 10,@ Rhode Island,L 0-3,3,NA,39,20,122,0.156,39,3,7,64,5,3,10,NA,8,50,NA
2020-2021,04/02/2021,Fordham,Atlantic 10,@#1 Dayton 20-21 WVB A10 Volleyball Championship,L 0-3,3,NA,31,16,108,0.139,29,NA,4,49,10,NA,12,NA,6,37,1
2020-2021,01/22/2021,George Mason,Atlantic 10,@ Old Dominion,L 0-3,3,NA,28,21,90,0.078,24,2,2,43,7,NA,2,NA,1,31,2
2020-2021,01/24/2021,George Mason,Atlantic 10,@ Norfolk St.,L 2-3,5,NA,60,36,184,0.13,59,8,10,78,6,1,10,3,6,74,NA
2020-2021,01/29/2021,George Mason,Atlantic 10,@ Howard,L 0-3,3,NA,22,22,85,NA,19,4,5,24,10,2,2,NA,3,29,4
2020-2021,01/30/2021,George Mason,Atlantic 10,Coppin St.,L 1-3,4,NA,45,21,141,0.17,42,5,6,62,13,4,12,2,10,60,3
2020-2021,02/01/2021,George Mason,Atlantic 10,@ VCU,L 0-3,3,NA,33,25,107,0.075,31,3,4,49,8,1,4,2,3,39,2
2020-2021,02/06/2021,George Mason,Atlantic 10,George Washington,W 3-0,3,NA,43,12,95,0.326,42,2,5,44,3,1,21,2,11.5,56.5,NA
2020-2021,02/07/2021,George Mason,Atlantic 10,George Washington,W 3-2,5,NA,59,36,187,0.123,52,5,6,87,6,3,10,2,8,72,1
2020-2021,02/13/2021,George Mason,Atlantic 10,@ Rhode Island,W 3-2,5,NA,50,24,164,0.159,46,6,7,79,6,NA,15,4,7.5,63.5,3
2020-2021,02/14/2021,George Mason,Atlantic 10,@ Rhode Island,L 0-3,3,NA,29,17,87,0.138,27,2,1,31,5,1,4,1,3,34,4
2020-2021,02/21/2021,George Mason,Atlantic 10,Howard,Canceled,NA,NA,NA,NA,NA,NA,NA,NA,NA,NA,NA,NA,NA,NA,NA,NA,NA
2020-2021,02/26/2021,George Mason,Atlantic 10,La Salle,Ppd,NA,NA,NA,NA,NA,NA,NA,NA,NA,NA,NA,NA,NA,NA,NA,NA,NA
2020-2021,02/28/2021,George Mason,Atlantic 10,Fordham,Ppd,NA,NA,NA,NA,NA,NA,NA,NA,NA,NA,NA,NA,NA,NA,NA,NA,NA
2020-2021,03/05/2021,George Mason,Atlantic 10,@ La Salle,L 0-3,3,NA,29,17,89,0.135,29,4,6,29,8,2,10,NA,7,40,NA
2020-2021,03/07/2021,George Mason,Atlantic 10,Fordham,L 1-3,4,NA,48,31,162,0.105,46,2,6,64,5,1,14,3,8,58,1
2020-2021,03/12/2021,George Mason,Atlantic 10,@ Fordham,L 1-3,4,NA,57,25,192,0.167,52,5,3,NA,5,NA,16,1,8,70,2
2020-2021,03/14/2021,George Mason,Atlantic 10,Villanova,Canceled,NA,NA,NA,NA,NA,NA,NA,NA,NA,NA,NA,NA,NA,NA,NA,NA,NA
2020-2021,03/20/2021,George Mason,Atlantic 10,Rhode Island,L 1-3,4,NA,38,24,162,0.086,35,5,7,68,4,1,14,5,8,51,2
2020-2021,03/24/2021,George Mason,Atlantic 10,La Salle,W 3-1,4,NA,42,13,126,0.23,39,7,13,66,3,4,14,4,11,60,3
2020-2021,03/26/2021,George Mason,Atlantic 10,@ George Washington,W 3-1,4,NA,39,18,118,0.178,36,11,4,57,3,NA,29,4,14.5,64.5,1
2020-2021,01/29/2021,George Washington,Atlantic 10,@ Morgan St.,L 0-3,3,NA,40,23,123,0.138,40,6,12,45,2,2,8,4,6,52,1
2020-2021,01/30/2021,George Washington,Atlantic 10,@ Delaware St.,L 1-3,4,NA,53,24,121,0.24,50,7,8,47,11,3,6,NA,6,66,NA
2020-2021,02/06/2021,George Washington,Atlantic 10,@ George Mason,L 0-3,3,NA,40,21,110,0.173,37,3,8,34,2,2,6,3,5,48,1
2020-2021,02/07/2021,George Washington,Atlantic 10,@ George Mason,L 2-3,5,NA,55,31,182,0.132,50,6,9,79,5,4,22,3,15,76,3
2020-2021,02/09/2021,George Washington,Atlantic 10,Howard,W 3-2,5,NA,41,23,145,0.124,37,NA,15,62,11,1,10,3,6,63,6
2020-2021,02/14/2021,George Washington,Atlantic 10,VCU,Ppd,NA,NA,NA,NA,NA,NA,NA,NA,NA,NA,NA,NA,NA,NA,NA,NA,NA
2020-2021,02/19/2021,George Washington,Atlantic 10,La Salle,L 2-3,5,NA,57,21,182,0.198,52,6,9,112,11,2,16,4,10,73,3
2020-2021,02/20/2021,George Washington,Atlantic 10,La Salle,L 0-3,3,NA,31,14,98,0.173,26,2,6,41,9,1,10,1,6,39,1
2020-2021,02/27/2021,George Washington,Atlantic 10,@ Rhode Island,L 0-3,3,NA,24,12,87,0.138,20,4,6,30,6,NA,11,1,5.5,33.5,3
2020-2021,03/06/2021,George Washington,Atlantic 10,Fordham,L 1-3,4,NA,49,24,145,0.172,42,2,7,61,5,2,10,2,7,58,2
2020-2021,03/12/2021,George Washington,Atlantic 10,@ La Salle,Ppd,NA,NA,NA,NA,NA,NA,NA,NA,NA,NA,NA,NA,NA,NA,NA,NA,NA
2020-2021,03/13/2021,George Washington,Atlantic 10,@ Fordham,Ppd,NA,NA,NA,NA,NA,NA,NA,NA,NA,NA,NA,NA,NA,NA,NA,NA,NA
2020-2021,03/17/2021,George Washington,Atlantic 10,West Virginia,Canceled,NA,NA,NA,NA,NA,NA,NA,NA,NA,NA,NA,NA,NA,NA,NA,NA,NA
2020-2021,03/21/2021,George Washington,Atlantic 10,Rhode Island,Canceled,NA,NA,NA,NA,NA,NA,NA,NA,NA,NA,NA,NA,NA,NA,NA,NA,NA
2020-2021,03/26/2021,George Washington,Atlantic 10,George Mason,L 1-3,4,NA,36,29,130,0.054,29,3,12,48,11,2,8,3,6,45,2
2020-2021,01/29/2021,La Salle,Atlantic 10,@ Temple,Ppd,NA,NA,NA,NA,NA,NA,NA,NA,NA,NA,NA,NA,NA,NA,NA,NA,NA
2020-2021,01/30/2021,La Salle,Atlantic 10,@ Temple,Ppd,NA,NA,NA,NA,NA,NA,NA,NA,NA,NA,NA,NA,NA,NA,NA,NA,NA
2020-2021,02/06/2021,La Salle,Atlantic 10,Fordham,Ppd,NA,NA,NA,NA,NA,NA,NA,NA,NA,NA,NA,NA,NA,NA,NA,NA,NA
2020-2021,02/07/2021,La Salle,Atlantic 10,Fordham,Ppd,NA,NA,NA,NA,NA,NA,NA,NA,NA,NA,NA,NA,NA,NA,NA,NA,NA
2020-2021,02/19/2021,La Salle,Atlantic 10,@ George Washington,W 3-2,5,NA,67,29,NA,0.16,62,11,14,86,6,1,8,1,5,83,3
2020-2021,02/20/2021,La Salle,Atlantic 10,@ George Washington,W 3-0,3,NA,45,16,118,0.246,42,9,10,47,2,NA,2,NA,1,55,2
2020-2021,02/26/2021,La Salle,Atlantic 10,@ George Mason,Ppd,NA,NA,NA,NA,NA,NA,NA,NA,NA,NA,NA,NA,NA,NA,NA,NA,NA
2020-2021,03/05/2021,La Salle,Atlantic 10,George Mason,W 3-0,3,NA,44,16,104,0.269,43,8,9,37,4,5,8,NA,9,61,1
2020-2021,03/07/2021,La Salle,Atlantic 10,Rhode Island,W 3-1,4,NA,47,29,152,0.118,43,12,12,69,5,NA,10,1,5,64,1
2020-2021,03/10/2021,La Salle,Atlantic 10,@ Fordham,Ppd,NA,NA,NA,NA,NA,NA,NA,NA,NA,NA,NA,NA,NA,NA,NA,NA,NA
2020-2021,03/12/2021,La Salle,Atlantic 10,George Washington,Ppd,NA,NA,NA,NA,NA,NA,NA,NA,NA,NA,NA,NA,NA,NA,NA,NA,NA
2020-2021,03/19/2021,La Salle,Atlantic 10,Fordham,L 0-3,3,NA,43,24,130,0.146,41,1,10,58,5,2,NA,3,2,46,2
2020-2021,03/20/2021,La Salle,Atlantic 10,Fordham,W 3-2,5,NA,72,33,192,0.203,NA,11,12,79,12,1,5,2,3.5,86.5,1
2020-2021,03/24/2021,La Salle,Atlantic 10,@ George Mason,L 1-3,4,NA,47,32,152,0.099,41,3,11,60,7,2,2,NA,3,53,2
2020-2021,03/27/2021,La Salle,Atlantic 10,@ Rhode Island,L 1-3,4,NA,48,24,131,0.183,45,5,14,55,11,2,8,NA,6,59,2
2020-2021,01/30/2021,Rhode Island,Atlantic 10,UConn,Canceled,NA,NA,NA,NA,NA,NA,NA,NA,NA,NA,NA,NA,NA,NA,NA,NA,NA
2020-2021,01/31/2021,Rhode Island,Atlantic 10,@ UConn,Canceled,NA,NA,NA,NA,NA,NA,NA,NA,NA,NA,NA,NA,NA,NA,NA,NA,NA
2020-2021,02/13/2021,Rhode Island,Atlantic 10,George Mason,L 2-3,5,NA,60,27,185,0.178,56,6,3,81,6,1,16,1,9,75,NA
2020-2021,02/14/2021,Rhode Island,Atlantic 10,George Mason,W 3-0,3,NA,44,7,93,0.398,44,5,2,33,2,1,14,NA,8,57,2
2020-2021,02/19/2021,Rhode Island,Atlantic 10,@ Northeastern,L 1-3,4,NA,43,25,134,0.134,41,5,2,63,10,NA,12,2,6,54,4
2020-2021,02/19/2021,Rhode Island,Atlantic 10,@ Fordham,Ppd,NA,NA,NA,NA,NA,NA,NA,NA,NA,NA,NA,NA,NA,NA,NA,NA,NA
2020-2021,02/20/2021,Rhode Island,Atlantic 10,Northeastern,L 1-3,4,NA,52,26,165,0.158,50,4,6,70,9,NA,8,1,4,60,4
2020-2021,02/22/2021,Rhode Island,Atlantic 10,@ Providence,L 1-3,4,NA,48,29,142,0.134,44,3,7,58,3,1,16,NA,9,60,NA
2020-2021,02/23/2021,Rhode Island,Atlantic 10,Merrimack,W 3-0,3,NA,49,7,97,0.433,44,8,10,41,NA,1,4,1,3,60,1
2020-2021,02/24/2021,Rhode Island,Atlantic 10,Boston College,Canceled,NA,NA,NA,NA,NA,NA,NA,NA,NA,NA,NA,NA,NA,NA,NA,NA,NA
2020-2021,02/27/2021,Rhode Island,Atlantic 10,George Washington,W 3-0,3,NA,48,13,102,0.343,45,6,9,44,4,2,NA,1,2,56,NA
2020-2021,03/03/2021,Rhode Island,Atlantic 10,St. John's (NY),L 1-3,4,NA,45,22,128,0.18,41,4,5,51,7,2,4,NA,4,53,1
2020-2021,03/07/2021,Rhode Island,Atlantic 10,@ La Salle,L 1-3,4,NA,43,25,145,0.124,40,5,8,60,12,NA,18,1,9,57,1
2020-2021,03/17/2021,Rhode Island,Atlantic 10,@ Fordham,L 0-3,3,NA,40,26,125,0.112,39,6,8,55,3,1,8,1,5,51,NA
2020-2021,03/20/2021,Rhode Island,Atlantic 10,@ George Mason,W 3-1,4,NA,57,18,153,0.255,54,4,4,82,5,NA,14,4,7,68,4
2020-2021,03/21/2021,Rhode Island,Atlantic 10,@ George Washington,Canceled,NA,NA,NA,NA,NA,NA,NA,NA,NA,NA,NA,NA,NA,NA,NA,NA,NA
2020-2021,03/24/2021,Rhode Island,Atlantic 10,@ Fordham,W 3-0,3,NA,39,14,117,0.214,38,12,6,57,2,NA,4,1,2,53,NA
2020-2021,03/27/2021,Rhode Island,Atlantic 10,La Salle,W 3-1,4,NA,44,24,132,0.152,42,11,12,54,5,NA,7,2,12.5,67.5,NA
2020-2021,03/28/2021,Rhode Island,Atlantic 10,Fordham,W 3-0,3,NA,44,21,134,0.172,40,5,4,60,3,5,10,NA,10,59,1
2020-2021,04/02/2021,Rhode Island,Atlantic 10,"#2 VCU @Dayton, OH (20-21 WVB A10 Volleyball Championship)",L 0-3,3,NA,35,19,112,0.143,33,6,5,41,2,NA,2,1,1,42,6
2020-2021,01/31/2021,Saint Louis,Atlantic 10,@ Western Ky.,L 0-3,3,NA,25,21,85,0.047,24,3,7,25,4,2,6,NA,5,33,2
2020-2021,01/31/2021,Saint Louis,Atlantic 10,"Evansville @Bowling Green, KY",L 2-3,5,NA,62,29,177,0.186,56,11,NA,79,3,1,10,NA,6,79,NA
2020-2021,02/05/2021,Saint Louis,Atlantic 10,@ VCU,L 1-3,4,NA,49,27,151,0.146,45,6,6,78,2,NA,10,1,5,60,NA
2020-2021,02/06/2021,Saint Louis,Atlantic 10,@ Davidson,Ppd,NA,NA,NA,NA,NA,NA,NA,NA,NA,NA,NA,NA,NA,NA,NA,NA,NA
2020-2021,02/09/2021,Saint Louis,Atlantic 10,Butler,W 3-0,3,NA,32,14,99,0.182,31,9,4,44,6,2,4,NA,4,45,NA
2020-2021,02/13/2021,Saint Louis,Atlantic 10,Dayton,W 3-2,5,NA,50,21,136,0.213,46,15,7,60,9,3,11,1,8.5,73.5,1
2020-2021,02/13/2021,Saint Louis,Atlantic 10,Dayton,L 0-3,3,NA,29,22,83,0.084,27,3,3,29,8,NA,2,1,1,33,NA
2020-2021,02/20/2021,Saint Louis,Atlantic 10,Davidson,W 3-0,3,NA,51,6,90,0.5,48,6,11,45,NA,1,NA,1,1,58,1
2020-2021,02/20/2021,Saint Louis,Atlantic 10,Davidson,W 3-1,4,NA,54,24,144,0.208,52,6,10,66,4,5,6,1,8,68,NA
2020-2021,02/21/2021,Saint Louis,Atlantic 10,Davidson,W 3-0,3,NA,48,10,107,0.355,44,6,11,54,4,2,6,1,5,59,NA
2020-2021,02/25/2021,Saint Louis,Atlantic 10,@ Marquette,L 1-3,4,NA,49,29,169,0.118,46,4,6,81,3,4,12,1,10,63,NA
2020-2021,02/26/2021,Saint Louis,Atlantic 10,"Iowa St. @Milwaukee, WI",L 0-3,3,NA,24,15,74,0.122,21,5,8,22,9,2,4,NA,4,33,1
2020-2021,02/28/2021,Saint Louis,Atlantic 10,Duquesne,W 3-0,3,NA,50,17,123,0.268,48,9,7,58,4,2,2,2,3,62,1
2020-2021,03/05/2021,Saint Louis,Atlantic 10,@ Duquesne,W 3-1,4,NA,52,31,139,0.151,46,NA,6,58,5,3,14,1,10,78,NA
2020-2021,03/14/2021,Saint Louis,Atlantic 10,@ Kansas St.,L 0-3,3,NA,32,19,110,0.118,31,3,6,42,3,1,7,NA,4.5,39.5,2
2020-2021,03/19/2021,Saint Louis,Atlantic 10,VCU,L 0-3,3,NA,43,24,134,0.142,42,4,7,63,6,2,8,NA,6,53,NA
2020-2021,03/20/2021,Saint Louis,Atlantic 10,VCU,W 3-2,5,NA,71,25,174,0.264,NA,11,15,73,5,1,12,1,7,NA,2
2020-2021,03/26/2021,Saint Louis,Atlantic 10,@ Dayton,L 0-3,3,NA,34,13,90,0.233,29,1,9,32,13,NA,4,2,2,37,1
2020-2021,03/27/2021,Saint Louis,Atlantic 10,@ Dayton,L 2-3,5,NA,45,NA,153,0.046,42,7,12,51,5,1,24,6,13,65,NA
2020-2021,01/22/2021,VCU,Atlantic 10,@ Liberty,W 3-0,3,NA,42,11,97,0.32,32,6,3,37,2,NA,20,NA,10,58,NA
2020-2021,01/23/2021,VCU,Atlantic 10,@ Old Dominion,W 3-0,3,NA,41,8,93,0.355,37,5,3,47,2,NA,14,NA,7,53,NA
2020-2021,01/29/2021,VCU,Atlantic 10,@ Norfolk St.,W 3-0,3,NA,40,13,109,0.248,38,5,6,62,5,1,22,2,12,57,NA
2020-2021,02/01/2021,VCU,Atlantic 10,George Mason,W 3-0,3,NA,34,7,92,0.293,33,8,7,43,3,1,26,NA,14,56,NA
2020-2021,02/05/2021,VCU,Atlantic 10,Saint Louis,W 3-1,4,NA,54,20,166,0.205,50,2,7,66,6,NA,16,4,8,64,1
2020-2021,02/09/2021,VCU,Atlantic 10,Duke,L 0-3,3,NA,34,19,122,0.123,32,2,3,54,4,NA,10,NA,5,41,1
2020-2021,02/12/2021,VCU,Atlantic 10,@ Duquesne,W 3-0,3,NA,52,11,113,0.363,43,1,3,56,3,1,18,NA,10,63,3
2020-2021,02/14/2021,VCU,Atlantic 10,@ George Washington,Ppd,NA,NA,NA,NA,NA,NA,NA,NA,NA,NA,NA,NA,NA,NA,NA,NA,NA
2020-2021,02/19/2021,VCU,Atlantic 10,Dayton,Ppd,NA,NA,NA,NA,NA,NA,NA,NA,NA,NA,NA,NA,NA,NA,NA,NA,NA
2020-2021,02/23/2021,VCU,Atlantic 10,@ Elon,W 3-1,4,NA,58,17,147,0.279,55,2,5,76,3,1,12,1,7,67,NA
2020-2021,02/26/2021,VCU,Atlantic 10,@ Davidson,W 3-1,4,NA,59,22,149,0.248,57,11,5,74,5,NA,8,1,4,74,1
2020-2021,02/27/2021,VCU,Atlantic 10,@ Davidson,L 2-3,5,NA,63,28,189,0.185,61,3,6,87,8,1,20,NA,11,77,3
2020-2021,03/06/2021,VCU,Atlantic 10,@ Dayton,L 0-3,3,NA,26,21,98,0.051,26,1,4,40,7,1,10,NA,6,33,NA
2020-2021,03/14/2021,VCU,Atlantic 10,Duquesne,W 3-0,3,NA,41,6,91,0.385,37,6,6,36,4,2,18,1,11,58,NA
2020-2021,03/15/2021,VCU,Atlantic 10,Duquesne,W 3-0,3,NA,42,17,103,0.243,40,5,7,45,7,1,18,NA,10,57,1
2020-2021,03/19/2021,VCU,Atlantic 10,@ Saint Louis,W 3-0,3,NA,38,20,128,0.141,33,6,NA,56,4,1,12,NA,7,51,NA
2020-2021,03/20/2021,VCU,Atlantic 10,@ Saint Louis,L 2-3,5,NA,52,23,157,0.185,47,5,4,69,11,NA,6,1,3,60,1
2020-2021,03/27/2021,VCU,Atlantic 10,Davidson,W 3-0,3,NA,37,14,121,0.19,35,5,4,63,2,3,4,NA,5,47,NA
2020-2021,04/02/2021,VCU,Atlantic 10,"#3 Rhode Island @Dayton, OH (20-21 WVB A10 Volleyball Championship)",W 3-0,3,NA,40,6,90,0.378,38,2,1,49,6,NA,18,2,9,51,3
2020-2021,04/03/2021,VCU,Atlantic 10,@#1 Dayton 20-21 WVB A10 Volleyball Championship,L 0-3,3,NA,34,18,117,0.137,27,1,1,51,7,1,12,1,7,42,NA
2020-2021,09/25/2020,Baylor,Big 12,@ Kansas,L 2-3,5,NA,61,26,126,0.278,55,5,13,36,5,4,8,NA,8,74,2
2020-2021,09/26/2020,Baylor,Big 12,@ Kansas,W 3-0,3,NA,45,9,90,0.4,40,5,10,32,4,5,6,3,8,58,NA
2020-2021,10/02/2020,Baylor,Big 12,TCU,W 3-0,3,NA,48,8,100,0.4,45,6,11,33,2,3,6,NA,6,60,NA
2020-2021,10/03/2020,Baylor,Big 12,TCU,W 3-0,3,NA,41,7,84,0.405,38,3,8,43,1,3,16,1,11,55,1
2020-2021,10/08/2020,Baylor,Big 12,Oklahoma,W 3-2,5,NA,62,21,154,0.266,57,6,12,53,5,1,14,1,8,76,3
2020-2021,10/09/2020,Baylor,Big 12,Oklahoma,W 3-0,3,NA,37,11,94,0.277,35,3,8,51,1,1,6,1,4,44,1
2020-2021,10/16/2020,Baylor,Big 12,@ Texas Tech,W 3-2,5,NA,72,28,157,0.28,65,3,10,66,6,1,12,4,7,82,NA
2020-2021,10/17/2020,Baylor,Big 12,@ Texas Tech,W 3-0,3,NA,41,10,110,0.282,39,3,7,51,5,1,20,7,11,55,2
2020-2021,10/23/2020,Baylor,Big 12,@ Iowa St.,W 3-0,3,NA,41,15,102,0.255,41,5,5,46,3,NA,14,1,7,53,NA
2020-2021,10/24/2020,Baylor,Big 12,@ Iowa St.,W 3-0,3,NA,42,24,124,0.145,39,3,4,51,1,NA,26,2,13,58,NA
2020-2021,10/29/2020,Baylor,Big 12,West Virginia,W 3-1,4,NA,51,19,145,0.221,51,7,9,59,1,1,27,1,14.5,72.5,1
2020-2021,10/30/2020,Baylor,Big 12,West Virginia,W 3-0,3,NA,46,10,88,0.409,43,1,7,38,5,2,20,1,12,59,1
2020-2021,11/06/2020,Baylor,Big 12,@ Texas,L 2-3,5,NA,61,24,159,0.233,59,1,9,65,8,3,12,1,9,71,3
2020-2021,11/08/2020,Baylor,Big 12,@ Texas,L 2-3,5,NA,59,27,151,0.212,50,5,NA,50,6,2,26,2,15,79,1
2020-2021,11/20/2020,Baylor,Big 12,Kansas St.,W 3-1,4,NA,56,24,151,0.212,52,4,8,61,2,1,33,1,17.5,77.5,2
2020-2021,11/21/2020,Baylor,Big 12,Kansas St.,W 3-0,3,NA,42,10,91,0.352,40,5,10,35,3,NA,12,2,6,53,1
2020-2021,02/26/2021,Baylor,Big 12,North Texas,W 3-0,3,NA,42,15,104,0.26,38,3,3,53,1,1,12,1,7,52,4
2020-2021,02/28/2021,Baylor,Big 12,Pepperdine,W 3-2,5,NA,58,24,152,0.224,54,3,3,74,5,1,26,NA,14,75,NA
2020-2021,03/03/2021,Baylor,Big 12,@ Texas,L 1-3,4,NA,53,25,144,0.194,48,2,4,72,7,NA,18,1,9,64,1
2020-2021,03/06/2021,Baylor,Big 12,Oklahoma,Ppd,NA,NA,NA,NA,NA,NA,NA,NA,NA,NA,NA,NA,NA,NA,NA,NA,NA
2020-2021,03/08/2021,Baylor,Big 12,Oklahoma,Canceled,NA,NA,NA,NA,NA,NA,NA,NA,NA,NA,NA,NA,NA,NA,NA,NA,NA
2020-2021,03/10/2021,Baylor,Big 12,@ Texas St.,W 3-0,3,NA,53,12,103,0.398,49,5,7,41,1,2,12,3,8,66,1
2020-2021,03/12/2021,Baylor,Big 12,@ North Texas,Canceled,NA,NA,NA,NA,NA,NA,NA,NA,NA,NA,NA,NA,NA,NA,NA,NA,NA
2020-2021,03/18/2021,Baylor,Big 12,@ Houston,W 3-2,5,NA,61,21,152,0.263,60,5,7,83,4,3,20,3,13,79,2
2020-2021,03/19/2021,Baylor,Big 12,@ Rice,W 3-2,5,NA,63,23,172,0.233,56,5,15,73,2,3,20,1,13,81,2
2020-2021,03/26/2021,Baylor,Big 12,Texas,L 1-3,4,NA,51,32,141,0.135,47,4,13,48,6,2,14,4,9,64,4
2020-2021,03/31/2021,Baylor,Big 12,Kansas St.,W 3-0,3,NA,45,15,111,0.27,38,3,10,46,1,1,18,2,10,58,1
2020-2021,04/01/2021,Baylor,Big 12,Texas St.,L 1-3,4,NA,54,33,165,0.127,46,3,11,74,1,1,16,NA,9,66,3
2020-2021,04/15/2021,Baylor,Big 12,"Pepperdine @Omaha, NE (2020 NCAA DI Women's Volleyball Championship)",W 3-2,5,NA,60,17,132,0.326,57,4,10,39,10,1,34,NA,18,82,NA
2020-2021,04/18/2021,Baylor,Big 12,"#5 Nebraska @Omaha, NE (2020 NCAA DI Women's Volleyball Championship)",L 0-3,3,NA,31,17,99,0.141,28,3,8,40,8,NA,9,1,4.5,38.5,1
2020-2021,09/25/2020,Iowa St.,Big 12,@ Kansas St.,W 3-2,5,NA,56,20,168,0.214,54,7,10,71,6,2,10,3,7,70,2
2020-2021,09/26/2020,Iowa St.,Big 12,@ Kansas St.,L 1-3,4,NA,58,24,149,0.228,54,4,4,60,4,3,12,3,9,71,2
2020-2021,10/02/2020,Iowa St.,Big 12,Texas Tech,W 3-1,4,NA,57,19,136,0.279,54,8,11,65,3,1,14,2,8,73,NA
2020-2021,10/03/2020,Iowa St.,Big 12,Texas Tech,L 2-3,5,NA,67,20,192,0.245,66,8,6,84,6,3,27,1,16.5,NA,3
2020-2021,10/08/2020,Iowa St.,Big 12,@ Texas,L 0-3,3,NA,33,20,98,0.133,30,3,4,39,6,NA,2,2,1,37,NA
2020-2021,10/09/2020,Iowa St.,Big 12,@ Texas,L 0-3,3,NA,42,20,109,0.202,37,4,6,43,4,1,2,2,2,48,NA
2020-2021,10/23/2020,Iowa St.,Big 12,Baylor,L 0-3,3,NA,36,18,110,0.164,33,3,10,39,5,NA,8,NA,4,43,1
2020-2021,10/24/2020,Iowa St.,Big 12,Baylor,L 0-3,3,NA,33,24,116,0.078,30,1,6,48,3,NA,17,NA,8.5,42.5,NA
2020-2021,11/06/2020,Iowa St.,Big 12,@ West Virginia,L 2-3,5,NA,48,25,158,0.146,45,1,11,65,5,1,18,NA,10,59,2
2020-2021,11/07/2020,Iowa St.,Big 12,@ West Virginia,L 0-3,3,NA,34,24,111,0.09,30,2,8,42,4,NA,6,NA,3,39,NA
2020-2021,11/13/2020,Iowa St.,Big 12,Kansas,L 2-3,5,NA,67,31,182,0.198,63,4,12,77,9,3,12,1,9,80,1
2020-2021,11/14/2020,Iowa St.,Big 12,Kansas,W 3-1,4,NA,55,21,148,0.23,51,6,11,64,5,1,25,2,13.5,74.5,NA
2020-2021,11/20/2020,Iowa St.,Big 12,@ TCU,W 3-1,4,NA,59,14,130,0.346,57,6,10,74,1,NA,24,NA,12,77,3
2020-2021,11/21/2020,Iowa St.,Big 12,@ TCU,W 3-2,5,NA,64,16,153,0.314,59,3,10,72,8,1,22,1,12,79,NA
2020-2021,02/26/2021,Iowa St.,Big 12,"Saint Louis @Milwaukee, WI",W 3-0,3,NA,39,14,79,0.316,33,9,7,30,5,NA,8,2,4,52,1
2020-2021,02/27/2021,Iowa St.,Big 12,@ Marquette,L 0-3,3,NA,33,16,110,0.155,31,3,4,37,5,4,10,3,9,45,NA
2020-2021,03/10/2021,Iowa St.,Big 12,Illinois St.,Canceled,NA,NA,NA,NA,NA,NA,NA,NA,NA,NA,NA,NA,NA,NA,NA,NA,NA
2020-2021,03/12/2021,Iowa St.,Big 12,@ DePaul,L 2-3,5,NA,60,25,154,0.227,57,6,13,59,5,1,14,1,8,74,2
2020-2021,03/13/2021,Iowa St.,Big 12,@ DePaul,L 1-3,4,NA,56,23,169,0.195,51,8,8,69,9,2,14,NA,9,73,1
2020-2021,03/19/2021,Iowa St.,Big 12,Oklahoma,Canceled,NA,NA,NA,NA,NA,NA,NA,NA,NA,NA,NA,NA,NA,NA,NA,NA,NA
2020-2021,03/20/2021,Iowa St.,Big 12,Oklahoma,Canceled,NA,NA,NA,NA,NA,NA,NA,NA,NA,NA,NA,NA,NA,NA,NA,NA,NA
2020-2021,03/26/2021,Iowa St.,Big 12,Wayne St. (NE),W 3-1,4,NA,65,24,179,0.229,59,5,11,NA,7,NA,12,NA,6,76,1
2020-2021,03/27/2021,Iowa St.,Big 12,Wayne St. (NE),W 3-0,3,NA,52,19,144,0.229,49,8,9,67,3,NA,6,2,3,63,NA
2020-2021,03/27/2021,Iowa St.,Big 12,@ Creighton,Canceled,NA,NA,NA,NA,NA,NA,NA,NA,NA,NA,NA,NA,NA,NA,NA,NA,NA
2020-2021,09/25/2020,Kansas,Big 12,Baylor,W 3-2,5,NA,56,14,115,0.365,52,5,7,33,5,3,6,NA,6,67,4
2020-2021,09/26/2020,Kansas,Big 12,Baylor,L 0-3,3,NA,25,16,80,0.113,23,4,6,30,5,2,6,2,5,34,1
2020-2021,10/01/2020,Kansas,Big 12,@ Texas,L 0-3,3,NA,34,17,106,0.16,32,5,4,42,4,2,10,NA,7,46,NA
2020-2021,10/02/2020,Kansas,Big 12,@ Texas,L 0-3,3,NA,32,24,106,0.075,30,1,2,40,4,3,4,2,5,38,1
2020-2021,10/09/2020,Kansas,Big 12,West Virginia,L 2-3,5,NA,58,19,152,0.257,57,2,14,59,10,NA,12,NA,16,76,1
2020-2021,10/10/2020,Kansas,Big 12,West Virginia,L 2-3,5,NA,58,22,154,0.234,55,5,9,57,7,1,12,3,7,70,3
2020-2021,10/17/2020,Kansas,Big 12,@ Oklahoma,L 2-3,5,NA,55,19,150,0.24,51,NA,13,57,7,1,22,NA,12,80,1
2020-2021,10/17/2020,Kansas,Big 12,@ Oklahoma,L 0-3,3,NA,31,21,97,0.103,27,3,5,40,7,NA,16,1,8,42,4
2020-2021,10/29/2020,Kansas,Big 12,Kansas St.,W 3-1,4,NA,42,12,93,0.323,38,9,12,31,9,1,12,NA,7,58,NA
2020-2021,10/30/2020,Kansas,Big 12,Kansas St.,L 2-3,5,NA,55,23,159,0.201,50,11,13,57,5,3,20,4,13,79,1
2020-2021,11/13/2020,Kansas,Big 12,@ Iowa St.,W 3-2,5,NA,57,21,165,0.218,53,9,10,74,4,1,14,1,8,74,1
2020-2021,11/14/2020,Kansas,Big 12,@ Iowa St.,L 1-3,4,NA,40,25,142,0.106,38,5,7,64,6,2,14,1,9,54,1
2020-2021,11/19/2020,Kansas,Big 12,Texas Tech,W 3-1,4,NA,47,17,141,0.213,42,5,8,63,3,NA,20,NA,10,62,3
2020-2021,11/20/2020,Kansas,Big 12,Texas Tech,W 3-1,4,NA,58,18,158,0.253,52,6,6,74,4,2,16,NA,10,74,NA
2020-2021,02/26/2021,Kansas,Big 12,Xavier,L 1-3,4,NA,56,14,159,0.264,54,3,8,77,4,4,12,NA,10,69,1
2020-2021,03/05/2021,Kansas,Big 12,Texas St.,W 3-0,3,NA,39,8,79,0.392,37,6,7,40,1,NA,14,NA,7,52,1
2020-2021,03/12/2021,Kansas,Big 12,@ TCU,W 3-1,4,NA,57,13,136,0.324,50,3,7,58,4,4,20,1,14,74,1
2020-2021,03/13/2021,Kansas,Big 12,@ TCU,W 3-1,4,NA,50,16,127,0.268,47,2,5,56,3,3,22,2,14,66,1
2020-2021,03/18/2021,Kansas,Big 12,@ Wichita St.,W 3-1,4,NA,54,18,148,0.243,49,6,11,72,3,2,8,1,6,66,NA
2020-2021,03/20/2021,Kansas,Big 12,Wichita St.,W 3-0,3,NA,49,12,111,0.333,42,1,7,48,1,4,8,1,8,58,3
2020-2021,04/02/2021,Kansas,Big 12,Arkansas St.,W 3-0,3,NA,38,10,89,0.315,33,7,6,44,4,1,18,2,10,55,1
2020-2021,04/03/2021,Kansas,Big 12,Arkansas St.,W 3-0,3,NA,42,9,118,0.28,39,5,4,67,4,1,14,NA,8,55,NA
2020-2021,09/25/2020,Kansas St.,Big 12,Iowa St.,L 2-3,5,NA,68,22,172,0.267,63,6,13,76,7,2,12,2,8,82,1
2020-2021,09/26/2020,Kansas St.,Big 12,Iowa St.,W 3-1,4,NA,53,20,141,0.234,50,4,4,56,4,2,13,2,8.5,65.5,NA
2020-2021,10/01/2020,Kansas St.,Big 12,@ West Virginia,W 3-2,5,NA,62,23,164,0.238,56,6,10,66,3,2,26,4,15,83,1
2020-2021,10/02/2020,Kansas St.,Big 12,@ West Virginia,W 3-2,5,NA,67,27,NA,0.197,57,7,11,87,3,1,24,NA,13,87,3
2020-2021,10/16/2020,Kansas St.,Big 12,Texas,L 2-3,5,NA,60,27,164,0.201,60,9,3,76,8,2,6,1,5,74,1
2020-2021,10/17/2020,Kansas St.,Big 12,Texas,L 0-3,3,NA,32,19,92,0.141,30,1,4,37,6,NA,8,1,4,37,NA
2020-2021,10/22/2020,Kansas St.,Big 12,Oklahoma,W 3-0,3,NA,46,18,109,0.257,43,9,10,47,3,NA,11,1,5.5,60.5,2
2020-2021,10/23/2020,Kansas St.,Big 12,Oklahoma,W 3-2,5,NA,59,33,164,0.159,54,5,14,73,8,1,12,NA,7,71,1
2020-2021,10/29/2020,Kansas St.,Big 12,@ Kansas,L 1-3,4,NA,44,17,101,0.267,38,9,15,35,9,1,10,1,6,59,1
2020-2021,10/30/2020,Kansas St.,Big 12,@ Kansas,W 3-2,5,NA,61,24,148,0.25,56,5,7,73,11,1,20,NA,11,77,1
2020-2021,11/06/2020,Kansas St.,Big 12,@ Texas Tech,W 3-2,5,NA,57,26,159,0.195,55,6,4,80,9,1,20,1,11,74,4
2020-2021,11/07/2020,Kansas St.,Big 12,@ Texas Tech,W 3-0,3,NA,41,10,86,0.36,40,3,4,46,2,1,8,1,5,49,NA
2020-2021,11/13/2020,Kansas St.,Big 12,TCU,W 3-0,3,NA,40,7,90,0.367,36,6,8,37,3,2,14,1,9,55,NA
2020-2021,11/14/2020,Kansas St.,Big 12,TCU,W 3-2,5,NA,65,21,165,0.267,60,5,8,82,5,1,14,7,8,78,NA
2020-2021,11/20/2020,Kansas St.,Big 12,@ Baylor,L 1-3,4,NA,49,30,153,0.124,46,2,9,57,4,2,12,NA,8,59,1
2020-2021,11/21/2020,Kansas St.,Big 12,@ Baylor,L 0-3,3,NA,29,17,90,0.133,28,3,9,32,5,NA,6,NA,3,35,2
2020-2021,02/25/2021,Kansas St.,Big 12,Wichita St.,Ppd,NA,NA,NA,NA,NA,NA,NA,NA,NA,NA,NA,NA,NA,NA,NA,NA,NA
2020-2021,02/27/2021,Kansas St.,Big 12,@ Wichita St.,Ppd,NA,NA,NA,NA,NA,NA,NA,NA,NA,NA,NA,NA,NA,NA,NA,NA,NA
2020-2021,03/04/2021,Kansas St.,Big 12,Texas St.,L 2-3,5,NA,68,28,193,0.207,65,8,12,89,5,NA,14,1,7,83,1
2020-2021,03/14/2021,Kansas St.,Big 12,Saint Louis,W 3-0,3,NA,45,15,109,0.275,41,3,9,48,3,NA,12,1,6,54,NA
2020-2021,03/20/2021,Kansas St.,Big 12,Creighton,W 3-1,4,NA,63,12,130,0.392,61,7,12,58,5,1,6,2,4,74,NA
2020-2021,03/27/2021,Kansas St.,Big 12,Wayne St. (NE),Canceled,NA,NA,NA,NA,NA,NA,NA,NA,NA,NA,NA,NA,NA,NA,NA,NA,NA
2020-2021,03/28/2021,Kansas St.,Big 12,Wayne St. (NE),W 3-0,3,NA,45,22,133,0.173,43,8,9,61,1,1,22,1,12,65,2
2020-2021,03/31/2021,Kansas St.,Big 12,@ Baylor,L 0-3,3,NA,34,20,113,0.124,29,1,7,41,3,NA,10,1,5,40,NA
2020-2021,09/24/2020,Oklahoma,Big 12,Texas,L 0-3,3,NA,24,13,74,0.149,22,3,7,25,4,1,8,NA,5,32,NA
2020-2021,09/25/2020,Oklahoma,Big 12,Texas,L 1-3,4,NA,43,24,125,0.152,40,5,5,43,2,1,18,5,10,58,NA
2020-2021,10/08/2020,Oklahoma,Big 12,@ Baylor,L 2-3,5,NA,51,21,137,0.219,51,5,12,62,6,1,10,1,6,62,2
2020-2021,10/09/2020,Oklahoma,Big 12,@ Baylor,L 0-3,3,NA,23,20,101,0.03,23,1,9,42,3,NA,14,NA,7,31,NA
2020-2021,10/17/2020,Oklahoma,Big 12,Kansas,W 3-2,5,NA,61,20,149,0.275,57,7,7,68,NA,3,6,NA,6,74,NA
2020-2021,10/17/2020,Oklahoma,Big 12,Kansas,W 3-0,3,NA,38,21,104,0.163,32,7,9,34,3,1,14,2,8,53,4
2020-2021,10/22/2020,Oklahoma,Big 12,@ Kansas St.,L 0-3,3,NA,22,14,87,0.092,19,3,2,39,9,NA,12,3,6,31,3
2020-2021,10/23/2020,Oklahoma,Big 12,@ Kansas St.,L 2-3,5,NA,46,27,158,0.12,43,8,13,60,5,1,NA,2,NA,73,2
2020-2021,11/06/2020,Oklahoma,Big 12,TCU,Ppd,NA,NA,NA,NA,NA,NA,NA,NA,NA,NA,NA,NA,NA,NA,NA,NA,NA
2020-2021,11/07/2020,Oklahoma,Big 12,TCU,Ppd,NA,NA,NA,NA,NA,NA,NA,NA,NA,NA,NA,NA,NA,NA,NA,NA,NA
2020-2021,11/12/2020,Oklahoma,Big 12,@ Texas Tech,L 1-3,4,NA,55,17,134,0.284,50,3,14,48,3,2,22,1,13,71,5
2020-2021,11/13/2020,Oklahoma,Big 12,@ Texas Tech,L 0-3,3,NA,36,18,105,0.171,36,1,8,46,7,NA,10,NA,5,42,2
2020-2021,11/19/2020,Oklahoma,Big 12,West Virginia,W 3-1,4,NA,53,17,126,0.286,51,4,13,45,6,1,30,2,16,73,1
2020-2021,11/20/2020,Oklahoma,Big 12,West Virginia,L 1-3,4,NA,58,19,146,0.267,57,4,13,56,7,2,12,3,8,70,3
2020-2021,02/26/2021,Oklahoma,Big 12,@ Texas,L 0-3,3,NA,38,12,94,0.277,31,1,6,34,4,NA,8,NA,4,43,2
2020-2021,02/27/2021,Oklahoma,Big 12,@ Texas,L 0-3,3,NA,31,15,85,0.188,28,3,11,27,6,2,12,NA,8,42,1
2020-2021,03/04/2021,Oklahoma,Big 12,@ North Texas,L 1-3,4,NA,56,21,129,0.271,47,4,14,52,8,3,18,5,12,72,4
2020-2021,03/05/2021,Oklahoma,Big 12,@ TCU,W 3-0,3,NA,46,10,92,0.391,44,5,6,39,1,NA,12,NA,6,57,NA
2020-2021,03/06/2021,Oklahoma,Big 12,@ Baylor,Ppd,NA,NA,NA,NA,NA,NA,NA,NA,NA,NA,NA,NA,NA,NA,NA,NA,NA
2020-2021,03/08/2021,Oklahoma,Big 12,@ Baylor,Canceled,NA,NA,NA,NA,NA,NA,NA,NA,NA,NA,NA,NA,NA,NA,NA,NA,NA
2020-2021,03/19/2021,Oklahoma,Big 12,@ Iowa St.,Canceled,NA,NA,NA,NA,NA,NA,NA,NA,NA,NA,NA,NA,NA,NA,NA,NA,NA
2020-2021,03/20/2021,Oklahoma,Big 12,@ Iowa St.,Canceled,NA,NA,NA,NA,NA,NA,NA,NA,NA,NA,NA,NA,NA,NA,NA,NA,NA
2020-2021,03/26/2021,Oklahoma,Big 12,TCU,L 1-3,4,NA,45,21,120,0.2,41,1,10,42,6,1,20,NA,11,57,1
2020-2021,03/27/2021,Oklahoma,Big 12,TCU,L 1-3,4,NA,51,24,146,0.185,45,4,7,64,6,NA,20,NA,10,65,3
2020-2021,10/02/2020,TCU,Big 12,@ Baylor,L 0-3,3,NA,29,17,86,0.14,26,2,2,38,6,NA,2,1,1,32,1
2020-2021,10/03/2020,TCU,Big 12,@ Baylor,L 0-3,3,NA,25,27,98,-0.02,24,1,4,31,3,NA,2,1,1,27,NA
2020-2021,10/08/2020,TCU,Big 12,Texas Tech,W 3-2,5,NA,76,31,173,0.26,NA,5,10,70,4,2,10,2,7,88,NA
2020-2021,10/09/2020,TCU,Big 12,Texas Tech,L 1-3,4,NA,46,24,161,0.137,41,6,7,68,1,2,14,2,9,61,NA
2020-2021,10/15/2020,TCU,Big 12,@ West Virginia,L 2-3,5,NA,63,27,173,0.208,55,3,13,71,1,1,18,NA,10,76,NA
2020-2021,10/16/2020,TCU,Big 12,@ West Virginia,L 1-3,4,NA,65,32,181,0.182,60,3,10,83,1,1,16,NA,9,77,NA
2020-2021,11/06/2020,TCU,Big 12,@ Oklahoma,Ppd,NA,NA,NA,NA,NA,NA,NA,NA,NA,NA,NA,NA,NA,NA,NA,NA,NA
2020-2021,11/07/2020,TCU,Big 12,@ Oklahoma,Ppd,NA,NA,NA,NA,NA,NA,NA,NA,NA,NA,NA,NA,NA,NA,NA,NA,NA
2020-2021,11/13/2020,TCU,Big 12,@ Kansas St.,L 0-3,3,NA,28,20,91,0.088,27,3,6,38,6,NA,6,NA,3,34,3
2020-2021,11/14/2020,TCU,Big 12,@ Kansas St.,L 2-3,5,NA,66,30,199,0.181,63,5,10,71,5,1,18,2,10,81,NA
2020-2021,11/20/2020,TCU,Big 12,Iowa St.,L 1-3,4,NA,38,26,152,0.079,36,1,6,50,6,1,14,1,8,47,NA
2020-2021,11/21/2020,TCU,Big 12,Iowa St.,L 2-3,5,NA,62,26,176,0.205,56,8,9,64,3,1,18,2,10,80,NA
2020-2021,02/25/2021,TCU,Big 12,@ Tarleton St.,L 1-3,4,NA,55,25,146,0.205,52,7,11,55,5,1,4,1,3,65,NA
2020-2021,02/27/2021,TCU,Big 12,Texas St.,L 0-3,3,NA,35,19,101,0.158,30,1,4,35,3,NA,10,NA,5,41,1
2020-2021,03/05/2021,TCU,Big 12,Oklahoma,L 0-3,3,NA,40,16,103,0.233,39,1,6,34,5,NA,6,3,3,44,NA
2020-2021,03/05/2021,TCU,Big 12,@ UT Arlington,Canceled,NA,NA,NA,NA,NA,NA,NA,NA,NA,NA,NA,NA,NA,NA,NA,NA,NA
2020-2021,03/06/2021,TCU,Big 12,UT Arlington,Canceled,NA,NA,NA,NA,NA,NA,NA,NA,NA,NA,NA,NA,NA,NA,NA,NA,NA
2020-2021,03/12/2021,TCU,Big 12,Kansas,L 1-3,4,NA,47,27,144,0.139,43,4,4,59,3,NA,10,2,5,56,4
2020-2021,03/13/2021,TCU,Big 12,Kansas,L 1-3,4,NA,50,31,146,0.13,48,3,8,55,2,3,10,NA,8,61,3
2020-2021,03/18/2021,TCU,Big 12,@ Texas St.,W 3-1,4,NA,48,22,134,0.194,47,5,7,58,3,3,20,NA,13,66,2
2020-2021,03/20/2021,TCU,Big 12,Tarleton St.,L 2-3,5,NA,74,27,172,0.273,NA,6,15,75,2,NA,12,NA,6,86,1
2020-2021,03/26/2021,TCU,Big 12,@ Oklahoma,W 3-1,4,NA,51,18,118,0.28,46,6,8,48,1,3,16,NA,11,68,1
2020-2021,03/27/2021,TCU,Big 12,@ Oklahoma,W 3-1,4,NA,54,26,152,0.184,52,6,10,56,4,3,18,2,12,72,NA
2020-2021,04/01/2021,TCU,Big 12,Texas,L 0-3,3,NA,40,18,90,0.244,39,1,8,32,4,NA,2,2,1,42,NA
2020-2021,04/02/2021,TCU,Big 12,Texas,L 0-3,3,NA,41,17,96,0.25,34,4,4,36,6,NA,10,3,5,50,NA
2020-2021,09/24/2020,Texas,Big 12,@ Oklahoma,W 3-0,3,NA,48,14,89,0.382,42,4,13,34,3,NA,14,1,7,59,NA
2020-2021,09/25/2020,Texas,Big 12,@ Oklahoma,W 3-1,4,NA,69,14,141,0.39,66,2,14,48,5,1,19,2,10.5,81.5,NA
2020-2021,10/01/2020,Texas,Big 12,Kansas,W 3-0,3,NA,48,17,117,0.265,47,4,7,46,5,2,14,NA,9,61,NA
2020-2021,10/02/2020,Texas,Big 12,Kansas,W 3-0,3,NA,44,13,103,0.301,40,4,6,42,1,4,16,NA,12,60,2
2020-2021,10/08/2020,Texas,Big 12,Iowa St.,W 3-0,3,NA,44,7,98,0.378,42,6,11,34,3,1,14,1,8,58,NA
2020-2021,10/09/2020,Texas,Big 12,Iowa St.,W 3-0,3,NA,45,10,104,0.337,43,4,8,43,4,2,14,2,9,58,NA
2020-2021,10/16/2020,Texas,Big 12,@ Kansas St.,W 3-2,5,NA,67,14,165,0.321,63,8,10,67,9,1,22,6,12,87,1
2020-2021,10/17/2020,Texas,Big 12,@ Kansas St.,W 3-0,3,NA,44,7,95,0.389,41,6,7,36,1,2,18,1,11,61,NA
2020-2021,10/22/2020,Texas,Big 12,Texas Tech,W 3-0,3,NA,50,7,110,0.391,45,5,5,51,1,3,17,1,11.5,66.5,NA
2020-2021,10/23/2020,Texas,Big 12,Texas Tech,W 3-0,3,NA,45,3,87,0.483,41,9,6,51,8,1,16,NA,9,63,NA
2020-2021,11/06/2020,Texas,Big 12,Baylor,W 3-2,5,NA,67,19,163,0.294,65,8,14,64,1,2,16,2,10,85,NA
2020-2021,11/08/2020,Texas,Big 12,Baylor,W 3-2,5,NA,53,24,137,0.212,53,6,NA,57,5,1,24,1,13,72,NA
2020-2021,11/12/2020,Texas,Big 12,@ West Virginia,W 3-1,4,NA,51,9,131,0.321,50,6,14,58,5,1,24,NA,13,70,NA
2020-2021,11/13/2020,Texas,Big 12,@ West Virginia,W 3-0,3,NA,43,8,105,0.333,39,2,4,50,3,NA,16,NA,8,53,NA
2020-2021,02/25/2021,Texas,Big 12,@ UTSA,Ppd,NA,NA,NA,NA,NA,NA,NA,NA,NA,NA,NA,NA,NA,NA,NA,NA,NA
2020-2021,02/26/2021,Texas,Big 12,Oklahoma,W 3-0,3,NA,50,12,105,0.362,43,4,7,37,1,1,6,NA,4,58,NA
2020-2021,02/27/2021,Texas,Big 12,Oklahoma,W 3-0,3,NA,41,14,90,0.3,32,6,7,33,3,1,12,NA,7,54,NA
2020-2021,03/03/2021,Texas,Big 12,Baylor,W 3-1,4,NA,55,15,151,0.265,52,7,14,51,2,NA,28,1,14,76,NA
2020-2021,03/08/2021,Texas,Big 12,Texas St.,W 3-0,3,NA,45,14,105,0.295,38,7,6,44,3,1,19,NA,10.5,62.5,NA
2020-2021,03/10/2021,Texas,Big 12,A&M-Corpus Christi,W 3-0,3,NA,49,8,107,0.383,47,8,12,48,2,NA,8,1,4,61,NA
2020-2021,03/16/2021,Texas,Big 12,@ Texas St.,W 3-0,3,NA,53,9,105,0.419,49,6,8,59,4,2,10,NA,7,66,1
2020-2021,03/23/2021,Texas,Big 12,Rice,L 2-3,5,NA,59,20,150,0.26,50,NA,13,50,3,3,14,NA,10,82,1
2020-2021,03/26/2021,Texas,Big 12,@ Baylor,W 3-1,4,NA,54,23,135,0.23,52,6,NA,48,4,2,26,1,15,75,NA
2020-2021,04/01/2021,Texas,Big 12,@ TCU,W 3-0,3,NA,44,2,81,0.519,38,4,9,23,1,2,14,3,9,57,NA
2020-2021,04/02/2021,Texas,Big 12,@ TCU,W 3-0,3,NA,46,9,95,0.389,40,6,7,33,4,2,20,NA,12,64,NA
2020-2021,04/15/2021,Texas,Big 12,"Wright St. @Omaha, NE (2020 NCAA DI Women's Volleyball Championship)",W 3-0,3,NA,37,5,83,0.386,37,3,6,38,2,NA,30,3,15,55,NA
2020-2021,04/18/2021,Texas,Big 12,"#13 Penn St. @Omaha, NE (2020 NCAA DI Women's Volleyball Championship)",W 3-1,4,NA,70,17,150,0.353,65,5,11,58,6,1,12,4,7,82,1
2020-2021,04/19/2021,Texas,Big 12,"#5 Nebraska @Omaha, NE (2020 NCAA DI Women's Volleyball Championship)",W 3-1,4,NA,58,15,128,0.336,53,8,15,45,9,NA,25,6,12.5,78.5,NA
2020-2021,04/22/2021,Texas,Big 12,"#1 Wisconsin @Omaha, NE (2020 NCAA DI Women's Volleyball Championship)",W 3-0,3,NA,55,14,136,0.301,52,2,8,58,3,1,8,2,5,62,NA
2020-2021,04/24/2021,Texas,Big 12,"#2 Kentucky @Omaha, NE (2020 NCAA DI Women's Volleyball Championship)",L 1-3,4,NA,61,14,141,0.333,58,4,7,48,4,NA,14,5,7,72,NA
2020-2021,09/24/2020,Texas Tech,Big 12,West Virginia,W 3-0,3,NA,34,8,93,0.28,33,3,7,43,1,NA,14,1,7,44,1
2020-2021,09/25/2020,Texas Tech,Big 12,West Virginia,L 1-3,4,NA,64,22,153,0.275,60,3,8,66,3,1,11,1,6.5,73.5,1
2020-2021,10/02/2020,Texas Tech,Big 12,@ Iowa St.,L 1-3,4,NA,39,20,134,0.142,35,3,8,48,8,2,8,1,6,48,2
2020-2021,10/03/2020,Texas Tech,Big 12,@ Iowa St.,W 3-2,5,NA,67,26,193,0.212,63,6,7,88,8,2,12,2,8,81,NA
2020-2021,10/08/2020,Texas Tech,Big 12,@ TCU,L 2-3,5,NA,62,17,161,0.28,59,4,14,58,5,4,21,NA,14.5,80.5,NA
2020-2021,10/09/2020,Texas Tech,Big 12,@ TCU,W 3-1,4,NA,64,17,161,0.292,56,1,12,77,6,1,20,1,11,76,1
2020-2021,10/16/2020,Texas Tech,Big 12,Baylor,L 2-3,5,NA,50,20,142,0.211,47,6,4,52,3,2,18,1,11,67,2
2020-2021,10/17/2020,Texas Tech,Big 12,Baylor,L 0-3,3,NA,39,25,122,0.115,38,5,7,54,3,NA,4,NA,2,46,1
2020-2021,10/22/2020,Texas Tech,Big 12,@ Texas,L 0-3,3,NA,35,17,112,0.161,33,1,3,48,5,NA,2,1,1,37,NA
2020-2021,10/23/2020,Texas Tech,Big 12,@ Texas,L 0-3,3,NA,27,14,98,0.133,24,8,5,36,9,NA,4,NA,2,37,1
2020-2021,11/06/2020,Texas Tech,Big 12,Kansas St.,L 2-3,5,NA,53,25,162,0.173,49,9,9,71,6,1,22,NA,12,74,2
2020-2021,11/07/2020,Texas Tech,Big 12,Kansas St.,L 0-3,3,NA,33,19,102,0.137,31,2,8,33,3,NA,6,1,3,38,3
2020-2021,11/12/2020,Texas Tech,Big 12,Oklahoma,W 3-1,4,NA,62,22,140,0.286,55,3,12,56,3,NA,12,2,6,71,NA
2020-2021,11/13/2020,Texas Tech,Big 12,Oklahoma,W 3-0,3,NA,38,11,103,0.262,35,7,6,45,1,NA,8,1,4,49,1
2020-2021,11/19/2020,Texas Tech,Big 12,@ Kansas,L 1-3,4,NA,49,25,156,0.154,41,3,NA,62,5,3,12,NA,9,61,3
2020-2021,11/20/2020,Texas Tech,Big 12,@ Kansas,L 1-3,4,NA,53,19,161,0.211,47,4,16,69,6,4,10,NA,9,66,1
2020-2021,02/25/2021,Texas Tech,Big 12,@ Houston,L 0-3,3,NA,37,17,106,0.189,34,2,14,38,5,2,14,NA,9,48,NA
2020-2021,02/26/2021,Texas Tech,Big 12,@ Houston,W 3-2,5,NA,60,23,161,0.23,57,6,6,68,6,6,14,NA,13,79,1
2020-2021,02/28/2021,Texas Tech,Big 12,@ Tulane,Canceled,NA,NA,NA,NA,NA,NA,NA,NA,NA,NA,NA,NA,NA,NA,NA,NA,NA
2020-2021,03/11/2021,Texas Tech,Big 12,@ Tarleton St.,W 3-1,4,NA,63,11,143,0.364,61,10,15,62,7,1,12,1,7,80,NA
2020-2021,03/17/2021,Texas Tech,Big 12,@ North Texas,L 0-3,3,NA,39,14,112,0.223,36,4,5,44,4,1,12,1,7,50,2
2020-2021,03/19/2021,Texas Tech,Big 12,@ SMU,W 3-2,5,NA,NA,19,200,0.29,69,5,14,79,6,NA,16,2,8,90,NA
2020-2021,03/20/2021,Texas Tech,Big 12,@ SMU,W 3-2,5,NA,71,15,161,0.348,60,5,12,64,6,5,16,1,13,89,1
2020-2021,03/26/2021,Texas Tech,Big 12,@ Texas St.,Canceled,NA,NA,NA,NA,NA,NA,NA,NA,NA,NA,NA,NA,NA,NA,NA,NA,NA
2020-2021,03/27/2021,Texas Tech,Big 12,@ Texas St.,Canceled,NA,NA,NA,NA,NA,NA,NA,NA,NA,NA,NA,NA,NA,NA,NA,NA,NA
2020-2021,09/24/2020,West Virginia,Big 12,@ Texas Tech,L 0-3,3,NA,44,26,126,0.143,39,1,9,45,3,2,10,NA,7,52,2
2020-2021,09/25/2020,West Virginia,Big 12,@ Texas Tech,W 3-1,4,NA,62,20,154,0.273,56,3,5,63,3,1,16,1,9,74,1
2020-2021,10/01/2020,West Virginia,Big 12,Kansas St.,L 2-3,5,NA,72,32,186,0.215,64,3,8,67,6,NA,18,2,9,84,NA
2020-2021,10/02/2020,West Virginia,Big 12,Kansas St.,L 2-3,5,NA,56,27,186,0.156,48,3,9,91,7,2,20,NA,12,71,NA
2020-2021,10/09/2020,West Virginia,Big 12,@ Kansas,W 3-2,5,NA,56,NA,161,0.124,50,10,8,57,2,7,8,NA,11,77,NA
2020-2021,10/10/2020,West Virginia,Big 12,@ Kansas,W 3-2,5,NA,68,22,156,0.295,63,7,14,64,5,2,16,NA,10,85,NA
2020-2021,10/15/2020,West Virginia,Big 12,TCU,W 3-2,5,NA,56,25,169,0.183,48,1,8,66,3,NA,20,1,10,67,1
2020-2021,10/16/2020,West Virginia,Big 12,TCU,W 3-1,4,NA,47,24,168,0.137,43,1,2,68,3,2,28,NA,16,64,NA
2020-2021,10/29/2020,West Virginia,Big 12,@ Baylor,L 1-3,4,NA,42,34,145,0.055,40,1,5,62,7,NA,10,1,5,48,NA
2020-2021,10/30/2020,West Virginia,Big 12,@ Baylor,L 0-3,3,NA,27,24,94,0.032,27,5,3,28,1,1,6,NA,4,36,NA
2020-2021,11/06/2020,West Virginia,Big 12,Iowa St.,W 3-2,5,NA,56,NA,171,0.117,52,5,10,72,1,NA,16,NA,8,69,NA
2020-2021,11/07/2020,West Virginia,Big 12,Iowa St.,W 3-0,3,NA,36,15,98,0.214,34,4,7,45,2,NA,14,NA,7,47,NA
2020-2021,11/12/2020,West Virginia,Big 12,Texas,L 1-3,4,NA,43,30,148,0.088,38,5,7,59,6,NA,4,NA,2,50,1
2020-2021,11/13/2020,West Virginia,Big 12,Texas,L 0-3,3,NA,28,26,117,0.017,26,3,3,46,2,NA,4,NA,2,33,NA
2020-2021,11/19/2020,West Virginia,Big 12,@ Oklahoma,L 1-3,4,NA,49,31,132,0.136,48,6,8,51,4,1,12,1,7,62,NA
2020-2021,11/20/2020,West Virginia,Big 12,@ Oklahoma,W 3-1,4,NA,56,18,140,0.271,49,7,6,59,4,NA,15,NA,7.5,70.5,1
2020-2021,03/12/2021,West Virginia,Big 12,@ Western Ky.,L 1-3,4,NA,57,26,141,0.22,55,6,12,58,2,1,14,2,8,71,NA
2020-2021,03/17/2021,West Virginia,Big 12,@ George Washington,Canceled,NA,NA,NA,NA,NA,NA,NA,NA,NA,NA,NA,NA,NA,NA,NA,NA,NA
2020-2021,03/19/2021,West Virginia,Big 12,@ Delaware,W 3-1,4,NA,57,19,142,0.268,50,6,11,68,4,1,12,1,7,70,1
2020-2021,03/24/2021,West Virginia,Big 12,@ Pittsburgh,L 0-3,3,NA,23,22,80,0.013,20,NA,3,17,10,NA,8,1,4,27,NA
2020-2021,03/29/2021,West Virginia,Big 12,@ Delaware,L 2-3,5,NA,60,28,183,0.175,58,4,9,91,8,3,22,NA,14,78,NA
2020-2021,03/30/2021,West Virginia,Big 12,@ Old Dominion,W 3-1,4,NA,54,26,148,0.189,48,5,13,79,7,3,10,NA,8,67,1
2020-2021,01/29/2021,Butler,Big East,"Valparaiso @Chicago, IL",L 0-3,3,NA,36,31,133,0.038,34,1,6,64,3,NA,16,1,8,45,1
2020-2021,01/29/2021,Butler,Big East,@ Loyola Chicago,L 2-3,5,NA,65,32,NA,0.148,61,2,10,101,10,2,12,1,8,75,NA
2020-2021,01/31/2021,Butler,Big East,@ Bellarmine,W 3-2,5,NA,58,27,166,0.187,51,8,4,59,5,5,18,NA,14,80,3
2020-2021,02/04/2021,Butler,Big East,Indiana St.,W 3-2,5,NA,67,22,188,0.239,63,10,4,92,6,1,12,NA,7,84,NA
2020-2021,02/09/2021,Butler,Big East,@ Saint Louis,L 0-3,3,NA,39,22,114,0.149,39,6,10,44,9,1,10,1,6,51,NA
2020-2021,02/20/2021,Butler,Big East,Cincinnati,Canceled,NA,NA,NA,NA,NA,NA,NA,NA,NA,NA,NA,NA,NA,NA,NA,NA,NA
2020-2021,02/23/2021,Butler,Big East,Marian (IN),W 3-0,3,NA,52,16,144,0.25,50,3,6,67,3,3,6,NA,6,61,NA
2020-2021,02/26/2021,Butler,Big East,@ DePaul,L 2-3,5,NA,59,33,179,0.145,54,6,11,81,4,1,8,1,5,70,4
2020-2021,02/27/2021,Butler,Big East,@ DePaul,L 0-3,3,NA,33,25,111,0.072,30,NA,1,39,3,2,6,1,5,38,2
2020-2021,03/05/2021,Butler,Big East,Marquette,W 3-2,5,NA,45,25,171,0.117,42,5,9,87,4,4,NA,1,NA,71,NA
2020-2021,03/06/2021,Butler,Big East,Marquette,L 0-3,3,NA,24,20,106,0.038,21,2,2,48,3,1,14,1,8,34,NA
2020-2021,03/12/2021,Butler,Big East,Creighton,L 0-3,3,NA,29,19,104,0.096,28,2,7,30,3,NA,10,1,5,36,NA
2020-2021,03/13/2021,Butler,Big East,Creighton,L 0-3,3,NA,24,20,123,0.033,20,3,10,58,3,1,10,1,6,33,NA
2020-2021,03/19/2021,Butler,Big East,@ Xavier,L 1-3,4,NA,58,18,176,0.227,55,3,4,93,7,NA,10,3,5,66,1
2020-2021,03/20/2021,Butler,Big East,@ Xavier,L 1-3,4,NA,46,23,170,0.135,42,6,5,82,3,2,14,1,9,61,NA
2020-2021,01/22/2021,Creighton,Big East,Omaha,W 3-0,3,NA,41,17,121,0.198,38,6,8,52,4,1,18,1,10,57,1
2020-2021,01/24/2021,Creighton,Big East,UNI,W 3-0,3,NA,38,12,80,0.325,34,5,12,29,2,1,18,1,10,53,NA
2020-2021,01/29/2021,Creighton,Big East,South Dakota,L 2-3,5,NA,58,NA,193,0.109,53,10,10,90,5,NA,20,1,10,78,1
2020-2021,01/31/2021,Creighton,Big East,@ South Dakota,W 3-2,5,NA,63,25,169,0.225,57,10,8,66,7,NA,14,4,7,80,1
2020-2021,02/05/2021,Creighton,Big East,Marquette,W 3-2,5,NA,58,22,156,0.231,55,9,10,66,9,1,30,3,16,83,2
2020-2021,02/06/2021,Creighton,Big East,Marquette,L 0-3,3,NA,36,18,104,0.173,34,1,6,46,10,NA,16,2,8,45,NA
2020-2021,02/26/2021,Creighton,Big East,Xavier,Canceled,NA,NA,NA,NA,NA,NA,NA,NA,NA,NA,NA,NA,NA,NA,NA,NA,NA
2020-2021,02/27/2021,Creighton,Big East,Xavier,Canceled,NA,NA,NA,NA,NA,NA,NA,NA,NA,NA,NA,NA,NA,NA,NA,NA,NA
2020-2021,03/05/2021,Creighton,Big East,DePaul,W 3-2,5,NA,60,20,142,0.282,54,6,13,52,8,NA,26,2,13,79,1
2020-2021,03/06/2021,Creighton,Big East,DePaul,W 3-0,3,NA,47,10,96,0.385,44,3,8,35,3,2,27,1,15.5,65.5,1
2020-2021,03/12/2021,Creighton,Big East,@ Butler,W 3-0,3,NA,44,11,90,0.367,42,3,6,49,2,NA,8,NA,4,51,NA
2020-2021,03/13/2021,Creighton,Big East,@ Butler,W 3-0,3,NA,39,23,124,0.129,36,3,5,65,3,NA,14,1,7,49,NA
2020-2021,03/20/2021,Creighton,Big East,@ Kansas St.,L 1-3,4,NA,50,20,133,0.226,48,5,6,43,7,NA,6,1,3,58,NA
2020-2021,03/27/2021,Creighton,Big East,Iowa St.,Canceled,NA,NA,NA,NA,NA,NA,NA,NA,NA,NA,NA,NA,NA,NA,NA,NA,NA
2020-2021,03/27/2021,Creighton,Big East,Xavier,W 3-2,5,NA,64,27,170,0.218,58,7,5,71,10,1,16,2,9,80,NA
2020-2021,03/28/2021,Creighton,Big East,Xavier,W 3-0,3,NA,40,13,98,0.276,35,7,5,41,6,2,16,2,10,57,NA
2020-2021,04/02/2021,Creighton,Big East,#2 UConn 20-21 WVB Big East Volleyball Championship,W 3-0,3,NA,47,20,109,0.248,44,4,3,58,3,1,10,3,6,57,NA
2020-2021,04/03/2021,Creighton,Big East,#2 Marquette 20-21 WVB Big East Volleyball Championship,W 3-1,4,NA,58,28,157,0.191,58,5,8,63,7,1,30,3,16,79,NA
2020-2021,04/14/2021,Creighton,Big East,"Morehead St. @Omaha, NE (2020 NCAA DI Women's Volleyball Championship)",L 2-3,5,NA,66,21,163,0.276,61,5,11,72,7,2,18,3,11,82,1
2020-2021,02/12/2021,DePaul,Big East,@ Marquette,L 0-3,3,NA,29,18,95,0.116,28,4,7,34,5,NA,10,2,5,38,4
2020-2021,02/13/2021,DePaul,Big East,@ Marquette,L 0-3,3,NA,37,22,131,0.115,35,3,2,49,4,1,2,5,2,42,NA
2020-2021,02/16/2021,DePaul,Big East,Milwaukee,Ppd,NA,NA,NA,NA,NA,NA,NA,NA,NA,NA,NA,NA,NA,NA,NA,NA,NA
2020-2021,02/19/2021,DePaul,Big East,Xavier,L 2-3,5,NA,68,28,182,0.22,66,5,9,59,2,3,6,3,6,79,4
2020-2021,02/20/2021,DePaul,Big East,Xavier,W 3-2,5,NA,65,26,159,0.245,65,12,8,64,11,NA,14,3,14,91,NA
2020-2021,02/26/2021,DePaul,Big East,Butler,W 3-2,5,NA,62,23,182,0.214,60,4,9,74,6,1,20,3,11,77,4
2020-2021,02/27/2021,DePaul,Big East,Butler,W 3-0,3,NA,43,13,105,0.286,40,3,4,44,NA,5,6,2,8,54,3
2020-2021,03/05/2021,DePaul,Big East,@ Creighton,L 2-3,5,NA,43,30,141,0.092,40,8,2,51,6,1,12,2,7,58,5
2020-2021,03/06/2021,DePaul,Big East,@ Creighton,L 0-3,3,NA,31,20,92,0.12,28,3,1,33,3,NA,4,5,2,36,3
2020-2021,03/07/2021,DePaul,Big East,@ UNI,W 3-1,4,NA,56,27,138,0.21,52,9,6,58,8,6,10,2,11,76,1
2020-2021,03/12/2021,DePaul,Big East,Iowa St.,W 3-2,5,NA,60,29,162,0.191,58,5,9,63,6,3,8,1,7,72,1
2020-2021,03/13/2021,DePaul,Big East,Iowa St.,W 3-1,4,NA,59,23,169,0.213,52,9,2,72,8,NA,16,NA,8,76,3
2020-2021,No data available in table,Georgetown,Big East,No data available in table,No data available in table,NA,NA,NA,NA,NA,NA,NA,NA,NA,NA,NA,NA,NA,NA,NA,NA,NA
2020-2021,01/22/2021,Marquette,Big East,Illinois St.,W 3-0,3,NA,42,18,126,0.19,36,5,7,47,5,2,8,NA,6,53,NA
2020-2021,01/23/2021,Marquette,Big East,Illinois St.,L 2-3,5,NA,46,25,172,0.122,41,9,10,68,6,5,12,1,11,66,NA
2020-2021,01/30/2021,Marquette,Big East,@ UNI,W 3-1,4,NA,60,20,135,0.296,58,7,12,47,6,1,14,1,8,75,3
2020-2021,01/31/2021,Marquette,Big East,"Drake @Cedar Falls, IA",W 3-0,3,NA,47,14,140,0.236,42,4,5,76,2,2,10,NA,7,58,NA
2020-2021,02/05/2021,Marquette,Big East,@ Creighton,L 2-3,5,NA,49,33,160,0.1,45,9,5,71,9,NA,12,2,6,64,2
2020-2021,02/06/2021,Marquette,Big East,@ Creighton,W 3-0,3,NA,40,12,108,0.259,37,10,8,42,1,NA,6,2,3,53,NA
2020-2021,02/12/2021,Marquette,Big East,DePaul,W 3-0,3,NA,40,10,91,0.33,36,5,6,37,4,2,14,2,9,54,1
2020-2021,02/13/2021,Marquette,Big East,DePaul,W 3-0,3,NA,45,7,112,0.339,43,4,2,56,3,3,10,1,8,57,NA
2020-2021,02/25/2021,Marquette,Big East,Saint Louis,W 3-1,4,NA,60,25,181,0.193,57,3,6,85,4,3,13,NA,9.5,72.5,1
2020-2021,02/27/2021,Marquette,Big East,Iowa St.,W 3-0,3,NA,54,13,115,0.357,54,5,10,55,3,2,6,NA,5,64,NA
2020-2021,03/05/2021,Marquette,Big East,@ Butler,L 2-3,5,NA,53,35,203,0.089,48,4,9,87,5,3,18,3,12,69,NA
2020-2021,03/06/2021,Marquette,Big East,@ Butler,W 3-0,3,NA,49,14,122,0.287,44,3,7,51,2,NA,12,2,6,58,NA
2020-2021,03/13/2021,Marquette,Big East,@ Xavier,Ppd,NA,NA,NA,NA,NA,NA,NA,NA,NA,NA,NA,NA,NA,NA,NA,NA,NA
2020-2021,03/14/2021,Marquette,Big East,@ Xavier,Ppd,NA,NA,NA,NA,NA,NA,NA,NA,NA,NA,NA,NA,NA,NA,NA,NA,NA
2020-2021,04/02/2021,Marquette,Big East,"#1 St. John's (NY) @Omaha, NE (20-21 WVB Big East Volleyball Championship)",W 3-0,3,NA,43,15,100,0.28,41,10,9,41,4,1,12,3,7,60,1
2020-2021,04/03/2021,Marquette,Big East,@#1 Creighton 20-21 WVB Big East Volleyball Championship,L 1-3,4,NA,53,27,154,0.169,50,7,7,60,5,NA,10,2,5,65,1
2020-2021,02/14/2021,Providence,Big East,Bryant,W 3-1,4,NA,53,25,141,0.199,45,2,10,51,6,NA,28,NA,14,69,3
2020-2021,02/22/2021,Providence,Big East,Rhode Island,W 3-1,4,NA,55,21,145,0.234,46,3,9,47,3,3,14,NA,10,68,NA
2020-2021,03/05/2021,Providence,Big East,@ Seton Hall,L 2-3,5,NA,57,27,138,0.217,53,7,12,49,9,1,16,1,9,73,2
2020-2021,03/06/2021,Providence,Big East,@ Seton Hall,W 3-0,3,NA,40,16,117,0.205,37,4,4,58,NA,4,10,NA,9,53,NA
2020-2021,03/12/2021,Providence,Big East,UConn,W 3-1,4,NA,59,20,138,0.283,54,8,10,64,10,NA,10,NA,5,72,1
2020-2021,03/13/2021,Providence,Big East,UConn,W 3-1,4,NA,49,26,147,0.156,44,8,9,52,5,1,10,2,6,63,1
2020-2021,03/19/2021,Providence,Big East,@ St. John's (NY),L 1-3,4,NA,41,26,139,0.108,38,13,8,54,9,2,20,1,12,66,1
2020-2021,03/20/2021,Providence,Big East,@ St. John's (NY),L 0-3,3,NA,21,21,93,NA,20,2,7,29,4,NA,10,1,5,28,2
2020-2021,03/26/2021,Providence,Big East,Villanova,W 3-2,5,NA,59,24,143,0.245,49,9,9,54,3,1,18,2,10,78,NA
2020-2021,03/27/2021,Providence,Big East,Villanova,W 3-2,5,NA,62,25,168,0.22,51,8,13,68,8,4,12,4,10,80,1
2020-2021,02/15/2021,Seton Hall,Big East,NJIT,Ppd,NA,NA,NA,NA,NA,NA,NA,NA,NA,NA,NA,NA,NA,NA,NA,NA,NA
2020-2021,02/23/2021,Seton Hall,Big East,FDU,W 3-0,3,NA,49,11,106,0.358,37,3,4,53,3,2,8,1,6,58,NA
2020-2021,02/26/2021,Seton Hall,Big East,Hofstra,L 2-3,5,NA,55,20,163,0.215,48,4,8,65,5,3,13,1,9.5,68.5,1
2020-2021,02/26/2021,Seton Hall,Big East,@ Temple,Ppd,NA,NA,NA,NA,NA,NA,NA,NA,NA,NA,NA,NA,NA,NA,NA,NA,NA
2020-2021,02/27/2021,Seton Hall,Big East,Sacred Heart,W 3-1,4,NA,55,18,158,0.234,49,8,6,76,4,4,22,NA,15,78,1
2020-2021,03/05/2021,Seton Hall,Big East,Providence,W 3-2,5,NA,51,17,126,0.27,49,9,11,48,7,1,20,1,11,71,3
2020-2021,03/06/2021,Seton Hall,Big East,Providence,L 0-3,3,NA,38,25,125,0.104,35,NA,4,55,4,NA,12,1,6,44,NA
2020-2021,03/12/2021,Seton Hall,Big East,St. John's (NY),L 0-3,3,NA,36,20,117,0.137,30,1,7,43,1,NA,12,NA,6,43,NA
2020-2021,03/13/2021,Seton Hall,Big East,St. John's (NY),L 1-3,4,NA,35,16,142,0.134,33,4,8,54,8,NA,16,NA,8,47,1
2020-2021,03/19/2021,Seton Hall,Big East,@ Villanova,L 2-3,5,NA,52,22,167,0.18,46,7,3,70,NA,4,14,3,11,70,1
2020-2021,03/20/2021,Seton Hall,Big East,@ Villanova,W 3-2,5,NA,49,24,150,0.167,45,7,3,68,9,3,12,5,9,65,3
2020-2021,03/26/2021,Seton Hall,Big East,@ UConn,L 0-3,3,NA,23,20,97,0.031,21,4,4,45,6,1,14,NA,8,35,NA
2020-2021,03/27/2021,Seton Hall,Big East,@ UConn,L 1-3,4,NA,52,18,144,0.236,46,2,7,59,4,NA,10,NA,5,59,NA
2020-2021,02/03/2021,St. John's (NY),Big East,@ Fordham,W 3-1,4,NA,57,27,155,0.194,53,8,9,74,2,2,20,4,12,77,1
2020-2021,02/06/2021,St. John's (NY),Big East,@ Temple,L 0-3,3,NA,39,19,97,0.206,37,NA,8,26,2,NA,20,NA,10,49,1
2020-2021,02/13/2021,St. John's (NY),Big East,Sacred Heart,W 3-0,3,NA,40,10,87,0.345,40,4,5,35,1,3,14,2,10,54,NA
2020-2021,02/14/2021,St. John's (NY),Big East,Stony Brook,W 3-2,5,NA,66,21,157,0.287,64,6,7,67,9,2,22,1,13,85,2
2020-2021,02/15/2021,St. John's (NY),Big East,@ Northeastern,Ppd,NA,NA,NA,NA,NA,NA,NA,NA,NA,NA,NA,NA,NA,NA,NA,NA,NA
2020-2021,02/18/2021,St. John's (NY),Big East,Villanova,Ppd,NA,NA,NA,NA,NA,NA,NA,NA,NA,NA,NA,NA,NA,NA,NA,NA,NA
2020-2021,02/19/2021,St. John's (NY),Big East,Villanova,Ppd,NA,NA,NA,NA,NA,NA,NA,NA,NA,NA,NA,NA,NA,NA,NA,NA,NA
2020-2021,02/25/2021,St. John's (NY),Big East,@ UConn,L 1-3,4,NA,54,23,142,0.218,51,3,9,64,7,2,10,1,7,64,NA
2020-2021,02/26/2021,St. John's (NY),Big East,@ UConn,W 3-1,4,NA,65,20,137,0.328,63,4,12,57,9,1,14,1,8,77,NA
2020-2021,03/03/2021,St. John's (NY),Big East,@ Rhode Island,W 3-1,4,NA,54,17,131,0.282,49,7,7,49,4,4,6,NA,7,68,3
2020-2021,03/10/2021,St. John's (NY),Big East,Villanova,L 1-3,4,NA,58,32,140,0.186,57,5,9,60,7,NA,12,2,6,69,1
2020-2021,03/12/2021,St. John's (NY),Big East,@ Seton Hall,W 3-0,3,NA,41,11,104,0.288,38,1,8,50,1,2,14,NA,9,51,NA
2020-2021,03/13/2021,St. John's (NY),Big East,@ Seton Hall,W 3-1,4,NA,64,21,147,0.293,60,8,8,79,4,NA,6,1,3,75,NA
2020-2021,03/19/2021,St. John's (NY),Big East,Providence,W 3-1,4,NA,49,23,137,0.19,49,9,5,57,13,1,14,3,8,66,1
2020-2021,03/20/2021,St. John's (NY),Big East,Providence,W 3-0,3,NA,38,14,88,0.273,35,4,5,40,2,1,19,1,10.5,52.5,NA
2020-2021,03/23/2021,St. John's (NY),Big East,Villanova,W 3-0,3,NA,43,17,93,0.28,42,11,5,44,1,NA,4,2,2,56,2
2020-2021,04/02/2021,St. John's (NY),Big East,"#2 Marquette @Omaha, NE (20-21 WVB Big East Volleyball Championship)",L 0-3,3,NA,30,21,108,0.083,30,4,3,37,10,NA,20,3,10,44,NA
2020-2021,01/30/2021,UConn,Big East,@ Rhode Island,Canceled,NA,NA,NA,NA,NA,NA,NA,NA,NA,NA,NA,NA,NA,NA,NA,NA,NA
2020-2021,01/30/2021,UConn,Big East,@ Temple,L 1-3,4,NA,48,21,126,0.214,45,8,10,43,3,NA,22,1,11,67,1
2020-2021,01/31/2021,UConn,Big East,Rhode Island,Canceled,NA,NA,NA,NA,NA,NA,NA,NA,NA,NA,NA,NA,NA,NA,NA,NA,NA
2020-2021,02/05/2021,UConn,Big East,@ Northeastern,Canceled,NA,NA,NA,NA,NA,NA,NA,NA,NA,NA,NA,NA,NA,NA,NA,NA,NA
2020-2021,02/12/2021,UConn,Big East,@ Northeastern,Canceled,NA,NA,NA,NA,NA,NA,NA,NA,NA,NA,NA,NA,NA,NA,NA,NA,NA
2020-2021,02/25/2021,UConn,Big East,St. John's (NY),W 3-1,4,NA,46,19,138,0.196,39,7,7,57,3,2,18,4,11,64,NA
2020-2021,02/26/2021,UConn,Big East,St. John's (NY),L 1-3,4,NA,47,17,128,0.234,45,9,10,45,4,NA,22,3,11,67,NA
2020-2021,03/05/2021,UConn,Big East,@ Villanova,L 1-3,4,NA,42,24,135,0.133,40,3,6,65,7,1,10,4,6,51,2
2020-2021,03/06/2021,UConn,Big East,@ Villanova,W 3-1,4,NA,38,20,124,0.145,35,4,8,64,9,2,18,5,11,53,NA
2020-2021,03/07/2021,UConn,Big East,@ Temple,L 1-3,4,NA,50,18,153,0.209,45,7,7,70,5,1,8,5,5,62,NA
2020-2021,03/12/2021,UConn,Big East,@ Providence,L 1-3,4,NA,38,19,130,0.146,36,10,10,49,8,3,12,4,9,57,1
2020-2021,03/13/2021,UConn,Big East,@ Providence,L 1-3,4,NA,47,17,133,0.226,43,5,10,56,8,3,24,NA,15,67,2
2020-2021,03/26/2021,UConn,Big East,Seton Hall,W 3-0,3,NA,42,18,109,0.22,42,6,10,53,4,2,14,2,9,57,NA
2020-2021,03/27/2021,UConn,Big East,Seton Hall,W 3-1,4,NA,59,12,135,0.348,56,4,10,64,2,2,8,4,6,69,NA
2020-2021,04/02/2021,UConn,Big East,@#1 Creighton 20-21 WVB Big East Volleyball Championship,L 0-3,3,NA,35,18,114,0.149,33,3,6,38,4,1,10,1,6,44,NA
2020-2021,02/11/2021,Villanova,Big East,@ Coppin St.,W 3-2,5,NA,62,15,139,0.338,58,7,NA,48,6,NA,10,NA,5,74,1
2020-2021,02/14/2021,Villanova,Big East,Pittsburgh,L 0-3,3,NA,18,23,82,-0.061,17,3,8,21,3,NA,8,NA,4,25,NA
2020-2021,02/18/2021,Villanova,Big East,@ St. John's (NY),Ppd,NA,NA,NA,NA,NA,NA,NA,NA,NA,NA,NA,NA,NA,NA,NA,NA,NA
2020-2021,02/19/2021,Villanova,Big East,@ St. John's (NY),Ppd,NA,NA,NA,NA,NA,NA,NA,NA,NA,NA,NA,NA,NA,NA,NA,NA,NA
2020-2021,02/24/2021,Villanova,Big East,Delaware,Ppd,NA,NA,NA,NA,NA,NA,NA,NA,NA,NA,NA,NA,NA,NA,NA,NA,NA
2020-2021,03/05/2021,Villanova,Big East,UConn,W 3-1,4,NA,50,17,145,0.228,50,7,17,65,3,2,6,1,5,62,2
2020-2021,03/06/2021,Villanova,Big East,UConn,L 1-3,4,NA,47,24,145,0.159,45,9,18,62,4,1,14,1,8,64,5
2020-2021,03/10/2021,Villanova,Big East,@ St. John's (NY),W 3-1,4,NA,41,11,117,0.256,39,7,12,42,5,1,33,NA,17.5,65.5,1
2020-2021,03/14/2021,Villanova,Big East,@ George Mason,Canceled,NA,NA,NA,NA,NA,NA,NA,NA,NA,NA,NA,NA,NA,NA,NA,NA,NA
2020-2021,03/19/2021,Villanova,Big East,Seton Hall,W 3-2,5,NA,NA,24,184,0.277,NA,NA,15,75,7,1,16,NA,9,NA,NA
2020-2021,03/20/2021,Villanova,Big East,Seton Hall,L 2-3,5,NA,61,27,167,0.204,56,9,11,62,7,4,19,NA,13.5,83.5,NA
2020-2021,03/23/2021,Villanova,Big East,@ St. John's (NY),L 0-3,3,NA,25,11,88,0.159,22,1,5,27,11,2,16,1,10,36,2
2020-2021,03/26/2021,Villanova,Big East,@ Providence,L 2-3,5,NA,64,24,150,0.267,51,3,12,50,9,1,16,2,9,76,1
2020-2021,03/27/2021,Villanova,Big East,@ Providence,L 2-3,5,NA,58,22,164,0.22,53,8,13,65,8,1,14,NA,8,74,1
2020-2021,01/30/2021,Xavier,Big East,@ Bellarmine,W 3-1,4,NA,55,20,154,0.227,46,6,6,65,3,3,20,NA,13,74,NA
2020-2021,01/31/2021,Xavier,Big East,Marshall,L 2-3,5,NA,69,25,202,0.218,68,2,7,NA,4,2,16,NA,10,81,NA
2020-2021,02/05/2021,Xavier,Big East,Cincinnati,L 1-3,4,NA,53,19,166,0.205,50,5,6,72,13,NA,18,5,9,67,1
2020-2021,02/06/2021,Xavier,Big East,@ Cincinnati,W 3-1,4,NA,58,10,146,0.329,55,3,6,67,6,4,24,2,16,77,NA
2020-2021,02/14/2021,Xavier,Big East,@ Marshall,L 2-3,5,NA,67,28,198,0.197,65,4,4,96,6,2,4,NA,4,75,NA
2020-2021,02/19/2021,Xavier,Big East,@ DePaul,W 3-2,5,NA,63,18,152,0.296,50,2,4,66,5,1,20,3,11,76,3
2020-2021,02/20/2021,Xavier,Big East,@ DePaul,L 2-3,5,NA,54,27,157,0.172,47,11,4,57,12,3,8,1,7,72,1
2020-2021,02/26/2021,Xavier,Big East,@ Kansas,W 3-1,4,NA,71,22,181,0.271,NA,4,13,85,3,2,10,NA,7,82,1
2020-2021,02/26/2021,Xavier,Big East,@ Creighton,Canceled,NA,NA,NA,NA,NA,NA,NA,NA,NA,NA,NA,NA,NA,NA,NA,NA,NA
2020-2021,02/27/2021,Xavier,Big East,@ Creighton,Canceled,NA,NA,NA,NA,NA,NA,NA,NA,NA,NA,NA,NA,NA,NA,NA,NA,NA
2020-2021,03/09/2021,Xavier,Big East,Dayton,L 0-3,3,NA,37,14,105,0.219,36,8,5,36,2,NA,2,NA,1,46,NA
2020-2021,03/13/2021,Xavier,Big East,Marquette,Ppd,NA,NA,NA,NA,NA,NA,NA,NA,NA,NA,NA,NA,NA,NA,NA,NA,NA
2020-2021,03/14/2021,Xavier,Big East,Marquette,Ppd,NA,NA,NA,NA,NA,NA,NA,NA,NA,NA,NA,NA,NA,NA,NA,NA,NA
2020-2021,03/15/2021,Xavier,Big East,UIC,W 3-1,4,NA,51,31,163,0.123,51,4,5,68,1,4,12,1,10,65,1
2020-2021,03/19/2021,Xavier,Big East,Butler,W 3-1,4,NA,63,14,184,0.266,62,7,5,91,3,1,6,1,4,74,NA
2020-2021,03/20/2021,Xavier,Big East,Butler,W 3-1,4,NA,60,25,181,0.193,57,3,8,92,6,1,12,1,7,70,1
2020-2021,03/27/2021,Xavier,Big East,@ Creighton,L 2-3,5,NA,53,25,160,0.175,51,10,8,70,7,NA,20,1,10,73,2
2020-2021,03/28/2021,Xavier,Big East,@ Creighton,L 0-3,3,NA,34,22,105,0.114,32,6,5,39,7,NA,2,2,1,41,NA
2020-2021,01/22/2021,Eastern Wash.,Big Sky,@ Weber St.,L 1-3,4,NA,38,28,123,0.081,35,2,7,41,8,2,12,NA,8,48,2
2020-2021,01/23/2021,Eastern Wash.,Big Sky,@ Weber St.,L 1-3,4,NA,58,21,145,0.255,56,2,8,69,9,1,12,NA,7,67,3
2020-2021,01/27/2021,Eastern Wash.,Big Sky,Northwest Nazarene,W 3-0,3,NA,38,10,120,0.233,33,3,2,72,2,1,6,4,4,45,1
2020-2021,01/31/2021,Eastern Wash.,Big Sky,Northern Colo.,L 1-3,4,NA,33,15,140,0.129,31,7,8,49,5,2,6,7,5,45,1
2020-2021,02/01/2021,Eastern Wash.,Big Sky,Northern Colo.,L 2-3,5,NA,49,23,182,0.143,42,6,16,75,5,NA,6,NA,10,65,1
2020-2021,02/07/2021,Eastern Wash.,Big Sky,Portland St.,W 3-2,5,NA,54,18,185,0.195,47,8,11,75,4,3,6,14,6,68,NA
2020-2021,02/08/2021,Eastern Wash.,Big Sky,Portland St.,W 3-2,5,NA,68,31,NA,0.18,56,6,6,79,5,3,2,11,4,78,NA
2020-2021,02/14/2021,Eastern Wash.,Big Sky,@ Northern Ariz.,L 0-3,3,NA,27,19,84,0.095,27,1,2,33,11,NA,18,NA,9,37,2
2020-2021,02/15/2021,Eastern Wash.,Big Sky,@ Northern Ariz.,L 1-3,4,NA,43,29,149,0.094,40,5,8,73,8,NA,16,NA,8,56,NA
2020-2021,02/21/2021,Eastern Wash.,Big Sky,Montana,W 3-2,5,NA,54,17,142,0.261,46,8,9,59,12,2,4,1,4,66,1
2020-2021,02/22/2021,Eastern Wash.,Big Sky,Montana,W 3-2,5,NA,59,15,157,0.28,52,6,NA,74,5,6,8,1,10,75,NA
2020-2021,03/06/2021,Eastern Wash.,Big Sky,@ Sacramento St.,L 0-3,3,NA,28,17,100,0.11,28,5,9,41,5,NA,8,NA,4,37,NA
2020-2021,03/07/2021,Eastern Wash.,Big Sky,@ Sacramento St.,L 2-3,5,NA,50,24,161,0.161,46,5,11,92,8,2,20,1,12,67,1
2020-2021,03/12/2021,Eastern Wash.,Big Sky,Idaho,L 2-3,5,NA,49,22,145,0.186,43,9,8,57,8,4,2,1,5,63,3
2020-2021,03/13/2021,Eastern Wash.,Big Sky,Idaho,W 3-1,4,NA,59,19,156,0.256,51,9,6,63,8,5,6,1,8,76,NA
2020-2021,03/19/2021,Eastern Wash.,Big Sky,@ Southern Utah,L 0-3,3,NA,35,15,100,0.2,33,3,4,42,8,2,4,1,4,42,4
2020-2021,03/20/2021,Eastern Wash.,Big Sky,@ Southern Utah,L 2-3,5,NA,49,22,160,0.169,47,5,7,70,11,1,24,5,13,67,5
2020-2021,03/31/2021,Eastern Wash.,Big Sky,"#1 Weber St. @Greeley, CO (20-21 WVB Big Sky Volleyball Championship)",L 0-3,3,NA,26,15,111,0.099,26,NA,2,53,3,NA,10,1,5,31,NA
2020-2021,01/24/2021,Idaho,Big Sky,@ Portland St.,L 2-3,5,NA,49,26,170,0.135,49,2,4,62,4,1,20,NA,11,62,1
2020-2021,01/25/2021,Idaho,Big Sky,@ Portland St.,W 3-2,5,NA,45,24,177,0.119,43,4,5,82,4,1,NA,2,NA,68.5,3
2020-2021,01/31/2021,Idaho,Big Sky,Southern Utah,W 3-1,4,NA,64,25,154,0.253,57,5,4,67,7,2,14,NA,9,78,1
2020-2021,02/01/2021,Idaho,Big Sky,Southern Utah,W 3-0,3,NA,42,9,98,0.337,38,6,5,45,4,4,12,NA,10,58,1
2020-2021,02/06/2021,Idaho,Big Sky,@ Idaho St.,L 2-3,5,NA,56,21,180,0.194,47,2,4,80,13,4,20,NA,14,72,NA
2020-2021,02/07/2021,Idaho,Big Sky,@ Idaho St.,W 3-2,5,NA,62,28,188,0.181,53,NA,5,78,8,1,28,NA,15,77,NA
2020-2021,02/13/2021,Idaho,Big Sky,@ Sacramento St.,L 1-3,4,NA,47,20,149,0.181,42,2,8,66,6,3,11,1,8.5,57.5,1
2020-2021,02/14/2021,Idaho,Big Sky,@ Sacramento St.,L 1-3,4,NA,48,26,143,0.154,43,2,11,56,5,1,18,NA,10,60,3
2020-2021,02/21/2021,Idaho,Big Sky,Northern Ariz.,Canceled,NA,NA,NA,NA,NA,NA,NA,NA,NA,NA,NA,NA,NA,NA,NA,NA,NA
2020-2021,02/22/2021,Idaho,Big Sky,Northern Ariz.,Canceled,NA,NA,NA,NA,NA,NA,NA,NA,NA,NA,NA,NA,NA,NA,NA,NA,NA
2020-2021,02/28/2021,Idaho,Big Sky,@ Montana,L 2-3,5,NA,44,31,157,0.083,39,8,8,59,4,3,18,NA,12,64,4
2020-2021,03/01/2021,Idaho,Big Sky,@ Montana,W 3-1,4,NA,57,14,133,0.323,52,4,10,55,2,3,28,NA,17,78,NA
2020-2021,03/07/2021,Idaho,Big Sky,Montana St.,L 0-3,3,NA,43,15,109,0.257,38,2,9,39,3,1,10,2,6,51,3
2020-2021,03/08/2021,Idaho,Big Sky,Montana St.,L 2-3,5,NA,65,27,168,0.226,64,8,5,65,9,NA,18,3,9,82,1
2020-2021,03/12/2021,Idaho,Big Sky,@ Eastern Wash.,W 3-2,5,NA,59,27,159,0.201,55,8,11,65,9,3,8,NA,7,74,3
2020-2021,03/13/2021,Idaho,Big Sky,@ Eastern Wash.,L 1-3,4,NA,56,22,154,0.221,54,8,10,56,9,1,10,1,6,70,2
2020-2021,03/21/2021,Idaho,Big Sky,Northern Colo.,L 1-3,4,NA,50,25,152,0.164,44,9,7,56,5,4,12,1,10,69,1
2020-2021,03/22/2021,Idaho,Big Sky,Northern Colo.,L 1-3,4,NA,50,24,163,0.16,47,4,5,66,10,1,20,2,11,65,NA
2020-2021,03/31/2021,Idaho,Big Sky,"#2 Northern Colo. @Greeley, CO (20-21 WVB Big Sky Volleyball Championship)",L 0-3,3,NA,25,14,104,0.106,19,NA,3,31,4,3,10,NA,8,33,2
2020-2021,01/24/2021,Idaho St.,Big Sky,Montana,L 2-3,5,NA,51,22,149,0.195,44,4,14,54,2,4,12,NA,10,65,NA
2020-2021,01/25/2021,Idaho St.,Big Sky,Montana,W 3-0,3,NA,37,6,106,0.292,26,5,9,31,2,2,10,NA,7,49,NA
2020-2021,01/30/2021,Idaho St.,Big Sky,@ Sacramento St.,L 0-3,3,NA,32,16,107,0.15,32,2,4,47,9,1,14,1,8,42,NA
2020-2021,01/31/2021,Idaho St.,Big Sky,@ Sacramento St.,L 0-3,3,NA,26,15,92,0.12,26,2,6,44,11,NA,20,NA,10,38,1
2020-2021,02/06/2021,Idaho St.,Big Sky,Idaho,W 3-2,5,NA,69,26,198,0.217,61,13,14,74,2,4,10,NA,9,NA,NA
2020-2021,02/07/2021,Idaho St.,Big Sky,Idaho,L 2-3,5,NA,66,34,198,0.162,56,8,9,80,NA,6,14,NA,13,87,NA
2020-2021,02/12/2021,Idaho St.,Big Sky,Northwest Nazarene,W 3-1,4,NA,55,24,157,0.197,44,10,6,68,4,2,12,NA,8,73,NA
2020-2021,02/13/2021,Idaho St.,Big Sky,Northwest Nazarene,W 3-2,5,NA,68,26,191,0.22,57,10,13,83,4,1,12,NA,7,85,NA
2020-2021,02/20/2021,Idaho St.,Big Sky,@ Montana St.,L 2-3,5,NA,46,20,154,0.169,45,8,11,52,4,3,20,2,13,67,3
2020-2021,02/21/2021,Idaho St.,Big Sky,@ Montana St.,L 2-3,5,NA,52,25,162,0.167,47,5,12,62,6,2,18,4,11,68,2
2020-2021,02/28/2021,Idaho St.,Big Sky,Northern Colo.,L 0-3,3,NA,30,13,102,0.167,23,4,7,40,11,4,16,NA,12,46,NA
2020-2021,03/01/2021,Idaho St.,Big Sky,Northern Colo.,L 0-3,3,NA,24,18,89,0.067,20,2,7,36,5,1,6,NA,4,30,NA
2020-2021,03/06/2021,Idaho St.,Big Sky,@ Southern Utah,L 2-3,5,NA,41,27,128,0.109,35,11,11,42,8,3,14,2,10,62,5
2020-2021,03/07/2021,Idaho St.,Big Sky,@ Southern Utah,L 2-3,5,NA,60,28,181,0.177,50,7,9,72,7,3,8,NA,7,74,NA
2020-2021,03/13/2021,Idaho St.,Big Sky,Weber St.,L 0-3,3,NA,31,19,88,0.136,30,4,10,34,3,1,NA,NA,1,36,NA
2020-2021,03/14/2021,Idaho St.,Big Sky,Weber St.,L 0-3,3,NA,33,16,115,0.148,32,2,5,53,6,1,8,NA,5,40,NA
2020-2021,03/19/2021,Idaho St.,Big Sky,@ Portland St.,L 0-3,3,NA,23,18,100,0.05,22,6,14,38,10,2,8,3,6,35,NA
2020-2021,03/20/2021,Idaho St.,Big Sky,@ Portland St.,L 0-3,3,NA,27,16,104,0.106,26,4,9,39,6,1,6,6,4,35,1
2020-2021,01/24/2021,Montana,Big Sky,@ Idaho St.,W 3-2,5,NA,50,23,151,0.179,41,2,10,64,4,4,20,NA,14,66,NA
2020-2021,01/25/2021,Montana,Big Sky,@ Idaho St.,L 0-3,3,NA,31,26,118,0.042,22,2,2,48,5,1,6,NA,4,37,NA
2020-2021,01/31/2021,Montana,Big Sky,Weber St.,L 0-3,3,NA,36,17,100,0.19,32,3,7,42,5,3,4,NA,5,44,2
2020-2021,02/01/2021,Montana,Big Sky,Weber St.,L 1-3,4,NA,46,22,155,0.155,42,6,7,72,7,NA,20,3,10,62,2
2020-2021,02/07/2021,Montana,Big Sky,@ Southern Utah,L 1-3,4,NA,41,26,114,0.132,34,3,4,40,9,NA,12,4,6,50,3
2020-2021,02/08/2021,Montana,Big Sky,@ Southern Utah,L 1-3,4,NA,36,22,121,0.116,32,2,7,56,11,NA,14,3,7,45,6
2020-2021,02/14/2021,Montana,Big Sky,Montana St.,L 2-3,5,NA,56,25,158,0.196,53,9,15,62,8,NA,16,NA,8,73,2
2020-2021,02/15/2021,Montana,Big Sky,Montana St.,L 0-3,3,NA,27,19,91,0.088,24,6,2,33,5,NA,12,NA,6,39,NA
2020-2021,02/21/2021,Montana,Big Sky,@ Eastern Wash.,L 2-3,5,NA,49,20,144,0.201,40,12,10,61,8,5,2,NA,6,67,2
2020-2021,02/22/2021,Montana,Big Sky,@ Eastern Wash.,L 2-3,5,NA,55,22,163,0.202,47,5,8,73,6,4,2,2,5,65,1
2020-2021,02/28/2021,Montana,Big Sky,Idaho,W 3-2,5,NA,54,33,162,0.13,47,4,6,74,8,5,18,NA,14,72,1
2020-2021,03/01/2021,Montana,Big Sky,Idaho,L 1-3,4,NA,43,29,134,0.104,39,2,5,49,4,NA,16,3,8,53,NA
2020-2021,03/07/2021,Montana,Big Sky,@ Portland St.,L 1-3,4,NA,53,20,165,0.2,49,8,7,72,8,4,4,2,6,67,NA
2020-2021,03/08/2021,Montana,Big Sky,@ Portland St.,L 1-3,4,NA,47,28,154,0.123,41,2,11,70,9,1,14,3,8,57,1
2020-2021,03/21/2021,Montana,Big Sky,Sacramento St.,L 1-3,4,NA,42,20,150,0.147,39,6,5,77,5,3,6,5,6,54,2
2020-2021,03/22/2021,Montana,Big Sky,Sacramento St.,L 1-3,4,NA,46,31,159,0.094,44,3,4,65,7,1,16,1,9,58,NA
2020-2021,01/24/2021,Montana St.,Big Sky,@ Northern Colo.,W 3-0,3,NA,40,14,104,0.25,36,7,4,43,6,2,20,2,12,59,NA
2020-2021,01/25/2021,Montana St.,Big Sky,@ Northern Colo.,L 0-3,3,NA,32,15,99,0.172,32,4,3,35,7,1,16,NA,9,45,NA
2020-2021,02/06/2021,Montana St.,Big Sky,Northern Ariz.,L 2-3,5,NA,58,26,154,0.208,52,8,5,67,13,NA,21,2,10.5,76.5,1
2020-2021,02/07/2021,Montana St.,Big Sky,Northern Ariz.,W 3-0,3,NA,44,14,118,0.254,34,4,6,56,1,NA,14,NA,7,55,NA
2020-2021,02/14/2021,Montana St.,Big Sky,@ Montana,W 3-2,5,NA,58,21,147,0.252,51,8,9,60,9,NA,12,1,6,72,2
2020-2021,02/15/2021,Montana St.,Big Sky,@ Montana,W 3-0,3,NA,47,12,99,0.354,41,5,5,43,6,NA,18,NA,9,61,1
2020-2021,02/20/2021,Montana St.,Big Sky,Idaho St.,W 3-2,5,NA,65,31,168,0.202,62,4,9,71,8,1,18,1,10,79,6
2020-2021,02/21/2021,Montana St.,Big Sky,Idaho St.,W 3-2,5,NA,60,30,161,0.186,54,6,9,75,5,1,22,1,12,78,1
2020-2021,02/27/2021,Montana St.,Big Sky,Portland St.,W 3-2,5,NA,60,29,178,0.174,57,7,6,84,8,4,24,2,16,83,2
2020-2021,02/28/2021,Montana St.,Big Sky,Portland St.,W 3-1,4,NA,62,26,170,0.212,57,4,6,73,6,1,16,NA,9,75,2
2020-2021,03/07/2021,Montana St.,Big Sky,@ Idaho,W 3-0,3,NA,45,13,103,0.311,40,3,3,42,2,1,6,NA,4,52,2
2020-2021,03/08/2021,Montana St.,Big Sky,@ Idaho,W 3-2,5,NA,66,19,160,0.294,58,9,10,58,8,2,16,2,10,85,4
2020-2021,03/14/2021,Montana St.,Big Sky,Southern Utah,Canceled,NA,NA,NA,NA,NA,NA,NA,NA,NA,NA,NA,NA,NA,NA,NA,NA,NA
2020-2021,03/15/2021,Montana St.,Big Sky,Southern Utah,Canceled,NA,NA,NA,NA,NA,NA,NA,NA,NA,NA,NA,NA,NA,NA,NA,NA,NA
2020-2021,03/20/2021,Montana St.,Big Sky,@ Weber St.,L 1-3,4,NA,54,22,152,0.211,52,NA,8,67,6,NA,18,NA,9,63,NA
2020-2021,03/21/2021,Montana St.,Big Sky,@ Weber St.,L 0-3,3,NA,33,17,94,0.17,32,2,6,37,10,NA,4,2,2,37,NA
2020-2021,03/31/2021,Montana St.,Big Sky,"#6 Southern Utah @Greeley, CO (20-21 WVB Big Sky Volleyball Championship)",L 2-3,5,NA,54,32,159,0.138,51,11,7,69,10,1,16,4,9,74,NA
2020-2021,01/24/2021,Northern Ariz.,Big Sky,Sacramento St.,W 3-0,3,NA,50,10,112,0.357,45,3,11,44,1,NA,12,5,6,59,NA
2020-2021,01/25/2021,Northern Ariz.,Big Sky,Sacramento St.,L 1-3,4,NA,40,15,115,0.217,37,5,13,51,10,1,12,4,7,52,4
2020-2021,01/30/2021,Northern Ariz.,Big Sky,@ Portland St.,W 3-2,5,NA,45,14,149,0.208,45,13,NA,73,11,4,8,3,8,66,3
2020-2021,01/31/2021,Northern Ariz.,Big Sky,@ Portland St.,W 3-1,4,NA,60,25,183,0.191,54,7,16,84,3,2,14,3,9,76,2
2020-2021,02/06/2021,Northern Ariz.,Big Sky,@ Montana St.,W 3-2,5,NA,64,20,171,0.257,59,13,17,58,8,1,10,NA,6,83,NA
2020-2021,02/07/2021,Northern Ariz.,Big Sky,@ Montana St.,L 0-3,3,NA,30,14,112,0.143,27,1,11,47,4,1,12,2,7,38,1
2020-2021,02/14/2021,Northern Ariz.,Big Sky,Eastern Wash.,W 3-0,3,NA,40,15,92,0.272,38,11,8,36,1,3,4,4,5,56,2
2020-2021,02/15/2021,Northern Ariz.,Big Sky,Eastern Wash.,W 3-1,4,NA,47,17,146,0.205,44,8,10,63,5,1,18,2,10,65,2
2020-2021,02/21/2021,Northern Ariz.,Big Sky,@ Idaho,Canceled,NA,NA,NA,NA,NA,NA,NA,NA,NA,NA,NA,NA,NA,NA,NA,NA,NA
2020-2021,02/22/2021,Northern Ariz.,Big Sky,@ Idaho,Canceled,NA,NA,NA,NA,NA,NA,NA,NA,NA,NA,NA,NA,NA,NA,NA,NA,NA
2020-2021,02/28/2021,Northern Ariz.,Big Sky,Southern Utah,W 3-1,4,NA,60,28,162,0.198,57,8,15,82,3,NA,12,2,6,74,2
2020-2021,03/01/2021,Northern Ariz.,Big Sky,Southern Utah,W 3-0,3,NA,44,9,86,0.407,42,2,8,32,1,NA,16,1,8,54,1
2020-2021,03/07/2021,Northern Ariz.,Big Sky,Weber St.,W 3-1,4,NA,51,18,144,0.229,47,6,12,66,2,3,10,NA,8,65,1
2020-2021,03/08/2021,Northern Ariz.,Big Sky,Weber St.,L 1-3,4,NA,58,21,161,0.23,55,2,14,67,6,1,8,2,5,65,NA
2020-2021,03/17/2021(1),Northern Ariz.,Big Sky,@ Northern Colo.,L 2-3,5,NA,50,19,158,0.196,49,3,14,73,8,5,26,2,18,71,3
2020-2021,03/17/2021(2),Northern Ariz.,Big Sky,@ Northern Colo.,L 0-3,3,NA,27,16,107,0.103,26,3,6,40,8,1,8,NA,5,35,NA
2020-2021,03/31/2021,Northern Ariz.,Big Sky,"#4 Sacramento St. @Greeley, CO (20-21 WVB Big Sky Volleyball Championship)",W 3-0,3,NA,28,11,94,0.181,27,12,7,47,3,1,10,1,6,46,NA
2020-2021,04/01/2021,Northern Ariz.,Big Sky,"#1 Weber St. @Greeley, CO (20-21 WVB Big Sky Volleyball Championship)",L 1-3,4,NA,40,27,159,0.082,39,3,6,64,6,1,12,2,7,50,NA
2020-2021,01/24/2021,Northern Colo.,Big Sky,Montana St.,L 0-3,3,NA,41,23,124,0.145,39,6,5,42,7,NA,8,2,4,51,NA
2020-2021,01/25/2021,Northern Colo.,Big Sky,Montana St.,W 3-0,3,NA,45,17,118,0.237,42,7,7,36,4,1,16,NA,9,61,NA
2020-2021,01/31/2021,Northern Colo.,Big Sky,@ Eastern Wash.,W 3-1,4,NA,54,20,152,0.224,45,5,6,74,7,2,2,4,3,62,1
2020-2021,02/01/2021,Northern Colo.,Big Sky,@ Eastern Wash.,W 3-2,5,NA,57,29,192,0.146,49,5,10,86,6,5,10,8,10,72,1
2020-2021,02/07/2021,Northern Colo.,Big Sky,Sacramento St.,W 3-0,3,NA,38,14,85,0.282,35,11,3,34,1,1,4,1,3,52,NA
2020-2021,02/08/2021,Northern Colo.,Big Sky,Sacramento St.,W 3-0,3,NA,35,12,93,0.247,29,10,9,38,1,1,8,NA,5,50,NA
2020-2021,02/15/2021,Northern Colo.,Big Sky,@ Portland St.,W 3-2,5,NA,68,22,166,0.277,62,13,11,61,5,NA,12,6,6,87,NA
2020-2021,02/16/2021,Northern Colo.,Big Sky,@ Portland St.,W 3-0,3,NA,49,10,115,0.339,45,10,7,57,1,1,6,2,4,63,1
2020-2021,02/20/2021,Northern Colo.,Big Sky,Weber St.,L 1-3,4,NA,56,29,145,0.186,50,4,5,58,4,NA,22,2,11,71,NA
2020-2021,02/21/2021,Northern Colo.,Big Sky,Weber St.,L 2-3,5,NA,53,21,153,0.209,49,4,7,65,6,1,26,2,14,71,NA
2020-2021,02/28/2021,Northern Colo.,Big Sky,@ Idaho St.,W 3-0,3,NA,45,23,118,0.186,40,11,9,49,4,1,4,NA,3,59,NA
2020-2021,03/01/2021,Northern Colo.,Big Sky,@ Idaho St.,W 3-0,3,NA,43,12,98,0.316,35,5,8,45,2,2,6,NA,5,53,NA
2020-2021,03/17/2021(1),Northern Colo.,Big Sky,Northern Ariz.,W 3-2,5,NA,63,31,184,0.174,54,8,9,83,3,2,10,2,7,78,NA
2020-2021,03/17/2021(2),Northern Colo.,Big Sky,Northern Ariz.,W 3-0,3,NA,45,17,116,0.241,37,8,4,54,3,1,14,NA,8,61,1
2020-2021,03/21/2021,Northern Colo.,Big Sky,@ Idaho,W 3-1,4,NA,58,23,143,0.245,55,5,11,59,9,5,12,NA,11,74,NA
2020-2021,03/22/2021,Northern Colo.,Big Sky,@ Idaho,W 3-1,4,NA,58,22,154,0.234,47,10,7,75,4,2,26,1,15,83,1
2020-2021,03/31/2021,Northern Colo.,Big Sky,"#7 Idaho @Greeley, CO (20-21 WVB Big Sky Volleyball Championship)",W 3-0,3,NA,46,16,108,0.278,40,4,3,50,NA,3,4,NA,5,55,1
2020-2021,04/01/2021,Northern Colo.,Big Sky,"#6 Southern Utah @Greeley, CO (20-21 WVB Big Sky Volleyball Championship)",W 3-0,3,NA,39,11,72,0.389,36,13,9,32,1,NA,10,NA,5,57,NA
2020-2021,04/02/2021,Northern Colo.,Big Sky,"#1 Weber St. @Greeley, CO (20-21 WVB Big Sky Volleyball Championship)",L 1-3,4,NA,49,26,157,0.146,47,2,8,68,7,NA,14,3,7,58,2
2020-2021,01/24/2021,Portland St.,Big Sky,Idaho,W 3-2,5,NA,NA,35,186,0.204,NA,4,10,82,2,1,16,NA,9,86,5
2020-2021,01/25/2021,Portland St.,Big Sky,Idaho,L 2-3,5,NA,57,NA,201,0.08,54,4,4,90,4,1,10,1,6,67,8
2020-2021,01/30/2021,Portland St.,Big Sky,Northern Ariz.,L 2-3,5,NA,57,22,167,0.21,53,11,12,83,13,NA,10,NA,5,73,3
2020-2021,01/31/2021,Portland St.,Big Sky,Northern Ariz.,L 1-3,4,NA,36,18,152,0.118,34,3,7,81,7,1,20,1,11,50,2
2020-2021,02/07/2021,Portland St.,Big Sky,@ Eastern Wash.,L 2-3,5,NA,59,30,173,0.168,53,4,6,95,8,1,10,7,6,69,2
2020-2021,02/08/2021,Portland St.,Big Sky,@ Eastern Wash.,L 2-3,5,NA,61,21,181,0.221,59,5,5,85,6,5,12,11,11,77,2
2020-2021,02/15/2021,Portland St.,Big Sky,Northern Colo.,L 2-3,5,NA,62,18,152,0.289,60,5,8,65,13,1,14,3,8,75,NA
2020-2021,02/16/2021,Portland St.,Big Sky,Northern Colo.,L 0-3,3,NA,37,10,109,0.248,31,1,4,48,10,3,4,3,5,43,1
2020-2021,02/21/2021,Portland St.,Big Sky,@ Southern Utah,L 1-3,4,NA,41,21,126,0.159,38,5,6,53,8,NA,18,3,9,55,4
2020-2021,02/22/2021,Portland St.,Big Sky,@ Southern Utah,L 0-3,3,NA,34,26,99,0.081,30,7,4,39,12,1,8,1,5,46,3
2020-2021,02/27/2021,Portland St.,Big Sky,@ Montana St.,L 2-3,5,NA,54,32,185,0.119,47,8,6,78,7,NA,18,NA,9,71,2
2020-2021,02/28/2021,Portland St.,Big Sky,@ Montana St.,L 1-3,4,NA,53,23,159,0.189,52,6,1,75,4,NA,18,1,9,68,NA
2020-2021,03/07/2021,Portland St.,Big Sky,Montana,W 3-1,4,NA,65,22,168,0.256,57,8,9,76,8,1,12,2,7,80,1
2020-2021,03/08/2021,Portland St.,Big Sky,Montana,W 3-1,4,NA,47,22,148,0.169,43,9,7,68,2,5,14,2,12,68,2
2020-2021,03/12/2021,Portland St.,Big Sky,@ Sacramento St.,L 1-3,4,NA,57,24,168,0.196,56,5,5,78,9,NA,16,1,8,70,1
2020-2021,03/13/2021,Portland St.,Big Sky,@ Sacramento St.,W 3-1,4,NA,45,25,154,0.13,43,9,5,80,9,5,16,2,13,67,2
2020-2021,03/19/2021,Portland St.,Big Sky,Idaho St.,W 3-0,3,NA,32,11,87,0.241,29,10,7,52,6,1,10,1,6,48,2
2020-2021,03/20/2021,Portland St.,Big Sky,Idaho St.,W 3-0,3,NA,42,14,98,0.286,40,6,3,57,4,1,14,NA,8,56,6
2020-2021,01/24/2021,Sacramento St.,Big Sky,@ Northern Ariz.,L 0-3,3,NA,33,19,103,0.136,32,1,3,45,3,1,8,3,5,39,NA
2020-2021,01/25/2021,Sacramento St.,Big Sky,@ Northern Ariz.,W 3-1,4,NA,45,21,124,0.194,42,10,6,55,5,1,10,2,6,61,4
2020-2021,01/30/2021,Sacramento St.,Big Sky,Idaho St.,W 3-0,3,NA,48,20,123,0.228,45,9,8,53,2,2,16,3,10,67,NA
2020-2021,01/31/2021,Sacramento St.,Big Sky,Idaho St.,W 3-0,3,NA,42,16,109,0.239,40,11,4,48,2,NA,12,1,6,59,NA
2020-2021,02/07/2021,Sacramento St.,Big Sky,@ Northern Colo.,L 0-3,3,NA,21,16,83,0.06,19,1,4,24,11,1,16,3,9,31,NA
2020-2021,02/08/2021,Sacramento St.,Big Sky,@ Northern Colo.,L 0-3,3,NA,21,19,84,0.024,20,1,9,32,10,NA,10,1,5,27,NA
2020-2021,02/13/2021,Sacramento St.,Big Sky,Idaho,W 3-1,4,NA,60,18,150,0.28,55,6,8,74,2,3,18,1,12,78,NA
2020-2021,02/14/2021,Sacramento St.,Big Sky,Idaho,W 3-1,4,NA,51,26,138,0.181,44,5,6,58,2,2,26,NA,15,71,NA
2020-2021,02/26/2021,Sacramento St.,Big Sky,@ Weber St.,L 2-3,5,NA,63,23,190,0.211,60,6,11,85,9,2,14,NA,9,78,3
2020-2021,02/27/2021,Sacramento St.,Big Sky,@ Weber St.,L 1-3,4,NA,48,17,175,0.177,45,4,6,73,7,NA,28,2,14,66,NA
2020-2021,03/06/2021,Sacramento St.,Big Sky,Eastern Wash.,W 3-0,3,NA,43,15,104,0.269,39,5,5,47,5,1,10,2,6,54,NA
2020-2021,03/07/2021,Sacramento St.,Big Sky,Eastern Wash.,W 3-2,5,NA,54,28,185,0.141,51,8,12,78,5,NA,20,1,10,72,1
2020-2021,03/12/2021,Sacramento St.,Big Sky,Portland St.,W 3-1,4,NA,56,16,163,0.245,54,9,10,70,5,1,16,1,9,74,1
2020-2021,03/13/2021,Sacramento St.,Big Sky,Portland St.,L 1-3,4,NA,46,30,166,0.096,44,9,9,77,9,5,20,NA,15,70,1
2020-2021,03/21/2021,Sacramento St.,Big Sky,@ Montana,W 3-1,4,NA,62,27,173,0.202,56,5,12,74,6,2,20,1,12,79,NA
2020-2021,03/22/2021,Sacramento St.,Big Sky,@ Montana,W 3-1,4,NA,54,20,156,0.218,48,7,9,64,3,1,16,2,9,70,1
2020-2021,03/31/2021,Sacramento St.,Big Sky,"#5 Northern Ariz. @Greeley, CO (20-21 WVB Big Sky Volleyball Championship)",L 0-3,3,NA,27,28,107,-0.009,23,3,6,50,12,NA,12,NA,6,36,NA
2020-2021,01/22/2021,Southern Utah,Big Sky,Utah Tech,L 0-3,3,NA,35,19,110,0.145,33,4,5,34,5,2,6,NA,5,44,NA
2020-2021,01/31/2021,Southern Utah,Big Sky,@ Idaho,L 1-3,4,NA,54,19,147,0.238,50,7,10,53,5,2,18,4,11,72,1
2020-2021,02/01/2021,Southern Utah,Big Sky,@ Idaho,L 0-3,3,NA,23,20,92,0.033,21,4,5,38,6,2,6,2,5,32,1
2020-2021,02/07/2021,Southern Utah,Big Sky,Montana,W 3-1,4,NA,53,15,115,0.33,44,9,7,37,3,NA,14,2,7,69,3
2020-2021,02/08/2021,Southern Utah,Big Sky,Montana,W 3-1,4,NA,47,21,134,0.194,40,11,11,54,2,1,10,3,6,64,1
2020-2021,02/12/2021,Southern Utah,Big Sky,@ Weber St.,L 0-3,3,NA,19,26,94,-0.074,17,3,3,27,10,NA,NA,NA,NA,22,NA
2020-2021,02/13/2021,Southern Utah,Big Sky,@ Weber St.,L 0-3,3,NA,27,14,82,0.159,25,2,7,34,NA,1,6,1,4,33,NA
2020-2021,02/21/2021,Southern Utah,Big Sky,Portland St.,W 3-1,4,NA,53,22,146,0.212,47,8,6,52,5,1,14,NA,8,69,3
2020-2021,02/22/2021,Southern Utah,Big Sky,Portland St.,W 3-0,3,NA,29,11,88,0.205,25,12,4,35,7,3,6,1,6,47,3
2020-2021,02/28/2021,Southern Utah,Big Sky,@ Northern Ariz.,L 1-3,4,NA,39,20,147,0.129,36,3,7,65,8,1,20,NA,11,53,NA
2020-2021,03/01/2021,Southern Utah,Big Sky,@ Northern Ariz.,L 0-3,3,NA,32,23,91,0.099,30,1,4,27,2,2,6,3,5,38,2
2020-2021,03/06/2021,Southern Utah,Big Sky,Idaho St.,W 3-2,5,NA,44,27,129,0.132,38,8,12,44,11,2,12,5,8,60,2
2020-2021,03/07/2021,Southern Utah,Big Sky,Idaho St.,W 3-2,5,NA,56,22,176,0.193,43,7,10,69,7,5,12,2,11,74,NA
2020-2021,03/14/2021,Southern Utah,Big Sky,@ Montana St.,Canceled,NA,NA,NA,NA,NA,NA,NA,NA,NA,NA,NA,NA,NA,NA,NA,NA,NA
2020-2021,03/15/2021,Southern Utah,Big Sky,@ Montana St.,Canceled,NA,NA,NA,NA,NA,NA,NA,NA,NA,NA,NA,NA,NA,NA,NA,NA,NA
2020-2021,03/19/2021,Southern Utah,Big Sky,Eastern Wash.,W 3-0,3,NA,44,10,104,0.327,42,8,10,43,3,5,4,2,7,59,3
2020-2021,03/20/2021,Southern Utah,Big Sky,Eastern Wash.,W 3-2,5,NA,55,34,175,0.12,53,11,10,79,5,3,18,3,12,78,1
2020-2021,03/31/2021,Southern Utah,Big Sky,"#3 Montana St. @Greeley, CO (20-21 WVB Big Sky Volleyball Championship)",W 3-2,5,NA,50,26,155,0.155,45,10,10,61,11,NA,30,NA,15,75,4
2020-2021,04/01/2021,Southern Utah,Big Sky,"#2 Northern Colo. @Greeley, CO (20-21 WVB Big Sky Volleyball Championship)",L 0-3,3,NA,17,15,73,0.027,15,1,8,17,13,NA,2,3,1,19,NA
2020-2021,01/22/2021,Weber St.,Big Sky,Eastern Wash.,W 3-1,4,NA,44,16,113,0.248,41,8,10,42,2,2,18,1,11,63,2
2020-2021,01/23/2021,Weber St.,Big Sky,Eastern Wash.,W 3-1,4,NA,55,16,154,0.253,50,9,8,58,2,NA,12,2,6,70,NA
2020-2021,01/31/2021,Weber St.,Big Sky,@ Montana,W 3-0,3,NA,42,13,104,0.279,34,5,5,42,3,1,12,NA,7,54,NA
2020-2021,02/01/2021,Weber St.,Big Sky,@ Montana,W 3-1,4,NA,55,21,155,0.219,51,7,11,76,6,NA,20,5,10,72,2
2020-2021,02/12/2021,Weber St.,Big Sky,Southern Utah,W 3-0,3,NA,35,8,72,0.375,35,10,4,43,3,NA,16,NA,8,53,3
2020-2021,02/13/2021,Weber St.,Big Sky,Southern Utah,W 3-0,3,NA,37,9,84,0.333,33,NA,3,38,2,1,6,NA,4,58,NA
2020-2021,02/20/2021,Weber St.,Big Sky,@ Northern Colo.,W 3-1,4,NA,57,18,142,0.275,50,4,8,50,4,NA,30,4,15,76,NA
2020-2021,02/21/2021,Weber St.,Big Sky,@ Northern Colo.,W 3-2,5,NA,59,32,167,0.162,53,6,8,67,4,NA,8,1,4,69,NA
2020-2021,02/26/2021,Weber St.,Big Sky,Sacramento St.,W 3-2,5,NA,58,28,189,0.159,55,9,11,89,6,2,12,3,8,75,2
2020-2021,02/27/2021,Weber St.,Big Sky,Sacramento St.,W 3-1,4,NA,60,27,176,0.188,58,7,4,NA,4,1,14,4,8,75,3
2020-2021,03/07/2021,Weber St.,Big Sky,@ Northern Ariz.,L 1-3,4,NA,49,28,150,0.14,46,2,4,63,6,2,12,2,8,59,NA
2020-2021,03/08/2021,Weber St.,Big Sky,@ Northern Ariz.,W 3-1,4,NA,56,22,153,0.222,56,6,7,74,2,1,20,4,11,73,1
2020-2021,03/13/2021,Weber St.,Big Sky,@ Idaho St.,W 3-0,3,NA,42,6,87,0.414,41,3,6,33,4,2,6,NA,5,50,NA
2020-2021,03/14/2021,Weber St.,Big Sky,@ Idaho St.,W 3-0,3,NA,46,10,124,0.29,40,6,3,57,2,3,6,NA,6,58,NA
2020-2021,03/20/2021,Weber St.,Big Sky,Montana St.,W 3-1,4,NA,55,26,164,0.177,51,6,7,66,NA,2,8,NA,6,67,1
2020-2021,03/21/2021,Weber St.,Big Sky,Montana St.,W 3-0,3,NA,42,8,92,0.37,41,10,4,43,2,2,10,1,7,59,1
2020-2021,03/31/2021,Weber St.,Big Sky,"#8 Eastern Wash. @Greeley, CO (20-21 WVB Big Sky Volleyball Championship)",W 3-0,3,NA,52,13,126,0.31,46,3,7,57,NA,NA,10,2,5,60,NA
2020-2021,04/01/2021,Weber St.,Big Sky,"#5 Northern Ariz. @Greeley, CO (20-21 WVB Big Sky Volleyball Championship)",W 3-1,4,NA,56,19,144,0.257,52,6,5,82,3,2,14,1,9,71,NA
2020-2021,04/02/2021,Weber St.,Big Sky,"#2 Northern Colo. @Greeley, CO (20-21 WVB Big Sky Volleyball Championship)",W 3-1,4,NA,55,18,158,0.234,52,7,7,65,2,1,18,3,10,72,NA
2020-2021,04/14/2021,Weber St.,Big Sky,"Bowling Green @Omaha, NE (2020 NCAA DI Women's Volleyball Championship)",W 3-1,4,NA,54,15,157,0.248,52,9,10,74,6,6,20,5,16,79,1
2020-2021,04/15/2021,Weber St.,Big Sky,"#1 Wisconsin @Omaha, NE (2020 NCAA DI Women's Volleyball Championship)",L 0-3,3,NA,36,16,114,0.175,35,2,7,40,7,NA,8,1,4,42,NA
2020-2021,02/06/2021,Campbell,Big South,USC Upstate,W 3-0,3,NA,47,21,98,0.265,43,6,10,49,6,1,2,2,2,55,NA
2020-2021,02/07/2021,Campbell,Big South,USC Upstate,W 3-0,3,NA,46,15,107,0.29,43,3,7,53,3,1,14,NA,8,57,NA
2020-2021,02/12/2021,Campbell,Big South,@ UNC Asheville,W 3-0,3,NA,50,22,118,0.237,40,7,4,39,4,1,6,NA,4,61,NA
2020-2021,02/13/2021,Campbell,Big South,@ UNC Asheville,W 3-0,3,NA,49,12,100,0.37,47,8,2,44,1,2,10,NA,7,64,2
2020-2021,02/27/2021,Campbell,Big South,@ Winthrop,W 3-0,3,NA,49,16,109,0.303,46,1,8,58,1,NA,14,NA,7,57,NA
2020-2021,02/28/2021,Campbell,Big South,@ Winthrop,L 1-3,4,NA,47,35,165,0.073,43,7,7,75,4,1,18,NA,10,64,2
2020-2021,03/04/2021,Campbell,Big South,Charleston So.,W 3-0,3,NA,46,21,112,0.223,44,3,4,55,3,1,10,NA,6,55,NA
2020-2021,03/05/2021,Campbell,Big South,Charleston So.,L 1-3,4,NA,55,27,140,0.2,53,8,5,49,5,NA,14,NA,7,70,NA
2020-2021,03/11/2021,Campbell,Big South,@ Gardner-Webb,W 3-0,3,NA,36,14,96,0.229,36,3,2,51,2,2,12,1,8,47,NA
2020-2021,03/12/2021,Campbell,Big South,@ Gardner-Webb,L 1-3,4,NA,56,29,163,0.166,55,3,5,62,10,5,10,1,10,69,NA
2020-2021,03/18/2021,Campbell,Big South,Presbyterian,W 3-0,3,NA,35,21,122,0.115,32,13,6,59,4,1,8,1,5,53,NA
2020-2021,03/19/2021,Campbell,Big South,Presbyterian,W 3-0,3,NA,41,12,94,0.309,39,11,9,50,5,NA,4,NA,2,54,NA
2020-2021,03/25/2021,Campbell,Big South,@ High Point,L 1-3,4,NA,46,27,169,0.112,42,6,3,90,5,2,18,2,11,63,1
2020-2021,03/26/2021,Campbell,Big South,@ High Point,L 0-3,3,NA,23,22,116,0.009,22,4,4,45,6,1,6,NA,4,31,4
2020-2021,04/01/2021,Campbell,Big South,Radford,W 3-0,3,NA,45,9,85,0.424,42,4,7,37,4,NA,16,NA,8,57,NA
2020-2021,04/02/2021,Campbell,Big South,Radford,W 3-0,3,NA,52,29,132,0.174,48,4,7,70,8,2,10,NA,7,63,NA
2020-2021,02/05/2021,Charleston So.,Big South,UNC Asheville,W 3-0,3,NA,50,12,106,0.358,44,6,9,37,4,1,12,2,7,63,NA
2020-2021,02/06/2021,Charleston So.,Big South,Winthrop,W 3-0,3,NA,44,10,113,0.301,41,5,9,40,1,2,16,NA,10,59,1
2020-2021,02/07/2021,Charleston So.,Big South,Winthrop,W 3-1,4,NA,55,25,161,0.186,47,4,10,72,8,7,10,2,12,71,1
2020-2021,02/13/2021,Charleston So.,Big South,@ Radford,W 3-0,3,NA,38,14,92,0.261,33,3,5,39,9,4,10,NA,9,50,NA
2020-2021,02/14/2021,Charleston So.,Big South,@ Radford,W 3-0,3,NA,45,17,111,0.252,41,6,6,51,3,1,4,NA,3,54,1
2020-2021,03/04/2021,Charleston So.,Big South,@ Campbell,L 0-3,3,NA,29,19,108,0.093,29,3,5,35,3,NA,14,1,7,39,NA
2020-2021,03/05/2021,Charleston So.,Big South,@ Campbell,W 3-1,4,NA,52,19,126,0.262,49,5,5,48,8,1,14,NA,8,65,NA
2020-2021,03/08/2021,Charleston So.,Big South,UNC Asheville,W 3-2,5,NA,62,34,143,0.196,62,11,6,60,10,3,10,2,8,81,NA
2020-2021,03/19/2021(1),Charleston So.,Big South,High Point,L 2-3,5,NA,NA,25,159,0.296,62,2,12,58,5,1,12,1,7,81,1
2020-2021,03/19/2021,Charleston So.,Big South,High Point,L 2-3,5,NA,57,20,173,0.214,47,4,11,72,8,2,10,1,7,68,NA
2020-2021,03/26/2021,Charleston So.,Big South,@ Gardner-Webb,L 0-3,3,NA,34,16,94,0.191,34,3,7,33,10,2,8,NA,6,43,NA
2020-2021,03/27/2021,Charleston So.,Big South,@ Gardner-Webb,W 3-1,4,NA,51,25,153,0.17,47,4,6,78,9,3,8,1,7,62,2
2020-2021,03/29/2021,Charleston So.,Big South,USC Upstate,Ppd,NA,NA,NA,NA,NA,NA,NA,NA,NA,NA,NA,NA,NA,NA,NA,NA,NA
2020-2021,03/30/2021,Charleston So.,Big South,USC Upstate,Ppd,NA,NA,NA,NA,NA,NA,NA,NA,NA,NA,NA,NA,NA,NA,NA,NA,NA
2020-2021,04/01/2021,Charleston So.,Big South,@ Presbyterian,L 0-3,3,NA,34,30,114,0.035,34,3,9,52,9,2,6,1,5,42,1
2020-2021,04/02/2021,Charleston So.,Big South,@ Presbyterian,W 3-2,5,NA,59,31,152,0.184,56,NA,11,71,13,2,8,3,6,80,1
2020-2021,02/06/2021,Gardner-Webb,Big South,@ Radford,L 1-3,4,NA,43,32,160,0.069,36,1,7,58,8,3,NA,NA,16,60,3
2020-2021,02/07/2021,Gardner-Webb,Big South,@ Radford,L 0-3,3,NA,28,26,114,0.018,28,5,7,44,4,1,4,1,3,36,3
2020-2021,02/13/2021,Gardner-Webb,Big South,Presbyterian,W 3-2,5,NA,50,30,151,0.132,48,9,10,69,7,5,18,1,14,73,2
2020-2021,02/14/2021,Gardner-Webb,Big South,Presbyterian,L 1-3,4,NA,38,26,165,0.073,35,4,6,69,4,6,10,2,11,53,NA
2020-2021,02/18/2021,Gardner-Webb,Big South,@ USC Upstate,L 1-3,4,NA,49,33,150,0.107,44,7,10,57,5,1,14,2,8,64,NA
2020-2021,02/19/2021,Gardner-Webb,Big South,@ USC Upstate,W 3-2,5,NA,58,26,179,0.179,53,9,7,86,4,3,14,3,10,77,NA
2020-2021,02/27/2021,Gardner-Webb,Big South,UNC Asheville,L 0-3,3,NA,37,24,123,0.106,37,3,12,51,4,3,4,NA,5,45,NA
2020-2021,02/28/2021,Gardner-Webb,Big South,UNC Asheville,L 0-3,3,NA,32,26,122,0.049,31,3,NA,51,2,4,12,1,10,45,1
2020-2021,03/04/2021,Gardner-Webb,Big South,@ Winthrop,L 0-3,3,NA,30,26,118,0.034,22,2,4,46,7,1,10,1,6,38,NA
2020-2021,03/05/2021,Gardner-Webb,Big South,@ Winthrop,L 0-3,3,NA,36,15,114,0.184,31,2,7,40,8,2,4,1,4,42,1
2020-2021,03/11/2021,Gardner-Webb,Big South,Campbell,L 0-3,3,NA,24,26,109,-0.018,23,2,5,38,3,2,4,NA,4,30,3
2020-2021,03/12/2021,Gardner-Webb,Big South,Campbell,W 3-1,4,NA,55,26,154,0.188,52,10,7,60,3,NA,10,NA,13,78,1
2020-2021,03/26/2021,Gardner-Webb,Big South,Charleston So.,W 3-0,3,NA,41,19,104,0.212,40,10,6,43,3,2,12,NA,8,59,2
2020-2021,03/27/2021,Gardner-Webb,Big South,Charleston So.,L 1-3,4,NA,49,24,159,0.157,47,9,10,68,4,5,22,2,16,74,1
2020-2021,04/01/2021,Gardner-Webb,Big South,@ High Point,L 0-3,3,NA,19,26,95,-0.074,19,NA,5,33,4,1,NA,2,1,20,2
2020-2021,04/02/2021,Gardner-Webb,Big South,@ High Point,L 0-3,3,NA,23,16,111,0.063,20,4,NA,38,1,1,8,1,5,32,2
2020-2021,No data available in table,Hampton,Big South,No data available in table,No data available in table,NA,NA,NA,NA,NA,NA,NA,NA,NA,NA,NA,NA,NA,NA,NA,NA,NA
2020-2021,02/04/2021,High Point,Big South,@ Presbyterian,W 3-1,4,NA,58,11,110,0.427,56,9,12,53,9,2,10,NA,7,74,2
2020-2021,02/05/2021,High Point,Big South,@ Presbyterian,W 3-0,3,NA,32,9,84,0.274,28,13,5,41,2,2,6,NA,5,50,1
2020-2021,02/17/2021,High Point,Big South,@ UNC Asheville,W 3-0,3,NA,41,13,92,0.304,38,5,6,41,2,1,8,NA,5,51,NA
2020-2021,02/18/2021,High Point,Big South,@ UNC Asheville,W 3-0,3,NA,52,11,120,0.342,46,4,5,52,5,2,6,NA,5,61,1
2020-2021,02/25/2021,High Point,Big South,Radford,W 3-0,3,NA,44,13,97,0.32,41,5,7,39,1,NA,16,1,8,57,NA
2020-2021,02/26/2021,High Point,Big South,Radford,W 3-0,3,NA,44,21,118,0.195,41,6,7,49,2,NA,16,NA,8,58,NA
2020-2021,03/04/2021,High Point,Big South,@ USC Upstate,W 3-0,3,NA,45,5,104,0.385,43,3,8,56,1,NA,16,NA,8,56,NA
2020-2021,03/05/2021,High Point,Big South,@ USC Upstate,W 3-0,3,NA,45,12,102,0.324,41,7,5,52,1,NA,10,NA,5,57,NA
2020-2021,03/11/2021,High Point,Big South,Winthrop,W 3-1,4,NA,54,15,158,0.247,51,6,7,84,2,NA,24,NA,12,72,NA
2020-2021,03/12/2021,High Point,Big South,Winthrop,W 3-0,3,NA,42,14,105,0.267,40,6,10,54,4,2,4,1,4,52,2
2020-2021,03/19/2021(1),High Point,Big South,@ Charleston So.,W 3-2,5,NA,67,20,159,0.296,64,5,11,52,2,NA,20,2,10,82,2
2020-2021,03/19/2021,High Point,Big South,@ Charleston So.,W 3-2,5,NA,59,18,162,0.253,55,8,11,83,4,2,8,1,6,73,1
2020-2021,03/25/2021,High Point,Big South,Campbell,W 3-1,4,NA,54,22,176,0.182,48,5,11,81,6,1,18,NA,10,69,2
2020-2021,03/26/2021,High Point,Big South,Campbell,W 3-0,3,NA,39,7,100,0.32,37,6,5,60,4,2,10,1,7,52,2
2020-2021,04/01/2021,High Point,Big South,Gardner-Webb,W 3-0,3,NA,37,6,82,0.378,34,4,8,48,NA,1,20,NA,11,52,NA
2020-2021,04/02/2021,High Point,Big South,Gardner-Webb,W 3-0,3,NA,52,12,107,0.374,48,1,8,62,4,1,4,NA,3,56,NA
2020-2021,04/14/2021,High Point,Big South,"UCF @Omaha, NE (2020 NCAA DI Women's Volleyball Championship)",W 3-2,5,NA,67,27,NA,0.2,64,5,12,95,NA,4,20,3,14,86,NA
2020-2021,04/15/2021,High Point,Big South,"#7 Purdue @Omaha, NE (2020 NCAA DI Women's Volleyball Championship)",L 0-3,3,NA,30,18,95,0.126,30,1,6,42,4,2,8,NA,6,37,NA
2020-2021,02/04/2021,Presbyterian,Big South,High Point,L 1-3,4,NA,32,19,111,0.117,32,9,5,38,9,1,6,NA,4,45,3
2020-2021,02/05/2021,Presbyterian,Big South,High Point,L 0-3,3,NA,19,23,90,-0.044,19,2,4,39,13,4,4,NA,6,27,2
2020-2021,02/13/2021,Presbyterian,Big South,@ Gardner-Webb,L 2-3,5,NA,47,26,143,0.147,45,7,7,70,9,4,16,1,12,66,4
2020-2021,02/14/2021,Presbyterian,Big South,@ Gardner-Webb,W 3-1,4,NA,58,26,159,0.201,57,4,3,93,4,4,10,1,9,71,1
2020-2021,02/20/2021,Presbyterian,Big South,@ Radford,L 2-3,5,NA,46,27,177,0.107,45,7,7,76,9,2,14,NA,9,62,1
2020-2021,02/21/2021,Presbyterian,Big South,@ Radford,W 3-2,5,NA,68,NA,198,0.162,62,6,6,84,7,1,NA,NA,14,NA,2
2020-2021,03/04/2021,Presbyterian,Big South,UNC Asheville,L 1-3,4,NA,50,29,140,0.15,46,4,4,72,10,1,10,2,6,60,2
2020-2021,03/05/2021,Presbyterian,Big South,UNC Asheville,L 2-3,5,NA,53,21,179,0.179,47,1,8,89,9,5,16,NA,13,67,4
2020-2021,03/11/2021,Presbyterian,Big South,USC Upstate,L 1-3,4,NA,38,21,120,0.142,35,9,10,52,11,3,12,1,9,56,2
2020-2021,03/12/2021,Presbyterian,Big South,USC Upstate,L 0-3,3,NA,35,21,110,0.127,32,1,4,51,10,3,6,2,6,42,3
2020-2021,03/18/2021,Presbyterian,Big South,@ Campbell,L 0-3,3,NA,21,19,103,0.019,19,4,8,58,13,1,12,NA,7,32,NA
2020-2021,03/19/2021,Presbyterian,Big South,@ Campbell,L 0-3,3,NA,19,11,81,0.099,19,5,7,37,11,2,6,1,5,29,NA
2020-2021,03/25/2021,Presbyterian,Big South,@ Winthrop,L 1-3,4,NA,36,NA,158,NA,32,4,NA,81,4,2,8,NA,6,46,4
2020-2021,03/26/2021,Presbyterian,Big South,@ Winthrop,L 0-3,3,NA,26,20,118,0.051,24,4,6,55,7,1,10,NA,6,36,NA
2020-2021,04/01/2021,Presbyterian,Big South,Charleston So.,W 3-0,3,NA,24,9,93,0.161,23,9,4,46,3,3,12,1,9,42,1
2020-2021,04/02/2021,Presbyterian,Big South,Charleston So.,L 2-3,5,NA,43,21,141,0.156,42,13,NA,52,NA,NA,20,3,10,66,2
2020-2021,02/06/2021,Radford,Big South,Gardner-Webb,W 3-1,4,NA,48,31,146,0.116,44,8,4,74,1,1,14,3,8,64,1
2020-2021,02/07/2021,Radford,Big South,Gardner-Webb,W 3-0,3,NA,33,13,96,0.208,28,4,5,53,5,NA,14,1,7,44,2
2020-2021,02/13/2021,Radford,Big South,Charleston So.,L 0-3,3,NA,29,24,95,0.053,27,9,7,34,3,1,6,2,4,42,1
2020-2021,02/14/2021,Radford,Big South,Charleston So.,L 0-3,3,NA,24,16,100,0.08,20,3,4,42,6,NA,10,3,5,32,2
2020-2021,02/20/2021,Radford,Big South,Presbyterian,W 3-2,5,NA,54,26,170,0.165,47,9,8,90,7,NA,16,2,8,71,NA
2020-2021,02/21/2021,Radford,Big South,Presbyterian,L 2-3,5,NA,58,30,184,0.152,54,7,7,83,6,NA,12,1,6,71,NA
2020-2021,02/25/2021,Radford,Big South,@ High Point,L 0-3,3,NA,25,18,89,0.079,24,1,5,36,5,1,10,NA,6,32,1
2020-2021,02/26/2021,Radford,Big South,@ High Point,L 0-3,3,NA,23,21,100,0.02,21,2,2,44,6,1,16,NA,9,34,2
2020-2021,03/11/2021,Radford,Big South,@ UNC Asheville,L 2-3,5,NA,51,24,164,0.165,47,8,8,55,5,NA,18,NA,9,68,NA
2020-2021,03/12/2021,Radford,Big South,@ UNC Asheville,L 2-3,5,NA,NA,28,174,0.253,NA,4,6,71,7,1,16,1,9,85,4
2020-2021,03/18/2021,Radford,Big South,Winthrop,L 0-3,3,NA,27,23,100,0.04,23,5,5,34,6,NA,8,3,4,36,NA
2020-2021,03/19/2021,Radford,Big South,Winthrop,L 0-3,3,NA,30,22,123,0.065,26,2,6,49,NA,1,6,1,4,36,3
2020-2021,03/25/2021,Radford,Big South,@ USC Upstate,L 0-3,3,NA,28,18,99,0.101,28,4,3,35,8,3,4,2,5,37,NA
2020-2021,03/26/2021,Radford,Big South,@ USC Upstate,L 0-3,3,NA,28,15,114,0.114,28,1,6,51,8,NA,10,2,5,34,NA
2020-2021,04/01/2021,Radford,Big South,@ Campbell,L 0-3,3,NA,23,18,84,0.06,22,4,5,27,4,NA,4,NA,2,29,NA
2020-2021,04/02/2021,Radford,Big South,@ Campbell,L 0-3,3,NA,25,16,115,0.078,23,8,5,44,4,1,14,1,8,41,NA
2020-2021,02/05/2021,UNC Asheville,Big South,@ Charleston So.,L 0-3,3,NA,29,17,90,0.133,23,4,5,42,6,NA,8,3,4,37,NA
2020-2021,02/12/2021,UNC Asheville,Big South,Campbell,L 0-3,3,NA,26,15,93,0.118,21,4,1,26,7,NA,2,4,1,31,NA
2020-2021,02/13/2021,UNC Asheville,Big South,Campbell,L 0-3,3,NA,30,9,91,0.231,26,1,3,33,8,NA,6,NA,3,34,2
2020-2021,02/17/2021,UNC Asheville,Big South,High Point,L 0-3,3,NA,23,16,86,0.081,22,2,8,29,5,NA,8,3,4,29,NA
2020-2021,02/18/2021,UNC Asheville,Big South,High Point,L 0-3,3,NA,26,13,96,0.135,24,5,4,40,4,NA,6,1,3,34,1
2020-2021,02/27/2021,UNC Asheville,Big South,@ Gardner-Webb,W 3-0,3,NA,33,12,101,0.208,33,4,5,52,3,2,8,NA,6,43,NA
2020-2021,02/28/2021,UNC Asheville,Big South,@ Gardner-Webb,W 3-0,3,NA,32,21,108,0.102,32,2,5,57,3,3,14,NA,10,44,NA
2020-2021,03/04/2021,UNC Asheville,Big South,@ Presbyterian,W 3-1,4,NA,50,14,143,0.252,47,10,11,58,4,1,18,NA,10,70,NA
2020-2021,03/05/2021,UNC Asheville,Big South,@ Presbyterian,W 3-2,5,NA,66,30,197,0.183,65,9,9,NA,1,NA,20,2,10,85,NA
2020-2021,03/08/2021,UNC Asheville,Big South,@ Charleston So.,L 2-3,5,NA,42,23,138,0.138,41,10,11,41,11,4,20,NA,14,66,1
2020-2021,03/11/2021,UNC Asheville,Big South,Radford,W 3-2,5,NA,59,26,155,0.213,52,5,6,58,8,3,14,NA,10,74,NA
2020-2021,03/12/2021,UNC Asheville,Big South,Radford,W 3-2,5,NA,56,22,165,0.206,51,7,5,56,4,NA,14,1,7,70,1
2020-2021,03/18/2021,UNC Asheville,Big South,@ USC Upstate,L 0-3,3,NA,43,15,129,0.217,38,1,4,61,5,1,14,NA,8,52,NA
2020-2021,03/19/2021,UNC Asheville,Big South,@ USC Upstate,L 0-3,3,NA,28,26,128,0.016,24,4,3,64,8,NA,6,NA,3,35,NA
2020-2021,03/30/2021,UNC Asheville,Big South,Winthrop,W 3-0,3,NA,48,17,120,0.258,43,3,4,48,3,1,10,NA,6,57,1
2020-2021,03/31/2021,UNC Asheville,Big South,Winthrop,W 3-2,5,NA,59,22,187,0.198,52,9,8,88,3,3,18,1,12,80,1
2020-2021,02/06/2021,USC Upstate,Big South,@ Campbell,L 0-3,3,NA,16,17,84,-0.012,14,6,3,28,6,NA,12,NA,6,28,NA
2020-2021,02/07/2021,USC Upstate,Big South,@ Campbell,L 0-3,3,NA,32,18,112,0.125,29,3,8,40,3,NA,12,1,6,41,NA
2020-2021,02/11/2021,USC Upstate,Big South,@ Winthrop,L 0-3,3,NA,21,19,98,0.02,18,2,7,38,6,NA,18,2,9,32,1
2020-2021,02/12/2021,USC Upstate,Big South,@ Winthrop,L 0-3,3,NA,26,15,118,0.093,24,1,7,46,7,NA,14,2,7,34,1
2020-2021,02/18/2021,USC Upstate,Big South,Gardner-Webb,W 3-1,4,NA,41,22,132,0.144,32,5,4,55,7,1,10,NA,6,52,NA
2020-2021,02/19/2021,USC Upstate,Big South,Gardner-Webb,L 2-3,5,NA,58,27,183,0.169,54,4,5,86,9,1,14,NA,8,70,NA
2020-2021,03/04/2021,USC Upstate,Big South,High Point,L 0-3,3,NA,28,21,108,0.065,26,1,3,50,3,1,4,2,3,32,NA
2020-2021,03/05/2021,USC Upstate,Big South,High Point,L 0-3,3,NA,24,18,102,0.059,23,1,2,38,7,1,14,1,8,33,NA
2020-2021,03/11/2021,USC Upstate,Big South,@ Presbyterian,W 3-1,4,NA,54,26,145,0.193,51,11,NA,58,9,1,14,4,8,73,NA
2020-2021,03/12/2021,USC Upstate,Big South,@ Presbyterian,W 3-0,3,NA,37,21,113,0.142,34,10,3,47,1,NA,10,NA,5,52,NA
2020-2021,03/18/2021,USC Upstate,Big South,UNC Asheville,W 3-0,3,NA,50,14,143,0.252,46,5,7,57,1,NA,6,1,3,58,NA
2020-2021,03/19/2021,USC Upstate,Big South,UNC Asheville,W 3-0,3,NA,36,6,113,0.265,31,8,3,67,4,1,20,NA,11,55,NA
2020-2021,03/25/2021,USC Upstate,Big South,Radford,W 3-0,3,NA,44,12,95,0.337,41,8,5,49,4,2,10,3,7,59,NA
2020-2021,03/26/2021,USC Upstate,Big South,Radford,W 3-0,3,NA,44,15,121,0.24,39,8,6,63,1,NA,14,NA,7,59,NA
2020-2021,03/29/2021,USC Upstate,Big South,@ Charleston So.,Ppd,NA,NA,NA,NA,NA,NA,NA,NA,NA,NA,NA,NA,NA,NA,NA,NA,NA
2020-2021,03/30/2021,USC Upstate,Big South,@ Charleston So.,Ppd,NA,NA,NA,NA,NA,NA,NA,NA,NA,NA,NA,NA,NA,NA,NA,NA,NA
2020-2021,02/06/2021,Winthrop,Big South,@ Charleston So.,L 0-3,3,NA,49,26,120,0.192,42,1,5,53,5,NA,4,4,2,52,NA
2020-2021,02/07/2021,Winthrop,Big South,@ Charleston So.,L 1-3,4,NA,45,25,151,0.132,44,8,10,75,4,4,18,3,13,66,2
2020-2021,02/11/2021,Winthrop,Big South,USC Upstate,W 3-0,3,NA,39,16,99,0.232,34,6,8,51,2,NA,6,NA,3,48,1
2020-2021,02/12/2021,Winthrop,Big South,USC Upstate,W 3-0,3,NA,44,21,117,0.197,43,7,6,63,1,2,4,NA,4,55,2
2020-2021,02/27/2021,Winthrop,Big South,Campbell,L 0-3,3,NA,27,19,116,0.069,25,1,3,40,1,1,8,2,5,33,2
2020-2021,02/28/2021,Winthrop,Big South,Campbell,W 3-1,4,NA,49,26,161,0.143,44,4,12,71,7,5,NA,3,NA,71,NA
2020-2021,03/04/2021,Winthrop,Big South,Gardner-Webb,W 3-0,3,NA,34,14,97,0.206,28,7,5,43,2,1,16,1,9,50,1
2020-2021,03/05/2021,Winthrop,Big South,Gardner-Webb,W 3-0,3,NA,42,18,107,0.224,39,8,2,49,2,NA,8,3,4,54,1
2020-2021,03/11/2021,Winthrop,Big South,@ High Point,L 1-3,4,NA,39,30,164,0.055,38,2,4,82,6,3,8,2,7,48,2
2020-2021,03/12/2021,Winthrop,Big South,@ High Point,L 0-3,3,NA,21,17,99,0.04,20,4,7,44,6,3,4,NA,5,30,1
2020-2021,03/18/2021,Winthrop,Big South,@ Radford,W 3-0,3,NA,39,12,91,0.297,36,6,6,45,5,2,14,1,9,54,NA
2020-2021,03/19/2021,Winthrop,Big South,@ Radford,W 3-0,3,NA,43,15,116,0.241,39,NA,4,67,2,1,16,NA,9,52,1
2020-2021,03/25/2021,Winthrop,Big South,Presbyterian,W 3-1,4,NA,36,28,154,0.052,35,4,5,75,4,1,12,1,7,47,2
2020-2021,03/26/2021,Winthrop,Big South,Presbyterian,W 3-0,3,NA,41,16,117,0.214,40,7,7,65,4,1,16,NA,9,57,1
2020-2021,03/30/2021,Winthrop,Big South,@ UNC Asheville,L 0-3,3,NA,37,18,121,0.157,36,3,4,39,3,2,6,1,5,45,1
2020-2021,03/31/2021,Winthrop,Big South,@ UNC Asheville,L 2-3,5,NA,54,29,190,0.132,52,3,6,81,9,4,12,NA,10,67,2
2020-2021,01/22/2021,Illinois,Big Ten,@ Iowa,W 3-1,4,NA,55,28,139,0.194,48,14,10,61,6,1,25,1,13.5,82.5,2
2020-2021,01/23/2021,Illinois,Big Ten,@ Iowa,W 3-1,4,NA,49,21,122,0.23,44,10,11,46,1,2,22,1,13,72,1
2020-2021,01/29/2021,Illinois,Big Ten,Wisconsin,L 0-3,3,NA,36,19,101,0.168,27,3,9,34,4,1,4,2,3,42,NA
2020-2021,01/30/2021,Illinois,Big Ten,Wisconsin,L 1-3,4,NA,48,22,129,0.202,45,7,10,47,5,1,12,4,7,62,NA
2020-2021,02/05/2021,Illinois,Big Ten,@ Penn St.,L 1-3,4,NA,49,19,112,0.268,47,5,11,48,5,NA,14,NA,7,61,3
2020-2021,02/06/2021,Illinois,Big Ten,@ Penn St.,L 2-3,5,NA,55,31,167,0.144,54,9,14,57,9,3,16,3,11,75,1
2020-2021,02/09/2021,Illinois,Big Ten,Northwestern,Ppd,NA,NA,NA,NA,NA,NA,NA,NA,NA,NA,NA,NA,NA,NA,NA,NA,NA
2020-2021,02/13/2021,Illinois,Big Ten,@ Northwestern,Ppd,NA,NA,NA,NA,NA,NA,NA,NA,NA,NA,NA,NA,NA,NA,NA,NA,NA
2020-2021,02/19/2021,Illinois,Big Ten,Ohio St.,L 1-3,4,NA,47,29,137,0.131,43,6,10,53,2,2,12,4,8,61,2
2020-2021,02/20/2021,Illinois,Big Ten,Ohio St.,L 2-3,5,NA,59,29,178,0.169,53,11,6,76,2,NA,16,1,8,78,2
2020-2021,02/27/2021,Illinois,Big Ten,@ Michigan St.,Ppd,NA,NA,NA,NA,NA,NA,NA,NA,NA,NA,NA,NA,NA,NA,NA,NA,NA
2020-2021,02/28/2021,Illinois,Big Ten,@ Michigan St.,Ppd,NA,NA,NA,NA,NA,NA,NA,NA,NA,NA,NA,NA,NA,NA,NA,NA,NA
2020-2021,03/05/2021,Illinois,Big Ten,Nebraska,L 0-3,3,NA,36,19,111,0.153,31,5,10,35,2,1,12,1,7,48,NA
2020-2021,03/06/2021,Illinois,Big Ten,Nebraska,L 0-3,3,NA,41,25,118,0.136,36,6,11,39,4,NA,8,2,4,51,NA
2020-2021,03/12/2021,Illinois,Big Ten,@ Minnesota,L 2-3,5,NA,71,33,185,0.205,64,5,6,90,4,1,22,2,12,88,NA
2020-2021,03/13/2021,Illinois,Big Ten,@ Minnesota,L 0-3,3,NA,32,29,124,0.024,31,7,10,45,2,2,6,NA,5,44,NA
2020-2021,03/19/2021,Illinois,Big Ten,Maryland,W 3-1,4,NA,51,34,162,0.105,44,12,12,67,4,2,10,1,7,70,NA
2020-2021,03/20/2021,Illinois,Big Ten,Maryland,W 3-2,5,NA,63,30,171,0.193,53,5,14,60,8,1,14,2,8,76,1
2020-2021,03/26/2021,Illinois,Big Ten,Indiana,W 3-0,3,NA,41,14,95,0.284,35,7,8,33,1,1,12,NA,7,55,NA
2020-2021,03/27/2021,Illinois,Big Ten,Indiana,W 3-1,4,NA,52,22,131,0.229,47,8,10,46,1,2,27,4,15.5,75.5,NA
2020-2021,04/02/2021,Illinois,Big Ten,@ Purdue,L 0-3,3,NA,33,22,127,0.087,32,2,5,51,6,NA,12,NA,6,41,NA
2020-2021,04/03/2021,Illinois,Big Ten,@ Purdue,W 3-2,5,NA,66,28,186,0.204,55,2,8,77,6,NA,18,1,9,77,1
2020-2021,01/22/2021,Indiana,Big Ten,Nebraska,L 0-3,3,NA,27,15,86,0.14,24,5,10,21,7,2,8,NA,6,38,NA
2020-2021,01/23/2021,Indiana,Big Ten,Nebraska,L 0-3,3,NA,30,25,104,0.048,28,2,7,39,4,2,4,1,4,36,NA
2020-2021,01/29/2021,Indiana,Big Ten,@ Rutgers,L 1-3,4,NA,44,31,146,0.089,42,4,6,62,9,3,14,3,10,58,NA
2020-2021,01/30/2021,Indiana,Big Ten,@ Rutgers,W 3-1,4,NA,54,19,132,0.265,50,7,4,52,7,1,14,2,8,69,1
2020-2021,02/05/2021,Indiana,Big Ten,@ Iowa,L 1-3,4,NA,46,31,130,0.115,43,4,6,40,6,3,12,NA,9,59,2
2020-2021,02/06/2021,Indiana,Big Ten,@ Iowa,W 3-2,5,NA,61,20,149,0.275,56,6,9,54,11,4,36,3,NA,89,1
2020-2021,02/12/2021,Indiana,Big Ten,Wisconsin,L 0-3,3,NA,21,23,93,-0.022,21,4,4,33,4,6,8,1,10,35,NA
2020-2021,02/13/2021,Indiana,Big Ten,Wisconsin,L 0-3,3,NA,34,14,80,0.25,31,5,12,26,7,1,6,2,4,43,NA
2020-2021,02/19/2021,Indiana,Big Ten,@ Penn St.,L 1-3,4,NA,40,30,135,0.074,39,3,5,45,5,1,2,1,2,45,2
2020-2021,02/20/2021,Indiana,Big Ten,@ Penn St.,L 0-3,3,NA,31,16,88,0.17,31,1,2,37,5,NA,8,3,4,36,NA
2020-2021,02/23/2021,Indiana,Big Ten,Purdue,L 0-3,3,NA,26,18,90,0.089,26,3,9,27,5,2,6,1,5,34,2
2020-2021,02/28/2021,Indiana,Big Ten,@ Purdue,L 0-3,3,NA,30,24,109,0.055,26,NA,5,39,3,1,4,3,3,33,NA
2020-2021,03/05/2021,Indiana,Big Ten,Maryland,W 3-0,3,NA,40,17,89,0.258,35,8,11,35,4,2,4,2,4,52,NA
2020-2021,03/06/2021,Indiana,Big Ten,Maryland,L 1-3,4,NA,42,30,149,0.081,37,7,11,58,4,NA,11,1,5.5,54.5,3
2020-2021,03/12/2021,Indiana,Big Ten,@ Michigan,L 2-3,5,NA,49,25,135,0.178,46,13,4,51,6,4,25,1,16.5,78.5,NA
2020-2021,03/13/2021,Indiana,Big Ten,@ Michigan,L 1-3,4,NA,50,20,135,0.222,49,5,6,45,12,1,16,3,9,64,1
2020-2021,03/20/2021,Indiana,Big Ten,Northwestern,Ppd,NA,NA,NA,NA,NA,NA,NA,NA,NA,NA,NA,NA,NA,NA,NA,NA,NA
2020-2021,03/21/2021,Indiana,Big Ten,Northwestern,Ppd,NA,NA,NA,NA,NA,NA,NA,NA,NA,NA,NA,NA,NA,NA,NA,NA,NA
2020-2021,03/26/2021,Indiana,Big Ten,@ Illinois,L 0-3,3,NA,31,20,93,0.118,29,1,3,30,7,1,4,1,3,35,2
2020-2021,03/27/2021,Indiana,Big Ten,@ Illinois,L 1-3,4,NA,44,29,125,0.12,34,1,8,48,8,2,14,1,9,54,NA
2020-2021,01/22/2021,Iowa,Big Ten,Illinois,L 1-3,4,NA,36,25,131,0.084,30,6,2,45,14,2,18,NA,11,53,2
2020-2021,01/23/2021,Iowa,Big Ten,Illinois,L 1-3,4,NA,37,24,117,0.111,36,1,8,43,10,1,20,NA,11,49,2
2020-2021,01/29/2021,Iowa,Big Ten,@ Purdue,L 0-3,3,NA,30,23,105,0.067,26,2,9,30,4,2,8,1,6,38,1
2020-2021,01/30/2021,Iowa,Big Ten,@ Purdue,L 0-3,3,NA,36,13,116,0.198,32,2,5,41,5,NA,4,NA,2,40,NA
2020-2021,02/05/2021,Iowa,Big Ten,Indiana,W 3-1,4,NA,51,24,119,0.227,48,6,7,44,4,1,32,1,17,74,NA
2020-2021,02/06/2021,Iowa,Big Ten,Indiana,L 2-3,5,NA,59,NA,156,0.128,55,11,10,58,6,1,12,2,7,77,NA
2020-2021,02/12/2021,Iowa,Big Ten,@ Ohio St.,L 0-3,3,NA,24,21,105,0.029,21,5,4,39,3,NA,9,3,4.5,33.5,2
2020-2021,02/13/2021,Iowa,Big Ten,@ Ohio St.,L 0-3,3,NA,44,13,110,0.282,43,2,8,44,6,NA,10,1,5,51,1
2020-2021,02/19/2021,Iowa,Big Ten,Rutgers,W 3-1,4,NA,59,22,148,0.25,57,9,10,63,6,NA,18,1,9,77,NA
2020-2021,02/20/2021,Iowa,Big Ten,Rutgers,L 2-3,5,NA,67,24,151,0.285,66,9,10,61,3,NA,17,4,8.5,84.5,1
2020-2021,02/26/2021,Iowa,Big Ten,@ Northwestern,W 3-2,5,NA,67,30,158,0.234,58,6,8,50,9,3,20,NA,13,86,1
2020-2021,02/27/2021,Iowa,Big Ten,@ Northwestern,L 2-3,5,NA,57,21,144,0.25,48,4,9,51,8,1,14,NA,8,69,NA
2020-2021,03/05/2021,Iowa,Big Ten,Wisconsin,Ppd,NA,NA,NA,NA,NA,NA,NA,NA,NA,NA,NA,NA,NA,NA,NA,NA,NA
2020-2021,03/06/2021,Iowa,Big Ten,Wisconsin,Ppd,NA,NA,NA,NA,NA,NA,NA,NA,NA,NA,NA,NA,NA,NA,NA,NA,NA
2020-2021,03/12/2021,Iowa,Big Ten,@ Maryland,L 1-3,4,NA,59,30,151,0.192,54,6,10,49,5,2,4,NA,4,69,1
2020-2021,03/13/2021,Iowa,Big Ten,@ Maryland,L 0-3,3,NA,39,22,111,0.153,33,3,7,32,2,1,4,NA,3,45,2
2020-2021,03/17/2021,Iowa,Big Ten,Nebraska,L 0-3,3,NA,29,17,101,0.119,26,2,4,37,4,NA,10,1,5,36,1
2020-2021,03/20/2021,Iowa,Big Ten,@ Nebraska,L 0-3,3,NA,22,21,77,0.013,21,3,9,18,4,1,8,1,5,30,1
2020-2021,03/26/2021,Iowa,Big Ten,Michigan St.,L 1-3,4,NA,44,29,142,0.106,44,7,9,46,4,1,12,1,7,58,NA
2020-2021,03/27/2021,Iowa,Big Ten,Michigan St.,W 3-0,3,NA,44,20,119,0.202,37,5,4,51,3,NA,10,NA,5,54,NA
2020-2021,04/02/2021,Iowa,Big Ten,@ Minnesota,L 0-3,3,NA,35,14,94,0.223,34,4,4,31,5,NA,12,1,6,45,NA
2020-2021,04/03/2021,Iowa,Big Ten,@ Minnesota,L 0-3,3,NA,28,15,96,0.135,26,4,4,32,8,NA,4,NA,2,34,NA
2020-2021,01/22/2021,Maryland,Big Ten,@ Ohio St.,L 2-3,5,NA,45,24,146,0.144,40,7,5,46,10,1,24,NA,13,65,NA
2020-2021,01/23/2021,Maryland,Big Ten,@ Ohio St.,L 2-3,5,NA,60,28,176,0.182,57,4,6,76,12,1,32,NA,17,81,NA
2020-2021,01/29/2021,Maryland,Big Ten,Minnesota,L 0-3,3,NA,30,17,98,0.133,25,4,7,45,11,2,16,NA,10,44,NA
2020-2021,01/30/2021,Maryland,Big Ten,Minnesota,L 0-3,3,NA,38,15,93,0.247,37,4,7,35,10,NA,10,NA,5,47,1
2020-2021,02/05/2021,Maryland,Big Ten,@ Nebraska,L 1-3,4,NA,41,19,132,0.167,37,3,10,46,7,2,16,NA,10,54,1
2020-2021,02/06/2021,Maryland,Big Ten,@ Nebraska,L 0-3,3,NA,26,13,77,0.169,26,3,5,31,8,NA,12,1,6,35,NA
2020-2021,02/12/2021,Maryland,Big Ten,Michigan St.,L 1-3,4,NA,43,23,117,0.171,40,5,6,51,5,2,10,2,7,55,2
2020-2021,02/13/2021,Maryland,Big Ten,Michigan St.,L 1-3,4,NA,42,23,102,0.186,40,10,11,50,8,5,10,1,10,62,1
2020-2021,02/19/2021,Maryland,Big Ten,@ Michigan,W 3-2,5,NA,39,19,119,0.168,36,8,8,68,10,3,31,2,18.5,65.5,1
2020-2021,02/20/2021,Maryland,Big Ten,@ Michigan,L 2-3,5,NA,48,23,143,0.175,41,6,8,73,8,5,30,NA,20,74,NA
2020-2021,02/26/2021,Maryland,Big Ten,Penn St.,Ppd,NA,NA,NA,NA,NA,NA,NA,NA,NA,NA,NA,NA,NA,NA,NA,NA,NA
2020-2021,02/27/2021,Maryland,Big Ten,Penn St.,Ppd,NA,NA,NA,NA,NA,NA,NA,NA,NA,NA,NA,NA,NA,NA,NA,NA,NA
2020-2021,03/05/2021,Maryland,Big Ten,@ Indiana,L 0-3,3,NA,31,13,82,0.22,28,4,15,29,8,2,12,NA,8,43,NA
2020-2021,03/06/2021,Maryland,Big Ten,@ Indiana,W 3-1,4,NA,49,14,127,0.276,44,4,16,61,7,2,28,2,16,69,1
2020-2021,03/12/2021,Maryland,Big Ten,Iowa,W 3-1,4,NA,52,17,127,0.276,46,5,7,50,6,1,34,1,18,75,NA
2020-2021,03/13/2021,Maryland,Big Ten,Iowa,W 3-0,3,NA,37,7,86,0.349,36,2,4,38,3,1,28,1,15,54,NA
2020-2021,03/19/2021,Maryland,Big Ten,@ Illinois,L 1-3,4,NA,32,24,135,0.059,30,4,9,55,12,NA,29,NA,14.5,50.5,NA
2020-2021,03/20/2021,Maryland,Big Ten,@ Illinois,L 2-3,5,NA,52,21,139,0.223,51,8,11,64,5,1,16,4,9,69,2
2020-2021,03/24/2021,Maryland,Big Ten,Rutgers,L 1-3,4,NA,41,29,143,0.084,37,6,5,59,6,NA,28,NA,14,61,2
2020-2021,03/27/2021,Maryland,Big Ten,@ Rutgers,L 1-3,4,NA,44,12,134,0.239,40,1,2,55,13,NA,22,NA,11,56,1
2020-2021,04/02/2021,Maryland,Big Ten,Northwestern,W 3-2,5,NA,49,15,130,0.262,45,5,8,49,13,4,32,1,20,74,1
2020-2021,04/03/2021,Maryland,Big Ten,Northwestern,L 2-3,5,NA,55,25,153,0.196,52,9,8,60,9,2,28,1,16,80,1
2020-2021,01/23/2021,Michigan,Big Ten,Penn St.,Ppd,NA,NA,NA,NA,NA,NA,NA,NA,NA,NA,NA,NA,NA,NA,NA,NA,NA
2020-2021,01/23/2021(1),Michigan,Big Ten,Penn St.,Ppd,NA,NA,NA,NA,NA,NA,NA,NA,NA,NA,NA,NA,NA,NA,NA,NA,NA
2020-2021,01/30/2021,Michigan,Big Ten,Michigan St.,Ppd,NA,NA,NA,NA,NA,NA,NA,NA,NA,NA,NA,NA,NA,NA,NA,NA,NA
2020-2021,02/13/2021,Michigan,Big Ten,Purdue,L 1-3,4,NA,67,30,166,0.223,60,5,6,67,5,NA,8,NA,4,76,1
2020-2021,02/14/2021,Michigan,Big Ten,Purdue,L 1-3,4,NA,57,27,152,0.197,56,2,9,46,3,1,10,1,6,65,1
2020-2021,02/17/2021,Michigan,Big Ten,@ Michigan St.,W 3-1,4,NA,54,23,154,0.201,54,8,14,68,7,2,14,1,9,71,NA
2020-2021,02/19/2021,Michigan,Big Ten,Maryland,L 2-3,5,NA,65,29,178,0.202,54,10,NA,52,8,NA,14,NA,7,82,NA
2020-2021,02/20/2021,Michigan,Big Ten,Maryland,W 3-2,5,NA,74,30,195,0.226,68,8,15,66,6,3,12,1,9,91,2
2020-2021,02/26/2021,Michigan,Big Ten,@ Minnesota,Ppd,NA,NA,NA,NA,NA,NA,NA,NA,NA,NA,NA,NA,NA,NA,NA,NA,NA
2020-2021,02/27/2021,Michigan,Big Ten,@ Minnesota,Ppd,NA,NA,NA,NA,NA,NA,NA,NA,NA,NA,NA,NA,NA,NA,NA,NA,NA
2020-2021,03/05/2021,Michigan,Big Ten,@ Rutgers,Ppd,NA,NA,NA,NA,NA,NA,NA,NA,NA,NA,NA,NA,NA,NA,NA,NA,NA
2020-2021,03/06/2021,Michigan,Big Ten,@ Rutgers,Ppd,NA,NA,NA,NA,NA,NA,NA,NA,NA,NA,NA,NA,NA,NA,NA,NA,NA
2020-2021,03/12/2021,Michigan,Big Ten,Indiana,W 3-2,5,NA,NA,29,162,0.296,NA,6,15,58,13,1,10,3,6,89,NA
2020-2021,03/13/2021,Michigan,Big Ten,Indiana,W 3-1,4,NA,60,24,140,0.257,60,12,10,63,5,1,4,4,3,75,NA
2020-2021,03/19/2021,Michigan,Big Ten,@ Ohio St.,L 1-3,4,NA,51,23,170,0.165,50,4,8,85,11,2,11,3,7.5,62.5,2
2020-2021,03/20/2021,Michigan,Big Ten,@ Ohio St.,L 0-3,3,NA,35,14,112,0.188,34,2,2,44,6,NA,6,NA,3,40,NA
2020-2021,03/25/2021,Michigan,Big Ten,Nebraska,L 1-3,4,NA,45,21,149,0.161,42,5,11,52,10,1,16,3,9,59,NA
2020-2021,03/26/2021,Michigan,Big Ten,Nebraska,L 0-3,3,NA,25,18,97,0.072,24,3,6,40,7,2,6,2,5,33,NA
2020-2021,04/01/2021,Michigan,Big Ten,@ Wisconsin,L 0-3,3,NA,25,20,108,0.046,24,2,6,38,3,NA,4,2,2,29,1
2020-2021,04/02/2021,Michigan,Big Ten,@ Wisconsin,L 0-3,3,NA,35,14,125,0.168,29,2,6,54,9,1,6,1,4,41,NA
2020-2021,01/23/2021,Michigan St.,Big Ten,@ Minnesota,L 0-3,3,NA,38,21,110,0.155,37,6,7,39,2,NA,2,1,1,45,NA
2020-2021,01/24/2021,Michigan St.,Big Ten,@ Minnesota,L 0-3,3,NA,34,21,117,0.111,32,1,9,44,6,1,10,1,6,41,NA
2020-2021,01/30/2021,Michigan St.,Big Ten,@ Michigan,Ppd,NA,NA,NA,NA,NA,NA,NA,NA,NA,NA,NA,NA,NA,NA,NA,NA,NA
2020-2021,01/31/2021,Michigan St.,Big Ten,Ohio St.,L 0-3,3,NA,30,23,111,0.063,28,1,5,39,4,2,2,4,3,34,NA
2020-2021,02/01/2021,Michigan St.,Big Ten,Ohio St.,L 2-3,5,NA,54,23,160,0.194,48,4,9,62,2,2,14,NA,9,67,NA
2020-2021,02/12/2021,Michigan St.,Big Ten,@ Maryland,W 3-1,4,NA,58,17,136,0.301,53,5,9,49,5,NA,14,NA,7,70,1
2020-2021,02/13/2021,Michigan St.,Big Ten,@ Maryland,W 3-1,4,NA,52,18,131,0.26,45,8,NA,27,10,1,16,NA,9,69,NA
2020-2021,02/17/2021,Michigan St.,Big Ten,Michigan,L 1-3,4,NA,47,24,143,0.161,45,7,10,68,8,2,10,2,7,61,NA
2020-2021,02/20/2021,Michigan St.,Big Ten,Wisconsin,L 0-3,3,NA,27,21,84,0.071,26,3,9,33,7,1,8,NA,5,35,NA
2020-2021,02/21/2021,Michigan St.,Big Ten,Wisconsin,L 1-3,4,NA,39,28,140,0.079,39,9,11,50,4,4,4,3,6,54,NA
2020-2021,02/27/2021,Michigan St.,Big Ten,Illinois,Ppd,NA,NA,NA,NA,NA,NA,NA,NA,NA,NA,NA,NA,NA,NA,NA,NA,NA
2020-2021,02/28/2021,Michigan St.,Big Ten,Illinois,Ppd,NA,NA,NA,NA,NA,NA,NA,NA,NA,NA,NA,NA,NA,NA,NA,NA,NA
2020-2021,03/05/2021,Michigan St.,Big Ten,@ Northwestern,Ppd,NA,NA,NA,NA,NA,NA,NA,NA,NA,NA,NA,NA,NA,NA,NA,NA,NA
2020-2021,03/06/2021,Michigan St.,Big Ten,@ Northwestern,Ppd,NA,NA,NA,NA,NA,NA,NA,NA,NA,NA,NA,NA,NA,NA,NA,NA,NA
2020-2021,03/12/2021,Michigan St.,Big Ten,@ Purdue,Ppd,NA,NA,NA,NA,NA,NA,NA,NA,NA,NA,NA,NA,NA,NA,NA,NA,NA
2020-2021,03/13/2021,Michigan St.,Big Ten,@ Purdue,Ppd,NA,NA,NA,NA,NA,NA,NA,NA,NA,NA,NA,NA,NA,NA,NA,NA,NA
2020-2021,03/19/2021,Michigan St.,Big Ten,Penn St.,L 0-3,3,NA,27,19,98,0.082,27,3,8,33,3,2,NA,1,2,32,NA
2020-2021,03/20/2021,Michigan St.,Big Ten,Penn St.,L 0-3,3,NA,25,19,82,0.073,23,2,13,33,7,2,2,NA,3,30,1
2020-2021,03/26/2021,Michigan St.,Big Ten,@ Iowa,W 3-1,4,NA,51,24,128,0.211,50,4,5,57,7,NA,22,4,11,66,1
2020-2021,03/27/2021,Michigan St.,Big Ten,@ Iowa,L 0-3,3,NA,36,19,116,0.147,34,3,7,48,5,NA,24,1,12,51,NA
2020-2021,04/02/2021,Michigan St.,Big Ten,Rutgers,L 2-3,5,NA,62,30,167,0.192,58,5,5,67,14,4,16,3,12,79,NA
2020-2021,04/03/2021,Michigan St.,Big Ten,Rutgers,L 1-3,4,NA,54,17,130,0.285,49,2,6,52,NA,1,14,3,8,64,NA
2020-2021,01/23/2021,Minnesota,Big Ten,Michigan St.,W 3-0,3,NA,46,8,99,0.384,40,2,5,44,6,4,8,NA,8,56,NA
2020-2021,01/24/2021,Minnesota,Big Ten,Michigan St.,W 3-0,3,NA,38,17,111,0.189,34,6,3,54,1,NA,16,NA,8,52,2
2020-2021,01/29/2021,Minnesota,Big Ten,@ Maryland,W 3-0,3,NA,40,16,106,0.226,29,11,3,55,4,2,16,NA,10,61,NA
2020-2021,01/30/2021,Minnesota,Big Ten,@ Maryland,W 3-0,3,NA,42,8,94,0.362,35,10,2,39,4,1,12,NA,7,59,2
2020-2021,02/05/2021,Minnesota,Big Ten,@ Purdue,W 3-2,5,NA,72,17,199,0.276,68,3,5,NA,13,4,12,1,10,85,1
2020-2021,02/06/2021,Minnesota,Big Ten,@ Purdue,W 3-2,5,NA,67,20,173,0.272,64,3,5,77,5,1,20,NA,11,81,3
2020-2021,02/13/2021,Minnesota,Big Ten,Penn St.,W 3-1,4,NA,67,24,172,0.25,61,4,8,72,5,2,18,2,11,82,1
2020-2021,02/14/2021,Minnesota,Big Ten,Penn St.,W 3-2,5,NA,56,29,181,0.149,54,10,1,82,3,1,12,2,7,73,NA
2020-2021,02/19/2021,Minnesota,Big Ten,@ Nebraska,W 3-1,4,NA,51,20,158,0.196,43,6,3,73,4,1,NA,2,20,77,NA
2020-2021,02/21/2021,Minnesota,Big Ten,@ Nebraska,L 0-3,3,NA,36,19,111,0.153,36,NA,8,51,4,1,8,2,5,41,NA
2020-2021,02/26/2021,Minnesota,Big Ten,Michigan,Ppd,NA,NA,NA,NA,NA,NA,NA,NA,NA,NA,NA,NA,NA,NA,NA,NA,NA
2020-2021,02/27/2021,Minnesota,Big Ten,Michigan,Ppd,NA,NA,NA,NA,NA,NA,NA,NA,NA,NA,NA,NA,NA,NA,NA,NA,NA
2020-2021,03/05/2021,Minnesota,Big Ten,@ Ohio St.,Ppd,NA,NA,NA,NA,NA,NA,NA,NA,NA,NA,NA,NA,NA,NA,NA,NA,NA
2020-2021,03/06/2021,Minnesota,Big Ten,@ Ohio St.,Ppd,NA,NA,NA,NA,NA,NA,NA,NA,NA,NA,NA,NA,NA,NA,NA,NA,NA
2020-2021,03/12/2021,Minnesota,Big Ten,Illinois,W 3-2,5,NA,57,18,179,0.218,52,4,6,72,5,2,24,2,14,75,NA
2020-2021,03/13/2021,Minnesota,Big Ten,Illinois,W 3-0,3,NA,33,12,97,0.216,30,2,5,49,7,1,28,2,15,50,1
2020-2021,03/21/2021,Minnesota,Big Ten,Wisconsin,L 1-3,4,NA,44,19,122,0.205,39,7,4,47,10,3,10,1,8,59,1
2020-2021,03/26/2021,Minnesota,Big Ten,@ Northwestern,W 3-0,3,NA,37,8,81,0.358,30,7,4,32,4,1,26,NA,14,58,NA
2020-2021,03/27/2021,Minnesota,Big Ten,@ Northwestern,W 3-1,4,NA,49,6,108,0.398,42,9,6,45,6,3,22,NA,14,72,3
2020-2021,04/02/2021,Minnesota,Big Ten,Iowa,W 3-0,3,NA,52,9,96,0.448,48,5,3,35,4,2,10,NA,7,64,NA
2020-2021,04/03/2021,Minnesota,Big Ten,Iowa,W 3-0,3,NA,48,12,97,0.371,45,8,4,49,4,NA,10,NA,5,61,NA
2020-2021,04/15/2021,Minnesota,Big Ten,"Georgia Tech @Omaha, NE (2020 NCAA DI Women's Volleyball Championship)",W 3-0,3,NA,49,12,103,0.359,46,3,4,52,2,3,14,4,10,62,NA
2020-2021,04/18/2021,Minnesota,Big Ten,"Pittsburgh @Omaha, NE (2020 NCAA DI Women's Volleyball Championship)",L 2-3,5,NA,60,25,150,0.233,58,3,6,65,4,NA,32,4,16,79,NA
2020-2021,01/22/2021,Nebraska,Big Ten,@ Indiana,W 3-0,3,NA,41,15,82,0.317,36,7,10,36,5,NA,10,NA,5,53,1
2020-2021,01/23/2021,Nebraska,Big Ten,@ Indiana,W 3-0,3,NA,39,16,101,0.228,34,4,7,43,2,3,18,3,12,55,1
2020-2021,01/29/2021,Nebraska,Big Ten,Northwestern,Ppd,NA,NA,NA,NA,NA,NA,NA,NA,NA,NA,NA,NA,NA,NA,NA,NA,NA
2020-2021,01/30/2021,Nebraska,Big Ten,Northwestern,Ppd,NA,NA,NA,NA,NA,NA,NA,NA,NA,NA,NA,NA,NA,NA,NA,NA,NA
2020-2021,02/05/2021,Nebraska,Big Ten,Maryland,W 3-1,4,NA,59,25,137,0.248,56,7,8,56,3,1,16,3,9,75,1
2020-2021,02/06/2021,Nebraska,Big Ten,Maryland,W 3-0,3,NA,49,14,104,0.337,42,8,7,34,3,1,12,1,7,64,1
2020-2021,02/12/2021,Nebraska,Big Ten,@ Rutgers,W 3-0,3,NA,46,14,100,0.32,42,5,5,39,2,2,8,1,6,57,NA
2020-2021,02/13/2021,Nebraska,Big Ten,@ Rutgers,W 3-1,4,NA,61,19,156,0.269,54,5,8,79,5,3,24,2,15,81,1
2020-2021,02/19/2021,Nebraska,Big Ten,Minnesota,L 1-3,4,NA,57,31,173,0.15,52,4,6,76,6,2,12,3,8,69,1
2020-2021,02/21/2021,Nebraska,Big Ten,Minnesota,W 3-0,3,NA,43,10,110,0.3,40,4,8,50,NA,NA,17,NA,8.5,55.5,NA
2020-2021,02/26/2021,Nebraska,Big Ten,@ Wisconsin,Ppd,NA,NA,NA,NA,NA,NA,NA,NA,NA,NA,NA,NA,NA,NA,NA,NA,NA
2020-2021,02/27/2021,Nebraska,Big Ten,@ Wisconsin,Ppd,NA,NA,NA,NA,NA,NA,NA,NA,NA,NA,NA,NA,NA,NA,NA,NA,NA
2020-2021,03/05/2021,Nebraska,Big Ten,@ Illinois,W 3-0,3,NA,44,15,103,0.282,38,2,3,47,5,2,12,1,8,54,1
2020-2021,03/06/2021,Nebraska,Big Ten,@ Illinois,W 3-0,3,NA,39,14,102,0.245,35,4,8,39,6,1,12,4,7,50,NA
2020-2021,03/12/2021,Nebraska,Big Ten,Ohio St.,W 3-2,5,NA,61,20,163,0.252,57,6,9,71,2,1,16,3,9,76,NA
2020-2021,03/13/2021,Nebraska,Big Ten,Ohio St.,L 2-3,5,NA,67,27,164,0.244,63,3,8,65,6,NA,10,4,5,75,NA
2020-2021,03/17/2021,Nebraska,Big Ten,@ Iowa,W 3-0,3,NA,49,13,101,0.356,44,4,7,49,2,1,8,1,5,58,NA
2020-2021,03/20/2021,Nebraska,Big Ten,Iowa,W 3-0,3,NA,40,11,73,0.397,39,4,10,31,3,1,14,2,8,52,NA
2020-2021,03/25/2021,Nebraska,Big Ten,@ Michigan,W 3-1,4,NA,52,20,138,0.232,49,10,5,69,5,NA,22,4,11,73,NA
2020-2021,03/26/2021,Nebraska,Big Ten,@ Michigan,W 3-0,3,NA,43,9,94,0.362,37,7,7,44,3,1,20,NA,11,61,2
2020-2021,04/01/2021,Nebraska,Big Ten,Penn St.,Canceled,NA,NA,NA,NA,NA,NA,NA,NA,NA,NA,NA,NA,NA,NA,NA,NA,NA
2020-2021,04/02/2021,Nebraska,Big Ten,Penn St.,Canceled,NA,NA,NA,NA,NA,NA,NA,NA,NA,NA,NA,NA,NA,NA,NA,NA,NA
2020-2021,04/15/2021,Nebraska,Big Ten,"Texas St. @Omaha, NE (2020 NCAA DI Women's Volleyball Championship)",W 3-0,3,NA,50,9,103,0.398,47,3,8,35,2,NA,14,3,7,60,2
2020-2021,04/18/2021,Nebraska,Big Ten,"#12 Baylor @Omaha, NE (2020 NCAA DI Women's Volleyball Championship)",W 3-0,3,NA,41,17,108,0.222,39,8,4,46,3,1,14,3,8,57,1
2020-2021,04/19/2021,Nebraska,Big Ten,"#4 Texas @Omaha, NE (2020 NCAA DI Women's Volleyball Championship)",L 1-3,4,NA,44,24,117,0.171,43,9,3,48,8,1,10,2,6,59,NA
2020-2021,01/22/2021,Northwestern,Big Ten,Rutgers,W 3-0,3,NA,42,8,80,0.425,35,6,7,37,2,3,14,NA,10,58,NA
2020-2021,01/23/2021,Northwestern,Big Ten,Rutgers,W 3-0,3,NA,41,14,92,0.293,38,6,7,45,NA,1,14,NA,8,55,NA
2020-2021,01/29/2021,Northwestern,Big Ten,@ Nebraska,Ppd,NA,NA,NA,NA,NA,NA,NA,NA,NA,NA,NA,NA,NA,NA,NA,NA,NA
2020-2021,01/30/2021,Northwestern,Big Ten,@ Nebraska,Ppd,NA,NA,NA,NA,NA,NA,NA,NA,NA,NA,NA,NA,NA,NA,NA,NA,NA
2020-2021,02/09/2021,Northwestern,Big Ten,@ Illinois,Ppd,NA,NA,NA,NA,NA,NA,NA,NA,NA,NA,NA,NA,NA,NA,NA,NA,NA
2020-2021,02/13/2021,Northwestern,Big Ten,Illinois,Ppd,NA,NA,NA,NA,NA,NA,NA,NA,NA,NA,NA,NA,NA,NA,NA,NA,NA
2020-2021,02/19/2021,Northwestern,Big Ten,@ Purdue,L 0-3,3,NA,25,30,101,-0.05,25,2,6,37,6,NA,8,NA,4,31,NA
2020-2021,02/20/2021,Northwestern,Big Ten,@ Purdue,L 1-3,4,NA,47,23,143,0.168,43,2,13,60,6,1,12,NA,7,56,2
2020-2021,02/26/2021,Northwestern,Big Ten,Iowa,L 2-3,5,NA,72,24,154,0.312,66,9,15,54,6,2,20,NA,12,93,2
2020-2021,02/27/2021,Northwestern,Big Ten,Iowa,W 3-2,5,NA,60,25,152,0.23,43,8,12,59,4,2,12,NA,8,76,NA
2020-2021,03/05/2021,Northwestern,Big Ten,Michigan St.,Ppd,NA,NA,NA,NA,NA,NA,NA,NA,NA,NA,NA,NA,NA,NA,NA,NA,NA
2020-2021,03/06/2021,Northwestern,Big Ten,Michigan St.,Ppd,NA,NA,NA,NA,NA,NA,NA,NA,NA,NA,NA,NA,NA,NA,NA,NA,NA
2020-2021,03/12/2021,Northwestern,Big Ten,@ Wisconsin,Ppd,NA,NA,NA,NA,NA,NA,NA,NA,NA,NA,NA,NA,NA,NA,NA,NA,NA
2020-2021,03/13/2021,Northwestern,Big Ten,@ Wisconsin,Canceled,NA,NA,NA,NA,NA,NA,NA,NA,NA,NA,NA,NA,NA,NA,NA,NA,NA
2020-2021,03/20/2021,Northwestern,Big Ten,@ Indiana,Ppd,NA,NA,NA,NA,NA,NA,NA,NA,NA,NA,NA,NA,NA,NA,NA,NA,NA
2020-2021,03/21/2021,Northwestern,Big Ten,@ Indiana,Ppd,NA,NA,NA,NA,NA,NA,NA,NA,NA,NA,NA,NA,NA,NA,NA,NA,NA
2020-2021,03/26/2021,Northwestern,Big Ten,Minnesota,L 0-3,3,NA,31,20,97,0.113,25,4,7,27,7,NA,8,NA,4,39,3
2020-2021,03/27/2021,Northwestern,Big Ten,Minnesota,L 1-3,4,NA,53,21,127,0.252,49,6,10,41,9,2,2,NA,3,62,3
2020-2021,04/02/2021,Northwestern,Big Ten,@ Maryland,L 2-3,5,NA,62,33,155,0.187,57,13,13,51,5,1,8,NA,5,80,2
2020-2021,04/03/2021,Northwestern,Big Ten,@ Maryland,W 3-2,5,NA,57,28,158,0.184,53,9,9,59,9,3,12,NA,9,75,NA
2020-2021,01/22/2021,Ohio St.,Big Ten,Maryland,W 3-2,5,NA,66,31,157,0.223,58,10,10,66,7,NA,20,1,10,86,1
2020-2021,01/23/2021,Ohio St.,Big Ten,Maryland,W 3-2,5,NA,68,36,196,0.163,60,12,4,80,4,2,12,NA,8,88,2
2020-2021,01/26/2021,Ohio St.,Big Ten,@ Penn St.,Ppd,NA,NA,NA,NA,NA,NA,NA,NA,NA,NA,NA,NA,NA,NA,NA,NA,NA
2020-2021,01/31/2021,Ohio St.,Big Ten,@ Michigan St.,W 3-0,3,NA,40,12,99,0.283,38,4,7,46,1,3,10,1,8,52,NA
2020-2021,01/31/2021,Ohio St.,Big Ten,Penn St.,Ppd,NA,NA,NA,NA,NA,NA,NA,NA,NA,NA,NA,NA,NA,NA,NA,NA,NA
2020-2021,02/01/2021,Ohio St.,Big Ten,@ Michigan St.,W 3-2,5,NA,67,26,170,0.241,63,2,9,71,4,1,14,4,8,77,NA
2020-2021,02/12/2021,Ohio St.,Big Ten,Iowa,W 3-0,3,NA,45,13,104,0.308,40,3,9,49,5,1,24,2,13,61,2
2020-2021,02/13/2021,Ohio St.,Big Ten,Iowa,W 3-0,3,NA,53,16,123,0.301,50,6,8,47,2,NA,12,3,6,65,NA
2020-2021,02/17/2021,Ohio St.,Big Ten,Penn St.,W 3-2,5,NA,59,29,156,0.192,55,4,9,73,10,2,26,NA,15,78,2
2020-2021,02/19/2021,Ohio St.,Big Ten,@ Illinois,W 3-1,4,NA,56,15,141,0.291,48,2,12,49,6,4,14,NA,11,69,1
2020-2021,02/20/2021,Ohio St.,Big Ten,@ Illinois,W 3-2,5,NA,63,18,168,0.268,52,2,10,77,11,1,24,1,13,78,2
2020-2021,02/26/2021,Ohio St.,Big Ten,@ Rutgers,W 3-0,3,NA,55,12,114,0.377,52,3,5,43,1,1,16,1,9,67,1
2020-2021,02/27/2021,Ohio St.,Big Ten,@ Rutgers,W 3-2,5,NA,69,21,160,0.3,61,10,6,62,10,3,26,1,16,NA,1
2020-2021,03/03/2021,Ohio St.,Big Ten,@ Penn St.,W 3-0,3,NA,48,10,100,0.38,47,4,5,45,2,1,8,1,5,57,3
2020-2021,03/05/2021,Ohio St.,Big Ten,Minnesota,Ppd,NA,NA,NA,NA,NA,NA,NA,NA,NA,NA,NA,NA,NA,NA,NA,NA,NA
2020-2021,03/06/2021,Ohio St.,Big Ten,Minnesota,Ppd,NA,NA,NA,NA,NA,NA,NA,NA,NA,NA,NA,NA,NA,NA,NA,NA,NA
2020-2021,03/12/2021,Ohio St.,Big Ten,@ Nebraska,L 2-3,5,NA,67,27,180,0.222,61,2,12,71,6,2,6,1,5,74,1
2020-2021,03/13/2021,Ohio St.,Big Ten,@ Nebraska,W 3-2,5,NA,66,20,164,0.28,62,6,12,57,3,NA,20,NA,10,82,NA
2020-2021,03/19/2021,Ohio St.,Big Ten,Michigan,W 3-1,4,NA,55,21,170,0.2,52,11,7,82,4,1,18,1,10,76,1
2020-2021,03/20/2021,Ohio St.,Big Ten,Michigan,W 3-0,3,NA,53,11,113,0.372,49,6,5,54,2,1,12,1,7,66,1
2020-2021,03/26/2021,Ohio St.,Big Ten,Purdue,L 1-3,4,NA,64,25,174,0.224,63,2,6,84,3,2,10,1,7,73,NA
2020-2021,03/27/2021,Ohio St.,Big Ten,Purdue,L 1-3,4,NA,57,31,179,0.145,56,4,4,88,2,NA,16,1,8,69,NA
2020-2021,04/15/2021,Ohio St.,Big Ten,"Missouri @Omaha, NE (2020 NCAA DI Women's Volleyball Championship)",W 3-0,3,NA,45,12,112,0.295,39,4,7,47,2,1,16,2,9,58,NA
2020-2021,04/18/2021,Ohio St.,Big Ten,"#8 Florida @Omaha, NE (2020 NCAA DI Women's Volleyball Championship)",L 1-3,4,NA,58,35,165,0.139,55,3,6,68,5,1,14,2,8,69,NA
2020-2021,01/23/2021,Penn St.,Big Ten,@ Michigan,Ppd,NA,NA,NA,NA,NA,NA,NA,NA,NA,NA,NA,NA,NA,NA,NA,NA,NA
2020-2021,01/23/2021(1),Penn St.,Big Ten,@ Michigan,Ppd,NA,NA,NA,NA,NA,NA,NA,NA,NA,NA,NA,NA,NA,NA,NA,NA,NA
2020-2021,01/26/2021,Penn St.,Big Ten,Ohio St.,Ppd,NA,NA,NA,NA,NA,NA,NA,NA,NA,NA,NA,NA,NA,NA,NA,NA,NA
2020-2021,01/31/2021,Penn St.,Big Ten,@ Ohio St.,Ppd,NA,NA,NA,NA,NA,NA,NA,NA,NA,NA,NA,NA,NA,NA,NA,NA,NA
2020-2021,02/05/2021,Penn St.,Big Ten,Illinois,W 3-1,4,NA,52,14,124,0.306,48,5,15,42,5,2,12,NA,8,65,2
2020-2021,02/06/2021,Penn St.,Big Ten,Illinois,W 3-2,5,NA,63,21,148,0.284,56,9,10,67,9,3,20,1,13,85,NA
2020-2021,02/13/2021,Penn St.,Big Ten,@ Minnesota,L 1-3,4,NA,54,26,161,0.174,53,5,5,69,4,2,10,3,7,66,NA
2020-2021,02/14/2021,Penn St.,Big Ten,@ Minnesota,L 2-3,5,NA,61,21,175,0.229,59,3,9,82,10,2,24,1,14,78,NA
2020-2021,02/17/2021,Penn St.,Big Ten,@ Ohio St.,L 2-3,5,NA,53,26,164,0.165,51,10,6,61,4,1,22,3,12,75,NA
2020-2021,02/19/2021,Penn St.,Big Ten,Indiana,W 3-1,4,NA,57,15,121,0.347,54,5,10,51,3,4,12,2,10,72,NA
2020-2021,02/20/2021,Penn St.,Big Ten,Indiana,W 3-0,3,NA,52,13,107,0.364,44,5,12,37,1,2,10,NA,7,64,1
2020-2021,02/26/2021,Penn St.,Big Ten,@ Maryland,Ppd,NA,NA,NA,NA,NA,NA,NA,NA,NA,NA,NA,NA,NA,NA,NA,NA,NA
2020-2021,02/27/2021,Penn St.,Big Ten,@ Maryland,Ppd,NA,NA,NA,NA,NA,NA,NA,NA,NA,NA,NA,NA,NA,NA,NA,NA,NA
2020-2021,03/03/2021,Penn St.,Big Ten,Ohio St.,L 0-3,3,NA,41,13,102,0.275,38,2,10,32,4,1,8,1,5,48,NA
2020-2021,03/05/2021,Penn St.,Big Ten,Purdue,L 1-3,4,NA,52,24,163,0.172,50,10,14,59,3,1,16,2,9,71,1
2020-2021,03/06/2021,Penn St.,Big Ten,Purdue,W 3-1,4,NA,59,29,156,0.192,53,5,7,63,3,NA,20,1,10,74,1
2020-2021,03/12/2021,Penn St.,Big Ten,Rutgers,W 3-0,3,NA,43,12,89,0.348,40,6,10,36,3,1,16,1,9,58,1
2020-2021,03/13/2021,Penn St.,Big Ten,Rutgers,W 3-0,3,NA,48,9,89,0.438,45,8,9,36,2,2,10,NA,7,63,NA
2020-2021,03/19/2021,Penn St.,Big Ten,@ Michigan St.,W 3-0,3,NA,44,11,96,0.344,37,3,6,45,3,3,8,2,7,54,1
2020-2021,03/20/2021,Penn St.,Big Ten,@ Michigan St.,W 3-0,3,NA,32,7,77,0.325,26,7,10,27,2,1,8,1,5,44,1
2020-2021,04/01/2021,Penn St.,Big Ten,@ Nebraska,Canceled,NA,NA,NA,NA,NA,NA,NA,NA,NA,NA,NA,NA,NA,NA,NA,NA,NA
2020-2021,04/02/2021,Penn St.,Big Ten,@ Nebraska,Canceled,NA,NA,NA,NA,NA,NA,NA,NA,NA,NA,NA,NA,NA,NA,NA,NA,NA
2020-2021,04/15/2021,Penn St.,Big Ten,"N.C. A&T @Omaha, NE (2020 NCAA DI Women's Volleyball Championship)",W 3-0,3,NA,43,12,88,0.352,38,7,5,30,1,1,10,NA,6,56,NA
2020-2021,04/18/2021,Penn St.,Big Ten,"#4 Texas @Omaha, NE (2020 NCAA DI Women's Volleyball Championship)",L 1-3,4,NA,53,20,149,0.221,50,6,7,52,5,1,16,1,9,68,1
2020-2021,01/22/2021,Purdue,Big Ten,@ Wisconsin,L 0-3,3,NA,30,19,95,0.116,29,2,6,32,3,1,2,1,2,34,1
2020-2021,01/23/2021,Purdue,Big Ten,@ Wisconsin,L 0-3,3,NA,34,21,118,0.11,30,6,5,38,2,NA,2,1,1,41,NA
2020-2021,01/29/2021,Purdue,Big Ten,Iowa,W 3-0,3,NA,37,9,81,0.346,33,4,7,42,2,1,18,2,10,51,NA
2020-2021,01/30/2021,Purdue,Big Ten,Iowa,W 3-0,3,NA,51,7,104,0.423,48,5,5,55,2,1,11,2,6.5,62.5,1
2020-2021,02/05/2021,Purdue,Big Ten,Minnesota,L 2-3,5,NA,65,22,NA,0.202,59,13,8,103,3,NA,8,NA,4,82,3
2020-2021,02/06/2021,Purdue,Big Ten,Minnesota,L 2-3,5,NA,63,23,176,0.227,60,5,6,80,3,1,22,1,12,80,NA
2020-2021,02/13/2021,Purdue,Big Ten,@ Michigan,W 3-1,4,NA,55,16,144,0.271,52,5,4,64,5,4,26,1,17,77,NA
2020-2021,02/14/2021,Purdue,Big Ten,@ Michigan,W 3-1,4,NA,57,13,126,0.349,56,3,6,53,2,5,20,3,15,75,1
2020-2021,02/19/2021,Purdue,Big Ten,Northwestern,W 3-0,3,NA,33,10,87,0.264,28,6,10,38,2,1,20,NA,11,50,1
2020-2021,02/20/2021,Purdue,Big Ten,Northwestern,W 3-1,4,NA,52,17,132,0.265,46,6,9,63,2,2,14,NA,9,67,1
2020-2021,02/23/2021,Purdue,Big Ten,@ Indiana,W 3-0,3,NA,37,16,82,0.256,32,5,5,40,3,2,18,NA,11,53,1
2020-2021,02/28/2021,Purdue,Big Ten,Indiana,W 3-0,3,NA,42,9,93,0.355,40,3,6,49,NA,1,18,1,10,55,NA
2020-2021,03/05/2021,Purdue,Big Ten,@ Penn St.,W 3-1,4,NA,55,20,145,0.241,52,3,3,75,10,2,24,2,14,72,NA
2020-2021,03/06/2021,Purdue,Big Ten,@ Penn St.,L 1-3,4,NA,48,22,140,0.186,46,3,5,55,5,3,22,4,14,65,NA
2020-2021,03/12/2021,Purdue,Big Ten,Michigan St.,Ppd,NA,NA,NA,NA,NA,NA,NA,NA,NA,NA,NA,NA,NA,NA,NA,NA,NA
2020-2021,03/13/2021,Purdue,Big Ten,Michigan St.,Ppd,NA,NA,NA,NA,NA,NA,NA,NA,NA,NA,NA,NA,NA,NA,NA,NA,NA
2020-2021,03/19/2021,Purdue,Big Ten,@ Rutgers,W 3-1,4,NA,55,10,139,0.324,51,6,6,61,6,NA,34,2,17,78,1
2020-2021,03/20/2021,Purdue,Big Ten,@ Rutgers,W 3-0,3,NA,36,12,90,0.267,32,3,4,43,4,4,20,1,14,53,1
2020-2021,03/26/2021,Purdue,Big Ten,@ Ohio St.,W 3-1,4,NA,60,20,172,0.233,57,3,4,71,2,NA,25,1,12.5,75.5,NA
2020-2021,03/27/2021,Purdue,Big Ten,@ Ohio St.,W 3-1,4,NA,59,20,180,0.217,58,2,7,85,4,1,26,1,14,75,NA
2020-2021,04/02/2021,Purdue,Big Ten,Illinois,W 3-0,3,NA,43,14,118,0.246,38,6,6,56,2,NA,24,NA,12,61,NA
2020-2021,04/03/2021,Purdue,Big Ten,Illinois,L 2-3,5,NA,63,25,179,0.212,57,6,7,80,2,NA,28,2,14,83,NA
2020-2021,04/15/2021,Purdue,Big Ten,"High Point @Omaha, NE (2020 NCAA DI Women's Volleyball Championship)",W 3-0,3,NA,47,22,118,0.212,45,4,8,44,1,NA,16,3,8,59,NA
2020-2021,04/18/2021,Purdue,Big Ten,"#10 Oregon @Omaha, NE (2020 NCAA DI Women's Volleyball Championship)",W 3-1,4,NA,59,20,159,0.245,57,2,9,76,2,1,24,1,13,74,NA
2020-2021,04/19/2021,Purdue,Big Ten,"#2 Kentucky @Omaha, NE (2020 NCAA DI Women's Volleyball Championship)",L 0-3,3,NA,30,17,100,0.13,26,3,3,41,5,3,8,2,7,40,NA
2020-2021,01/22/2021,Rutgers,Big Ten,@ Northwestern,L 0-3,3,NA,28,19,86,0.105,23,2,6,30,6,NA,6,NA,3,33,1
2020-2021,01/23/2021,Rutgers,Big Ten,@ Northwestern,L 0-3,3,NA,26,17,95,0.095,24,NA,8,27,6,NA,8,NA,4,30,NA
2020-2021,01/29/2021,Rutgers,Big Ten,Indiana,W 3-1,4,NA,46,19,132,0.205,43,9,12,58,4,1,26,NA,14,69,2
2020-2021,01/30/2021,Rutgers,Big Ten,Indiana,L 1-3,4,NA,49,12,118,0.314,46,7,8,50,7,3,10,NA,8,64,NA
2020-2021,02/05/2021,Rutgers,Big Ten,@ Wisconsin,L 0-3,3,NA,34,20,97,0.144,28,1,9,30,9,2,4,NA,4,39,NA
2020-2021,02/06/2021,Rutgers,Big Ten,@ Wisconsin,L 0-3,3,NA,26,16,92,0.109,21,1,8,39,7,NA,4,NA,2,29,NA
2020-2021,02/12/2021,Rutgers,Big Ten,Nebraska,L 0-3,3,NA,34,16,95,0.189,31,2,7,31,5,1,12,NA,7,43,NA
2020-2021,02/13/2021,Rutgers,Big Ten,Nebraska,L 1-3,4,NA,40,21,147,0.129,36,5,7,66,5,NA,16,1,8,53,1
2020-2021,02/19/2021,Rutgers,Big Ten,@ Iowa,L 1-3,4,NA,40,19,132,0.159,40,6,6,60,9,NA,18,NA,9,55,3
2020-2021,02/20/2021,Rutgers,Big Ten,@ Iowa,W 3-2,5,NA,61,14,142,0.331,57,3,10,51,9,NA,16,1,8,72,2
2020-2021,02/26/2021,Rutgers,Big Ten,Ohio St.,L 0-3,3,NA,40,15,108,0.231,35,1,1,41,3,2,6,NA,5,46,NA
2020-2021,02/27/2021,Rutgers,Big Ten,Ohio St.,L 2-3,5,NA,60,21,156,0.25,50,10,9,60,10,1,16,1,9,79,1
2020-2021,03/05/2021,Rutgers,Big Ten,Michigan,Ppd,NA,NA,NA,NA,NA,NA,NA,NA,NA,NA,NA,NA,NA,NA,NA,NA,NA
2020-2021,03/06/2021,Rutgers,Big Ten,Michigan,Ppd,NA,NA,NA,NA,NA,NA,NA,NA,NA,NA,NA,NA,NA,NA,NA,NA,NA
2020-2021,03/12/2021,Rutgers,Big Ten,@ Penn St.,L 0-3,3,NA,30,18,96,0.125,29,3,6,28,6,2,4,1,4,37,1
2020-2021,03/13/2021,Rutgers,Big Ten,@ Penn St.,L 0-3,3,NA,27,17,86,0.116,23,2,2,28,8,NA,6,1,3,32,NA
2020-2021,03/19/2021,Rutgers,Big Ten,Purdue,L 1-3,4,NA,58,28,160,0.188,55,6,10,62,6,NA,8,NA,4,68,NA
2020-2021,03/20/2021,Rutgers,Big Ten,Purdue,L 0-3,3,NA,27,24,110,0.027,24,4,11,34,3,NA,10,1,5,36,1
2020-2021,03/24/2021,Rutgers,Big Ten,@ Maryland,W 3-1,4,NA,49,22,142,0.19,44,6,10,62,6,1,21,NA,11.5,66.5,1
2020-2021,03/27/2021,Rutgers,Big Ten,Maryland,W 3-1,4,NA,64,22,166,0.253,62,13,12,68,1,1,2,1,2,79,1
2020-2021,04/02/2021,Rutgers,Big Ten,@ Michigan St.,W 3-2,5,NA,58,25,160,0.206,55,14,13,61,5,3,18,3,12,84,1
2020-2021,04/03/2021,Rutgers,Big Ten,@ Michigan St.,W 3-1,4,NA,51,19,128,0.25,45,NA,9,49,2,NA,4,3,2,70,2
2020-2021,01/22/2021,Wisconsin,Big Ten,Purdue,W 3-0,3,NA,45,6,94,0.415,38,3,7,41,2,3,2,NA,4,52,NA
2020-2021,01/23/2021,Wisconsin,Big Ten,Purdue,W 3-0,3,NA,44,8,100,0.36,42,2,9,50,6,4,12,NA,10,56,NA
2020-2021,01/29/2021,Wisconsin,Big Ten,@ Illinois,W 3-0,3,NA,48,9,105,0.371,42,4,9,39,3,2,12,3,8,60,NA
2020-2021,01/30/2021,Wisconsin,Big Ten,@ Illinois,W 3-1,4,NA,55,14,123,0.333,46,5,11,47,7,1,14,1,8,68,NA
2020-2021,02/05/2021,Wisconsin,Big Ten,Rutgers,W 3-0,3,NA,36,12,82,0.293,35,9,6,33,1,3,17,NA,11.5,56.5,1
2020-2021,02/06/2021,Wisconsin,Big Ten,Rutgers,W 3-0,3,NA,41,9,96,0.333,36,7,9,47,1,NA,14,1,7,55,NA
2020-2021,02/12/2021,Wisconsin,Big Ten,@ Indiana,W 3-0,3,NA,44,14,95,0.316,40,4,12,41,4,NA,18,NA,9,57,NA
2020-2021,02/13/2021,Wisconsin,Big Ten,@ Indiana,W 3-0,3,NA,42,8,81,0.42,41,7,11,27,5,1,14,2,8,57,NA
2020-2021,02/20/2021,Wisconsin,Big Ten,@ Michigan St.,W 3-0,3,NA,37,6,78,0.397,31,7,5,33,3,NA,10,3,5,49,NA
2020-2021,02/21/2021,Wisconsin,Big Ten,@ Michigan St.,W 3-1,4,NA,49,14,116,0.302,47,4,10,61,9,NA,10,NA,14,67,1
2020-2021,02/26/2021,Wisconsin,Big Ten,Nebraska,Ppd,NA,NA,NA,NA,NA,NA,NA,NA,NA,NA,NA,NA,NA,NA,NA,NA,NA
2020-2021,02/27/2021,Wisconsin,Big Ten,Nebraska,Ppd,NA,NA,NA,NA,NA,NA,NA,NA,NA,NA,NA,NA,NA,NA,NA,NA,NA
2020-2021,03/05/2021,Wisconsin,Big Ten,@ Iowa,Ppd,NA,NA,NA,NA,NA,NA,NA,NA,NA,NA,NA,NA,NA,NA,NA,NA,NA
2020-2021,03/06/2021,Wisconsin,Big Ten,@ Iowa,Ppd,NA,NA,NA,NA,NA,NA,NA,NA,NA,NA,NA,NA,NA,NA,NA,NA,NA
2020-2021,03/12/2021,Wisconsin,Big Ten,Northwestern,Ppd,NA,NA,NA,NA,NA,NA,NA,NA,NA,NA,NA,NA,NA,NA,NA,NA,NA
2020-2021,03/13/2021,Wisconsin,Big Ten,Northwestern,Canceled,NA,NA,NA,NA,NA,NA,NA,NA,NA,NA,NA,NA,NA,NA,NA,NA,NA
2020-2021,03/21/2021,Wisconsin,Big Ten,@ Minnesota,W 3-1,4,NA,63,20,142,0.303,60,10,6,52,7,NA,18,1,9,82,NA
2020-2021,04/01/2021,Wisconsin,Big Ten,Michigan,W 3-0,3,NA,44,11,96,0.344,39,3,7,53,2,1,14,NA,8,55,NA
2020-2021,04/02/2021,Wisconsin,Big Ten,Michigan,W 3-0,3,NA,46,10,115,0.313,41,9,5,68,2,2,14,2,9,64,NA
2020-2021,04/15/2021,Wisconsin,Big Ten,"Weber St. @Omaha, NE (2020 NCAA DI Women's Volleyball Championship)",W 3-0,3,NA,45,5,98,0.408,45,7,8,48,2,2,18,1,11,63,NA
2020-2021,04/17/2021,Wisconsin,Big Ten,"#16 BYU @Omaha, NE (2020 NCAA DI Women's Volleyball Championship)",W 3-0,3,NA,47,10,111,0.333,44,6,6,47,1,NA,18,2,9,62,NA
2020-2021,04/19/2021,Wisconsin,Big Ten,"#8 Florida @Omaha, NE (2020 NCAA DI Women's Volleyball Championship)",W 3-2,5,NA,59,30,189,0.153,55,4,11,87,7,NA,18,1,9,72,NA
2020-2021,04/22/2021,Wisconsin,Big Ten,"#4 Texas @Omaha, NE (2020 NCAA DI Women's Volleyball Championship)",L 0-3,3,NA,40,13,123,0.22,37,3,5,59,2,2,8,1,6,49,1
2020-2021,No data available in table,CSU Bakersfield,Big West,No data available in table,No data available in table,NA,NA,NA,NA,NA,NA,NA,NA,NA,NA,NA,NA,NA,NA,NA,NA,NA
2020-2021,No data available in table,CSUN,Big West,No data available in table,No data available in table,NA,NA,NA,NA,NA,NA,NA,NA,NA,NA,NA,NA,NA,NA,NA,NA,NA
2020-2021,No data available in table,Cal Poly,Big West,No data available in table,No data available in table,NA,NA,NA,NA,NA,NA,NA,NA,NA,NA,NA,NA,NA,NA,NA,NA,NA
2020-2021,No data available in table,Cal St. Fullerton,Big West,No data available in table,No data available in table,NA,NA,NA,NA,NA,NA,NA,NA,NA,NA,NA,NA,NA,NA,NA,NA,NA
2020-2021,No data available in table,Hawaii,Big West,No data available in table,No data available in table,NA,NA,NA,NA,NA,NA,NA,NA,NA,NA,NA,NA,NA,NA,NA,NA,NA
2020-2021,No data available in table,Long Beach St.,Big West,No data available in table,No data available in table,NA,NA,NA,NA,NA,NA,NA,NA,NA,NA,NA,NA,NA,NA,NA,NA,NA
2020-2021,No data available in table,UC Davis,Big West,No data available in table,No data available in table,NA,NA,NA,NA,NA,NA,NA,NA,NA,NA,NA,NA,NA,NA,NA,NA,NA
2020-2021,No data available in table,UC Irvine,Big West,No data available in table,No data available in table,NA,NA,NA,NA,NA,NA,NA,NA,NA,NA,NA,NA,NA,NA,NA,NA,NA
2020-2021,No data available in table,UC Riverside,Big West,No data available in table,No data available in table,NA,NA,NA,NA,NA,NA,NA,NA,NA,NA,NA,NA,NA,NA,NA,NA,NA
2020-2021,No data available in table,UC San Diego,Big West,No data available in table,No data available in table,NA,NA,NA,NA,NA,NA,NA,NA,NA,NA,NA,NA,NA,NA,NA,NA,NA
2020-2021,No data available in table,UC Santa Barbara,Big West,No data available in table,No data available in table,NA,NA,NA,NA,NA,NA,NA,NA,NA,NA,NA,NA,NA,NA,NA,NA,NA
2020-2021,01/30/2021,Col. of Charleston,CAA,Ga. Southern,W 3-0,3,NA,34,21,110,0.118,31,8,8,48,2,2,18,2,11,53,NA
2020-2021,01/31/2021,Col. of Charleston,CAA,@ The Citadel,L 1-3,4,NA,43,25,143,0.126,38,5,7,62,4,4,18,3,13,61,4
2020-2021,02/14/2021,Col. of Charleston,CAA,Kennesaw St.,Ppd,NA,NA,NA,NA,NA,NA,NA,NA,NA,NA,NA,NA,NA,NA,NA,NA,NA
2020-2021,03/06/2021,Col. of Charleston,CAA,William & Mary,W 3-1,4,NA,42,19,127,0.181,41,3,7,51,5,1,26,1,14,59,1
2020-2021,03/07/2021,Col. of Charleston,CAA,William & Mary,L 2-3,5,NA,55,24,155,0.2,52,3,10,68,10,1,NA,1,NA,74,4
2020-2021,03/13/2021,Col. of Charleston,CAA,@ UNCW,W 3-1,4,NA,51,22,160,0.181,46,3,12,79,1,7,14,NA,14,68,NA
2020-2021,03/14/2021,Col. of Charleston,CAA,@ UNCW,L 2-3,5,NA,52,31,184,0.114,47,3,11,95,10,4,18,2,13,68,NA
2020-2021,03/20/2021,Col. of Charleston,CAA,@ James Madison,L 2-3,5,NA,59,34,198,0.126,53,3,5,75,7,1,26,NA,14,76,3
2020-2021,03/21/2021,Col. of Charleston,CAA,@ James Madison,L 0-3,3,NA,37,31,123,0.049,36,4,2,40,4,4,16,1,12,53,NA
2020-2021,03/27/2021,Col. of Charleston,CAA,Elon,W 3-0,3,NA,44,18,122,0.213,39,4,7,60,4,1,20,2,11,59,NA
2020-2021,03/28/2021,Col. of Charleston,CAA,Elon,W 3-1,4,NA,54,22,155,0.206,52,6,5,75,3,1,18,2,10,70,1
2020-2021,04/02/2021,Col. of Charleston,CAA,@#1 Towson 20-21 WVB CAA Volleyball Championship,L 0-3,3,NA,30,23,118,0.059,26,5,3,39,4,1,12,NA,7,42,2
2020-2021,02/14/2021,Delaware,CAA,@ James Madison,W 3-1,4,NA,54,25,131,0.221,48,6,14,45,5,1,NA,NA,NA,76,1
2020-2021,02/20/2021,Delaware,CAA,James Madison,L 0-3,3,NA,29,23,97,0.062,28,5,6,37,3,1,9,NA,5.5,39.5,3
2020-2021,02/24/2021,Delaware,CAA,@ Villanova,Ppd,NA,NA,NA,NA,NA,NA,NA,NA,NA,NA,NA,NA,NA,NA,NA,NA,NA
2020-2021,02/26/2021,Delaware,CAA,@ Temple,L 2-3,5,NA,NA,31,NA,0.21,67,7,10,95,4,1,6,1,4,86,NA
2020-2021,03/05/2021,Delaware,CAA,Towson,L 0-3,3,NA,27,22,92,0.054,25,2,9,31,3,NA,11,NA,5.5,34.5,2
2020-2021,03/07/2021,Delaware,CAA,@ Towson,L 0-3,3,NA,40,15,109,0.229,36,6,5,35,7,1,6,2,4,50,1
2020-2021,03/13/2021,Delaware,CAA,@ Northeastern,W 3-1,4,NA,56,15,129,0.318,52,3,13,52,6,1,21,NA,11.5,70.5,1
2020-2021,03/14/2021,Delaware,CAA,@ Northeastern,L 0-3,3,NA,27,21,119,0.05,27,2,6,39,4,NA,12,2,6,35,1
2020-2021,03/19/2021,Delaware,CAA,West Virginia,L 1-3,4,NA,44,22,142,0.155,42,4,13,53,6,NA,17,2,8.5,56.5,1
2020-2021,03/24/2021,Delaware,CAA,Hofstra,W 3-0,3,NA,51,19,118,0.271,49,8,4,44,2,1,8,2,5,64,1
2020-2021,03/27/2021,Delaware,CAA,@ UNCW,Canceled,NA,NA,NA,NA,NA,NA,NA,NA,NA,NA,NA,NA,NA,NA,NA,NA,NA
2020-2021,03/28/2021,Delaware,CAA,@ UNCW,Canceled,NA,NA,NA,NA,NA,NA,NA,NA,NA,NA,NA,NA,NA,NA,NA,NA,NA
2020-2021,03/29/2021,Delaware,CAA,West Virginia,W 3-2,5,NA,65,28,209,0.177,63,8,15,81,4,2,19,2,11.5,84.5,NA
2020-2021,02/23/2021,Elon,CAA,VCU,L 1-3,4,NA,49,27,156,0.141,46,3,10,56,2,1,8,NA,5,57,1
2020-2021,02/26/2021,Elon,CAA,@ William & Mary,L 1-3,4,NA,46,18,136,0.206,43,3,6,49,8,2,4,3,4,53,1
2020-2021,02/27/2021,Elon,CAA,@ William & Mary,L 1-3,4,NA,53,12,129,0.318,51,4,9,58,5,2,10,2,7,64,NA
2020-2021,03/06/2021,Elon,CAA,UNCW,W 3-2,5,NA,52,27,164,0.152,48,9,3,69,5,2,16,1,10,71,2
2020-2021,03/07/2021,Elon,CAA,UNCW,W 3-1,4,NA,44,16,123,0.228,42,NA,6,56,7,1,16,NA,9,66,NA
2020-2021,03/14/2021,Elon,CAA,James Madison,Ppd,NA,NA,NA,NA,NA,NA,NA,NA,NA,NA,NA,NA,NA,NA,NA,NA,NA
2020-2021,03/15/2021,Elon,CAA,James Madison,Ppd,NA,NA,NA,NA,NA,NA,NA,NA,NA,NA,NA,NA,NA,NA,NA,NA,NA
2020-2021,03/18/2021,Elon,CAA,@ UNC Greensboro,W 3-0,3,NA,39,10,101,0.287,33,7,5,51,4,2,4,NA,4,50,1
2020-2021,03/20/2021,Elon,CAA,Davidson,W 3-2,5,NA,59,26,175,0.189,54,8,9,82,8,1,16,1,9,76,2
2020-2021,03/24/2021,Elon,CAA,James Madison,W 3-1,4,NA,55,31,184,0.13,52,9,7,89,3,NA,16,3,8,72,NA
2020-2021,03/27/2021,Elon,CAA,@ Col. of Charleston,L 0-3,3,NA,36,21,129,0.116,35,4,6,51,4,NA,8,1,4,44,1
2020-2021,03/28/2021,Elon,CAA,@ Col. of Charleston,L 1-3,4,NA,44,29,153,0.098,40,3,5,72,6,3,18,4,12,59,1
2020-2021,02/13/2021,Hofstra,CAA,Fordham,Ppd,NA,NA,NA,NA,NA,NA,NA,NA,NA,NA,NA,NA,NA,NA,NA,NA,NA
2020-2021,02/20/2021,Hofstra,CAA,NJIT,W 3-0,3,NA,38,7,78,0.397,35,8,9,34,3,NA,14,1,7,53,NA
2020-2021,02/21/2021,Hofstra,CAA,Stony Brook,W 3-0,3,NA,41,7,97,0.351,37,5,9,37,2,NA,10,NA,5,51,1
2020-2021,02/26/2021,Hofstra,CAA,@ Seton Hall,W 3-2,5,NA,71,32,187,0.209,65,5,12,78,4,1,4,NA,3,79,3
2020-2021,03/05/2021,Hofstra,CAA,Northeastern,L 1-3,4,NA,43,28,159,0.094,42,4,9,61,12,1,10,2,6,53,2
2020-2021,03/07/2021,Hofstra,CAA,@ Northeastern,L 1-3,4,NA,45,22,152,0.151,44,5,11,65,9,NA,10,1,5,55,NA
2020-2021,03/12/2021,Hofstra,CAA,Towson,Ppd,NA,NA,NA,NA,NA,NA,NA,NA,NA,NA,NA,NA,NA,NA,NA,NA,NA
2020-2021,03/13/2021,Hofstra,CAA,Towson,Ppd,NA,NA,NA,NA,NA,NA,NA,NA,NA,NA,NA,NA,NA,NA,NA,NA,NA
2020-2021,03/24/2021,Hofstra,CAA,@ Delaware,L 0-3,3,NA,46,14,110,0.291,43,2,4,45,8,1,4,2,3,51,2
2020-2021,03/27/2021,Hofstra,CAA,@ Northeastern,L 0-3,3,NA,34,20,117,0.12,33,1,7,61,7,1,4,4,3,38,4
2020-2021,02/14/2021,James Madison,CAA,Delaware,L 1-3,4,NA,40,26,120,0.117,35,5,6,47,6,NA,6,NA,11,56,4
2020-2021,02/20/2021,James Madison,CAA,@ Delaware,W 3-0,3,NA,40,14,95,0.274,37,3,9,36,5,3,18,1,12,55,3
2020-2021,02/26/2021,James Madison,CAA,@ UNCW,W 3-2,5,NA,61,18,173,0.249,58,9,12,76,9,6,12,2,12,82,1
2020-2021,02/27/2021,James Madison,CAA,@ UNCW,W 3-1,4,NA,57,20,145,0.255,55,4,7,71,5,2,12,1,8,69,2
2020-2021,03/14/2021,James Madison,CAA,@ Elon,Ppd,NA,NA,NA,NA,NA,NA,NA,NA,NA,NA,NA,NA,NA,NA,NA,NA,NA
2020-2021,03/15/2021,James Madison,CAA,@ Elon,Ppd,NA,NA,NA,NA,NA,NA,NA,NA,NA,NA,NA,NA,NA,NA,NA,NA,NA
2020-2021,03/20/2021,James Madison,CAA,Col. of Charleston,W 3-2,5,NA,59,NA,184,0.13,57,7,6,85,3,2,20,2,12,78,1
2020-2021,03/21/2021,James Madison,CAA,Col. of Charleston,W 3-0,3,NA,43,16,107,0.252,41,4,3,49,4,4,14,NA,11,58,2
2020-2021,03/24/2021,James Madison,CAA,@ Elon,L 1-3,4,NA,59,26,188,0.176,51,3,10,90,9,2,18,3,11,73,3
2020-2021,03/27/2021,James Madison,CAA,William & Mary,W 3-1,4,NA,45,17,109,0.257,39,7,5,37,2,5,16,4,13,65,2
2020-2021,03/28/2021,James Madison,CAA,William & Mary,W 3-0,3,NA,45,13,100,0.32,42,4,6,44,1,2,12,1,8,57,NA
2020-2021,04/02/2021,James Madison,CAA,"#2 Northeastern @Towson, MD (20-21 WVB CAA Volleyball Championship)",L 1-3,4,NA,39,21,149,0.121,36,7,4,69,7,3,4,NA,5,51,2
2020-2021,02/05/2021,Northeastern,CAA,UConn,Canceled,NA,NA,NA,NA,NA,NA,NA,NA,NA,NA,NA,NA,NA,NA,NA,NA,NA
2020-2021,02/12/2021,Northeastern,CAA,UConn,Canceled,NA,NA,NA,NA,NA,NA,NA,NA,NA,NA,NA,NA,NA,NA,NA,NA,NA
2020-2021,02/13/2021,Northeastern,CAA,@ Boston College,L 1-3,4,NA,57,28,159,0.182,41,2,8,57,6,1,18,1,10,69,1
2020-2021,02/15/2021,Northeastern,CAA,St. John's (NY),Ppd,NA,NA,NA,NA,NA,NA,NA,NA,NA,NA,NA,NA,NA,NA,NA,NA,NA
2020-2021,02/19/2021,Northeastern,CAA,Rhode Island,W 3-1,4,NA,57,21,146,0.247,50,10,14,59,5,1,12,NA,7,74,2
2020-2021,02/20/2021,Northeastern,CAA,@ Rhode Island,W 3-1,4,NA,52,15,148,0.25,49,9,12,67,4,3,20,4,13,74,1
2020-2021,02/25/2021,Northeastern,CAA,Merrimack,W 3-0,3,NA,46,11,86,0.407,44,9,12,31,6,3,4,NA,5,60,NA
2020-2021,03/05/2021,Northeastern,CAA,@ Hofstra,W 3-1,4,NA,47,15,135,0.237,41,12,11,65,4,4,22,1,15,74,1
2020-2021,03/07/2021,Northeastern,CAA,Hofstra,W 3-1,4,NA,50,15,138,0.254,42,9,9,65,5,1,14,2,8,67,1
2020-2021,03/13/2021,Northeastern,CAA,Delaware,L 1-3,4,NA,44,21,128,0.18,39,6,7,49,3,3,6,3,6,56,3
2020-2021,03/14/2021,Northeastern,CAA,Delaware,W 3-0,3,NA,41,16,104,0.24,37,4,5,58,2,2,18,3,11,56,1
2020-2021,03/21/2021,Northeastern,CAA,@ Towson,Canceled,NA,NA,NA,NA,NA,NA,NA,NA,NA,NA,NA,NA,NA,NA,NA,NA,NA
2020-2021,03/27/2021,Northeastern,CAA,Hofstra,W 3-0,3,NA,38,12,117,0.222,32,7,10,54,1,2,12,2,8,53,2
2020-2021,04/02/2021,Northeastern,CAA,"#1 James Madison @Towson, MD (20-21 WVB CAA Volleyball Championship)",W 3-1,4,NA,60,23,182,0.203,55,7,13,67,7,2,14,NA,9,76,2
2020-2021,04/03/2021,Northeastern,CAA,@#1 Towson 20-21 WVB CAA Volleyball Championship,L 0-3,3,NA,41,18,126,0.183,39,5,5,52,5,NA,6,1,3,49,NA
2020-2021,02/20/2021,Towson,CAA,@ Stony Brook,W 3-0,3,NA,47,15,113,0.283,41,4,7,54,2,3,6,1,6,57,1
2020-2021,02/27/2021,Towson,CAA,@ Temple,W 3-1,4,NA,55,16,140,0.279,51,8,7,60,3,1,28,1,15,78,NA
2020-2021,03/05/2021,Towson,CAA,@ Delaware,W 3-0,3,NA,37,12,88,0.284,34,3,11,35,2,2,10,NA,7,47,NA
2020-2021,03/07/2021,Towson,CAA,Delaware,W 3-0,3,NA,44,8,97,0.371,40,7,6,40,6,NA,12,2,6,57,NA
2020-2021,03/12/2021,Towson,CAA,@ Hofstra,Ppd,NA,NA,NA,NA,NA,NA,NA,NA,NA,NA,NA,NA,NA,NA,NA,NA,NA
2020-2021,03/13/2021,Towson,CAA,@ Hofstra,Ppd,NA,NA,NA,NA,NA,NA,NA,NA,NA,NA,NA,NA,NA,NA,NA,NA,NA
2020-2021,03/21/2021,Towson,CAA,Northeastern,Canceled,NA,NA,NA,NA,NA,NA,NA,NA,NA,NA,NA,NA,NA,NA,NA,NA,NA
2020-2021,04/02/2021,Towson,CAA,#2 Col. of Charleston 20-21 WVB CAA Volleyball Championship,W 3-0,3,NA,41,20,119,0.176,40,4,6,49,5,2,16,NA,10,55,NA
2020-2021,04/03/2021,Towson,CAA,#2 Northeastern 20-21 WVB CAA Volleyball Championship,W 3-0,3,NA,46,12,120,0.283,44,5,5,57,5,1,10,NA,6,57,NA
2020-2021,04/14/2021,Towson,CAA,"Dayton @Omaha, NE (2020 NCAA DI Women's Volleyball Championship)",L 0-3,3,NA,25,23,82,0.024,23,1,9,30,4,1,6,2,4,30,NA
2020-2021,02/13/2021(1),UNCW,CAA,Davidson,Canceled,NA,NA,NA,NA,NA,NA,NA,NA,NA,NA,NA,NA,NA,NA,NA,NA,NA
2020-2021,02/13/2021(2),UNCW,CAA,Davidson,Canceled,NA,NA,NA,NA,NA,NA,NA,NA,NA,NA,NA,NA,NA,NA,NA,NA,NA
2020-2021,02/16/2021,UNCW,CAA,Norfolk St.,Canceled,NA,NA,NA,NA,NA,NA,NA,NA,NA,NA,NA,NA,NA,NA,NA,NA,NA
2020-2021,02/20/2021(1),UNCW,CAA,@ Clemson,L 0-3,3,NA,42,22,109,0.183,34,5,8,34,5,1,4,2,3,50,NA
2020-2021,02/20/2021(2),UNCW,CAA,@ Clemson,L 2-3,5,NA,56,26,154,0.195,52,NA,17,45,11,1,12,4,7,76,NA
2020-2021,02/26/2021,UNCW,CAA,James Madison,L 2-3,5,NA,61,25,170,0.212,53,9,10,76,9,NA,12,1,6,76,NA
2020-2021,02/27/2021,UNCW,CAA,James Madison,L 1-3,4,NA,45,23,143,0.154,44,5,7,58,4,1,10,1,6,56,2
2020-2021,03/03/2021,UNCW,CAA,@ Old Dominion,L 2-3,5,NA,56,16,139,0.288,51,1,10,64,10,3,10,1,8,65,1
2020-2021,03/06/2021,UNCW,CAA,@ Elon,L 2-3,5,NA,57,28,177,0.164,54,5,10,73,9,4,14,2,11,73,NA
2020-2021,03/07/2021,UNCW,CAA,@ Elon,L 1-3,4,NA,51,25,147,0.177,48,7,14,56,NA,1,8,1,5,63,NA
2020-2021,03/13/2021,UNCW,CAA,Col. of Charleston,L 1-3,4,NA,55,31,182,0.132,49,1,9,80,3,2,6,2,5,61,1
2020-2021,03/14/2021,UNCW,CAA,Col. of Charleston,W 3-2,5,NA,53,NA,192,0.094,52,10,NA,88,3,1,14,NA,8,71,NA
2020-2021,03/19/2021,UNCW,CAA,@ William & Mary,W 3-2,5,NA,69,24,204,0.221,NA,8,6,92,4,4,16,NA,12,NA,1
2020-2021,03/20/2021,UNCW,CAA,@ William & Mary,W 3-2,5,NA,57,24,162,0.204,51,8,6,71,5,1,26,NA,14,79,NA
2020-2021,03/26/2021,UNCW,CAA,@ Charlotte,L 1-3,4,NA,51,21,169,0.178,51,3,6,83,5,1,6,1,4,58,1
2020-2021,03/27/2021,UNCW,CAA,Delaware,Canceled,NA,NA,NA,NA,NA,NA,NA,NA,NA,NA,NA,NA,NA,NA,NA,NA,NA
2020-2021,03/28/2021,UNCW,CAA,Delaware,Canceled,NA,NA,NA,NA,NA,NA,NA,NA,NA,NA,NA,NA,NA,NA,NA,NA,NA
2020-2021,02/26/2021,William & Mary,CAA,Elon,W 3-1,4,NA,66,20,141,0.326,65,8,9,60,3,2,12,4,8,82,2
2020-2021,02/27/2021,William & Mary,CAA,Elon,W 3-1,4,NA,65,23,158,0.266,63,5,14,62,4,1,2,2,2,72,NA
2020-2021,03/06/2021,William & Mary,CAA,@ Col. of Charleston,L 1-3,4,NA,51,34,149,0.114,49,5,15,57,3,2,8,1,6,62,1
2020-2021,03/07/2021,William & Mary,CAA,@ Col. of Charleston,W 3-2,5,NA,51,33,165,0.109,47,10,13,68,3,NA,8,3,4,65,3
2020-2021,03/19/2021,William & Mary,CAA,UNCW,L 2-3,5,NA,70,29,206,0.199,67,4,6,NA,8,4,4,3,6,80,1
2020-2021,03/20/2021,William & Mary,CAA,UNCW,L 2-3,5,NA,63,31,176,0.182,62,5,11,75,8,1,10,1,6,74,NA
2020-2021,03/27/2021,William & Mary,CAA,@ James Madison,L 1-3,4,NA,45,30,128,0.117,40,2,13,36,7,NA,12,NA,6,53,NA
2020-2021,03/28/2021,William & Mary,CAA,@ James Madison,L 0-3,3,NA,29,17,97,0.124,27,1,6,34,4,NA,10,2,5,35,2
2020-2021,01/24/2021,Charlotte,CUSA,@ Davidson,W 3-0,3,NA,42,14,111,0.252,40,8,4,55,4,2,6,NA,5,55,1
2020-2021,01/30/2021(1),Charlotte,CUSA,@ Clemson,L 2-3,5,NA,58,19,164,0.238,53,9,9,71,8,3,12,2,9,76,NA
2020-2021,01/30/2021(2),Charlotte,CUSA,@ Clemson,W 3-1,4,NA,63,10,156,0.34,54,5,7,58,4,2,24,4,14,82,2
2020-2021,02/07/2021,Charlotte,CUSA,@ Marshall,L 1-3,4,NA,60,26,154,0.221,59,6,7,67,6,3,8,NA,7,73,NA
2020-2021,02/08/2021,Charlotte,CUSA,@ Marshall,W 3-1,4,NA,56,28,159,0.176,54,8,3,68,3,4,8,1,8,72,NA
2020-2021,02/14/2021,Charlotte,CUSA,FIU,W 3-1,4,NA,50,18,125,0.256,45,9,9,48,3,5,22,2,16,75,1
2020-2021,02/15/2021,Charlotte,CUSA,FIU,W 3-1,4,NA,54,22,129,0.248,51,5,11,62,4,NA,18,2,9,68,3
2020-2021,02/21/2021,Charlotte,CUSA,@ Western Ky.,L 0-3,3,NA,39,19,98,0.204,35,1,8,33,7,1,6,2,4,44,1
2020-2021,02/22/2021,Charlotte,CUSA,@ Western Ky.,L 0-3,3,NA,40,14,94,0.277,35,2,6,25,3,1,NA,2,1,43,1
2020-2021,02/28/2021,Charlotte,CUSA,Middle Tenn.,W 3-1,4,NA,49,20,139,0.209,45,5,9,60,7,NA,14,5,15,69,NA
2020-2021,03/01/2021,Charlotte,CUSA,Middle Tenn.,W 3-1,4,NA,51,10,100,0.41,47,7,14,39,5,5,12,2,11,69,1
2020-2021,03/07/2021,Charlotte,CUSA,@ Fla. Atlantic,W 3-1,4,NA,54,13,137,0.299,48,4,8,57,6,NA,16,NA,16,74,2
2020-2021,03/08/2021,Charlotte,CUSA,@ Fla. Atlantic,W 3-1,4,NA,48,5,116,0.371,44,11,7,50,11,4,22,NA,15,74,1
2020-2021,03/14/2021,Charlotte,CUSA,Old Dominion,W 3-0,3,NA,36,9,88,0.307,29,6,5,40,4,3,12,2,9,51,NA
2020-2021,03/15/2021,Charlotte,CUSA,Old Dominion,W 3-0,3,NA,38,9,74,0.392,34,6,7,30,4,6,6,9,9,53,NA
2020-2021,03/26/2021,Charlotte,CUSA,UNCW,W 3-1,4,NA,60,23,181,0.204,56,5,4,90,3,NA,22,5,11,76,NA
2020-2021,04/01/2021,Charlotte,CUSA,"#3 UAB @Hattiesburg, MS (20-21 WVB C-USA Volleyball Championship)",W 3-2,5,NA,71,15,176,0.318,63,2,7,68,3,2,16,2,10,83,1
2020-2021,04/02/2021,Charlotte,CUSA,"#1 Rice @Hattiesburg, MS (20-21 WVB C-USA Volleyball Championship)",L 0-3,3,NA,30,16,103,0.136,29,4,4,36,4,NA,4,2,2,36,NA
2020-2021,01/27/2021,FIU,CUSA,Jacksonville,L 2-3,5,NA,54,NA,174,0.098,47,8,5,79,9,1,12,1,7,69,1
2020-2021,02/08/2021,FIU,CUSA,Old Dominion,W 3-0,3,NA,34,9,78,0.321,34,6,6,36,6,2,13,1,8.5,48.5,NA
2020-2021,02/09/2021,FIU,CUSA,Old Dominion,L 1-3,4,NA,41,26,114,0.132,38,4,6,46,12,3,2,1,4,49,NA
2020-2021,02/14/2021,FIU,CUSA,@ Charlotte,L 1-3,4,NA,34,26,112,0.071,32,3,2,48,9,1,15,2,8.5,45.5,1
2020-2021,02/15/2021,FIU,CUSA,@ Charlotte,L 1-3,4,NA,33,29,132,0.03,29,4,7,47,5,NA,16,1,8,45,2
2020-2021,02/21/2021,FIU,CUSA,Marshall,L 0-3,3,NA,44,21,112,0.205,38,5,9,49,6,NA,4,1,2,51,NA
2020-2021,02/22/2021,FIU,CUSA,Marshall,L 0-3,3,NA,29,26,103,0.029,28,4,2,32,10,NA,8,3,4,37,NA
2020-2021,03/07/2021,FIU,CUSA,@ Western Ky.,L 0-3,3,NA,25,17,87,0.092,24,NA,5,32,10,NA,8,1,4,29,3
2020-2021,03/08/2021,FIU,CUSA,@ Western Ky.,L 0-3,3,NA,22,22,93,NA,20,NA,6,26,6,NA,6,1,3,25,5
2020-2021,03/14/2021,FIU,CUSA,Middle Tenn.,L 0-3,3,NA,29,21,108,0.074,27,2,4,49,5,NA,10,2,5,36,3
2020-2021,03/15/2021,FIU,CUSA,Middle Tenn.,L 1-3,4,NA,47,22,135,0.185,35,6,9,42,11,2,12,NA,8,61,2
2020-2021,03/21/2021,FIU,CUSA,@ Fla. Atlantic,W 3-2,5,NA,68,25,179,0.24,62,10,7,75,6,1,NA,NA,NA,NA,4
2020-2021,03/22/2021,FIU,CUSA,@ Fla. Atlantic,W 3-0,3,NA,44,18,108,0.241,41,4,8,42,4,1,16,NA,9,57,1
2020-2021,01/26/2021,Fla. Atlantic,CUSA,@ UCF,L 1-3,4,NA,42,27,123,0.122,40,NA,8,37,7,1,6,1,4,46,1
2020-2021,01/31/2021,Fla. Atlantic,CUSA,@ Stetson,L 1-3,4,NA,47,31,176,0.091,45,6,9,82,7,2,14,5,9,62,NA
2020-2021,02/07/2021,Fla. Atlantic,CUSA,@ Western Ky.,L 0-3,3,NA,21,19,93,0.022,20,5,6,35,6,1,2,NA,2,28,NA
2020-2021,02/08/2021,Fla. Atlantic,CUSA,@ Western Ky.,L 0-3,3,NA,19,27,92,-0.087,19,1,5,27,3,NA,6,1,3,23,1
2020-2021,02/14/2021,Fla. Atlantic,CUSA,Middle Tenn.,W 3-2,5,NA,51,19,125,0.256,44,7,5,49,7,2,16,1,10,68,NA
2020-2021,02/28/2021,Fla. Atlantic,CUSA,@ Old Dominion,L 2-3,5,NA,59,32,159,0.17,52,7,8,64,2,2,8,3,6,72,1
2020-2021,03/01/2021,Fla. Atlantic,CUSA,@ Old Dominion,L 1-3,4,NA,42,27,137,0.109,39,5,7,65,8,4,12,NA,10,57,2
2020-2021,03/07/2021,Fla. Atlantic,CUSA,Charlotte,L 1-3,4,NA,54,30,154,0.156,49,6,4,64,4,4,2,NA,5,65,2
2020-2021,03/08/2021,Fla. Atlantic,CUSA,Charlotte,L 1-3,4,NA,57,30,149,0.181,48,11,8,55,11,NA,2,NA,1,69,1
2020-2021,03/14/2021,Fla. Atlantic,CUSA,@ Marshall,L 0-3,3,NA,36,19,122,0.139,36,3,5,58,4,2,12,NA,8,47,NA
2020-2021,03/15/2021,Fla. Atlantic,CUSA,@ Marshall,L 0-3,3,NA,32,17,103,0.146,32,1,4,46,10,1,4,NA,3,36,NA
2020-2021,03/21/2021,Fla. Atlantic,CUSA,FIU,L 2-3,5,NA,66,26,182,0.22,59,6,10,74,10,2,18,NA,11,83,2
2020-2021,03/22/2021,Fla. Atlantic,CUSA,FIU,L 0-3,3,NA,36,19,111,0.153,33,4,9,43,4,1,16,NA,9,49,1
2020-2021,03/26/2021,Fla. Atlantic,CUSA,Middle Tenn.,W 3-2,5,NA,65,23,147,0.286,62,9,9,53,2,NA,24,NA,12,86,1
2020-2021,10/24/2020(1),Louisiana Tech,CUSA,@ Southern Miss.,L 1-3,4,NA,37,20,144,0.118,34,5,5,65,6,4,12,3,10,52,1
2020-2021,10/24/2020(2),Louisiana Tech,CUSA,@ Southern Miss.,L 1-3,4,NA,38,22,144,0.111,34,4,8,64,7,NA,8,3,4,46,3
2020-2021,01/22/2021(1),Louisiana Tech,CUSA,"Tarleton St. @Nacogdoches, TX",L 0-3,3,NA,27,15,104,0.115,21,1,6,42,4,3,4,NA,5,33,1
2020-2021,,Louisiana Tech,CUSA,Defensive Totals,,3,NA,48,17,112,0.277,42,4,9,55,1,3,6,NA,6,58,2
2020-2021,01/23/2021,Louisiana Tech,CUSA,@ SFA,L 0-3,3,NA,27,15,97,0.124,20,4,6,40,8,NA,6,NA,3,34,1
2020-2021,01/26/2021,Louisiana Tech,CUSA,@ Northwestern St.,L 1-3,4,NA,43,17,133,0.195,37,4,9,63,12,NA,12,2,6,53,5
2020-2021,01/29/2021,Louisiana Tech,CUSA,@ Memphis,L 0-3,3,NA,22,24,103,-0.019,20,NA,2,41,7,NA,NA,3,NA,22,2
2020-2021,01/30/2021,Louisiana Tech,CUSA,@ Memphis,L 0-3,3,NA,29,22,119,0.059,26,2,5,45,2,NA,2,NA,1,32,1
2020-2021,02/07/2021,Louisiana Tech,CUSA,@ Rice,L 0-3,3,NA,26,17,93,0.097,24,2,3,30,6,NA,4,5,2,30,NA
2020-2021,02/08/2021,Louisiana Tech,CUSA,@ Rice,L 0-3,3,NA,28,16,100,0.12,28,NA,8,39,1,2,6,4,5,33,1
2020-2021,02/11/2021,Louisiana Tech,CUSA,@ Southeastern La.,Canceled,NA,NA,NA,NA,NA,NA,NA,NA,NA,NA,NA,NA,NA,NA,NA,NA,NA
2020-2021,02/21/2021,Louisiana Tech,CUSA,Southern Miss.,L 1-3,4,NA,51,23,161,0.174,47,1,3,70,3,2,4,NA,4,56,3
2020-2021,02/22/2021,Louisiana Tech,CUSA,Southern Miss.,L 0-3,3,NA,26,15,95,0.116,24,2,4,38,3,3,12,NA,9,37,NA
2020-2021,02/27/2021,Louisiana Tech,CUSA,@ UAB,L 0-3,3,NA,32,19,94,0.138,29,3,5,38,10,1,2,1,2,37,1
2020-2021,02/28/2021,Louisiana Tech,CUSA,@ UAB,L 0-3,3,NA,23,20,92,0.033,19,1,6,39,6,1,14,NA,8,32,2
2020-2021,03/04/2021,Louisiana Tech,CUSA,Grambling,W 3-0,3,NA,46,15,125,0.248,46,4,6,61,3,3,8,NA,7,57,1
2020-2021,03/07/2021,Louisiana Tech,CUSA,UTSA,L 0-3,3,NA,18,21,80,-0.038,17,1,1,37,6,1,8,NA,5,24,NA
2020-2021,03/08/2021,Louisiana Tech,CUSA,UTSA,L 1-3,4,NA,41,25,146,0.11,38,2,7,65,5,3,12,NA,9,52,2
2020-2021,03/14/2021,Louisiana Tech,CUSA,@ North Texas,L 0-3,3,NA,33,16,104,0.163,31,3,4,37,5,NA,8,NA,4,40,NA
2020-2021,03/15/2021,Louisiana Tech,CUSA,@ North Texas,L 1-3,4,NA,46,22,126,0.19,40,4,3,34,4,1,10,1,6,56,NA
2020-2021,03/21/2021,Louisiana Tech,CUSA,UTEP,L 0-3,3,NA,29,18,119,0.092,25,2,5,46,4,2,8,NA,6,37,NA
2020-2021,03/22/2021,Louisiana Tech,CUSA,UTEP,L 0-3,3,NA,25,15,104,0.096,21,2,3,41,7,3,10,NA,8,35,NA
2020-2021,01/31/2021,Marshall,CUSA,@ Xavier,W 3-2,5,NA,61,27,204,0.167,55,4,8,95,2,1,12,6,7,72,NA
2020-2021,02/07/2021,Marshall,CUSA,Charlotte,W 3-1,4,NA,52,17,144,0.243,49,6,2,57,6,5,12,NA,11,69,NA
2020-2021,02/08/2021,Marshall,CUSA,Charlotte,L 1-3,4,NA,43,21,147,0.15,41,3,2,65,8,4,20,NA,14,60,NA
2020-2021,02/14/2021,Marshall,CUSA,Xavier,W 3-2,5,NA,67,19,191,0.251,67,6,7,87,4,3,10,1,8,81,NA
2020-2021,02/21/2021,Marshall,CUSA,@ FIU,W 3-0,3,NA,40,10,102,0.294,38,6,7,43,5,NA,10,NA,5,51,1
2020-2021,02/22/2021,Marshall,CUSA,@ FIU,W 3-0,3,NA,35,10,83,0.301,34,10,7,35,4,3,8,3,7,52,NA
2020-2021,02/28/2021,Marshall,CUSA,Western Ky.,L 0-3,3,NA,32,18,123,0.114,31,5,5,54,2,NA,12,NA,6,43,NA
2020-2021,03/01/2021,Marshall,CUSA,Western Ky.,L 1-3,4,NA,38,21,162,0.105,37,3,4,75,6,1,16,NA,9,50,NA
2020-2021,03/07/2021,Marshall,CUSA,@ Middle Tenn.,W 3-2,5,NA,54,25,155,0.187,43,7,4,70,5,3,22,3,14,75,1
2020-2021,03/08/2021,Marshall,CUSA,@ Middle Tenn.,L 1-3,4,NA,42,23,144,0.132,39,NA,1,61,7,1,6,5,4,46,1
2020-2021,03/14/2021,Marshall,CUSA,Fla. Atlantic,W 3-0,3,NA,40,12,115,0.243,39,4,2,56,3,2,8,NA,6,50,NA
2020-2021,03/15/2021,Marshall,CUSA,Fla. Atlantic,W 3-0,3,NA,42,9,101,0.327,42,10,4,52,1,NA,16,NA,8,60,NA
2020-2021,03/21/2021,Marshall,CUSA,@ Old Dominion,W 3-2,5,NA,57,24,145,0.228,48,5,8,62,5,5,10,2,10,72,NA
2020-2021,03/22/2021,Marshall,CUSA,@ Old Dominion,W 3-0,3,NA,42,12,87,0.345,38,7,NA,38,2,3,12,2,9,58,NA
2020-2021,04/01/2021,Marshall,CUSA,"#2 UTEP @Hattiesburg, MS (20-21 WVB C-USA Volleyball Championship)",L 0-3,3,NA,38,15,109,0.211,34,4,2,38,3,1,2,5,2,44,NA
2020-2021,01/22/2021,Middle Tenn.,CUSA,Lipscomb,L 0-3,3,NA,25,16,90,0.1,23,NA,3,30,5,NA,4,2,2,27,1
2020-2021,01/24/2021,Middle Tenn.,CUSA,@ Lipscomb,L 1-3,4,NA,39,18,117,0.179,36,4,9,40,6,1,8,1,5,48,NA
2020-2021,01/29/2021,Middle Tenn.,CUSA,@ North Ala.,Canceled,NA,NA,NA,NA,NA,NA,NA,NA,NA,NA,NA,NA,NA,NA,NA,NA,NA
2020-2021,01/31/2021,Middle Tenn.,CUSA,North Ala.,Canceled,NA,NA,NA,NA,NA,NA,NA,NA,NA,NA,NA,NA,NA,NA,NA,NA,NA
2020-2021,02/14/2021,Middle Tenn.,CUSA,@ Fla. Atlantic,L 2-3,5,NA,59,30,156,0.186,51,7,14,51,7,1,10,1,6,72,2
2020-2021,02/21/2021,Middle Tenn.,CUSA,Old Dominion,W 3-2,5,NA,65,15,136,0.368,58,5,10,47,4,2,14,2,9,79,NA
2020-2021,02/22/2021,Middle Tenn.,CUSA,Old Dominion,L 2-3,5,NA,63,30,134,0.246,58,11,17,46,10,NA,10,3,5,79,1
2020-2021,02/28/2021,Middle Tenn.,CUSA,@ Charlotte,L 1-3,4,NA,48,33,155,0.097,47,7,6,57,5,NA,12,3,6,61,NA
2020-2021,03/01/2021,Middle Tenn.,CUSA,@ Charlotte,L 1-3,4,NA,53,23,122,0.246,51,5,NA,35,7,2,8,3,6,64,NA
2020-2021,03/07/2021,Middle Tenn.,CUSA,Marshall,L 2-3,5,NA,66,33,178,0.185,61,5,12,69,7,5,8,NA,9,80,2
2020-2021,03/08/2021,Middle Tenn.,CUSA,Marshall,W 3-1,4,NA,66,20,156,0.295,59,7,10,71,NA,1,14,1,8,81,1
2020-2021,03/11/2021,Middle Tenn.,CUSA,North Ala.,W 3-1,4,NA,58,26,141,0.227,51,5,15,55,5,1,14,3,8,71,1
2020-2021,03/14/2021,Middle Tenn.,CUSA,@ FIU,W 3-0,3,NA,41,13,111,0.252,39,5,11,54,2,2,8,2,6,52,2
2020-2021,03/15/2021,Middle Tenn.,CUSA,@ FIU,W 3-1,4,NA,44,14,116,0.259,38,11,9,44,6,NA,10,NA,5,60,NA
2020-2021,03/20/2021,Middle Tenn.,CUSA,Western Ky.,L 0-3,3,NA,31,16,86,0.174,29,5,7,27,5,NA,6,NA,3,39,2
2020-2021,03/21/2021,Middle Tenn.,CUSA,Western Ky.,L 0-3,3,NA,30,24,105,0.057,27,3,6,41,5,3,6,NA,6,39,1
2020-2021,03/26/2021,Middle Tenn.,CUSA,@ Fla. Atlantic,L 2-3,5,NA,54,23,141,0.22,44,2,5,53,9,1,22,NA,12,68,2
2020-2021,04/01/2021,Middle Tenn.,CUSA,"#1 Rice @Hattiesburg, MS (20-21 WVB C-USA Volleyball Championship)",L 0-3,3,NA,36,21,103,0.146,35,4,5,34,3,NA,NA,1,NA,40,NA
2020-2021,10/03/2020,North Texas,CUSA,SFA,W 3-2,5,NA,65,22,166,0.259,61,1,4,73,6,6,8,5,10,76,3
2020-2021,01/22/2021,North Texas,CUSA,SMU,Canceled,NA,NA,NA,NA,NA,NA,NA,NA,NA,NA,NA,NA,NA,NA,NA,NA,NA
2020-2021,01/23/2021,North Texas,CUSA,SMU,Canceled,NA,NA,NA,NA,NA,NA,NA,NA,NA,NA,NA,NA,NA,NA,NA,NA,NA
2020-2021,02/04/2021,North Texas,CUSA,@ Wichita St.,L 0-3,3,NA,24,24,115,NA,21,4,2,46,6,NA,2,1,1,29,NA
2020-2021,02/05/2021,North Texas,CUSA,@ Wichita St.,L 1-3,4,NA,55,23,170,0.188,48,2,14,73,7,NA,12,3,6,63,NA
2020-2021,02/07/2021,North Texas,CUSA,UAB,L 2-3,5,NA,58,18,125,0.32,45,8,11,48,NA,NA,14,6,7,73,4
2020-2021,02/08/2021,North Texas,CUSA,UAB,L 0-3,3,NA,38,21,100,0.17,35,6,7,44,10,NA,8,7,4,48,3
2020-2021,02/11/2021,North Texas,CUSA,UT Arlington,W 3-0,3,NA,49,14,118,0.297,44,5,4,50,7,1,14,5,8,62,NA
2020-2021,02/13/2021,North Texas,CUSA,@ UTSA,W 3-2,5,NA,56,31,170,0.147,54,6,7,NA,4,3,24,NA,15,77,2
2020-2021,02/14/2021,North Texas,CUSA,@ UTSA,L 1-3,4,NA,57,24,164,0.201,56,2,4,83,5,1,14,1,8,67,2
2020-2021,02/22/2021,North Texas,CUSA,Texas St.,W 3-0,3,NA,34,14,89,0.225,29,7,2,41,4,2,20,5,12,53,NA
2020-2021,02/26/2021,North Texas,CUSA,@ Baylor,L 0-3,3,NA,22,24,105,-0.019,21,1,2,38,3,2,14,1,9,32,1
2020-2021,02/28/2021,North Texas,CUSA,UTEP,W 3-2,5,NA,51,18,149,0.221,45,6,2,51,8,1,22,5,12,69,2
2020-2021,03/01/2021,North Texas,CUSA,UTEP,L 2-3,5,NA,54,17,146,0.253,51,3,5,68,9,3,16,NA,11,68,NA
2020-2021,03/04/2021,North Texas,CUSA,Oklahoma,W 3-1,4,NA,44,21,126,0.183,37,8,7,44,4,2,12,5,8,60,NA
2020-2021,03/07/2021,North Texas,CUSA,@ Rice,L 2-3,5,NA,60,23,168,0.22,57,4,4,68,3,1,12,4,7,71,NA
2020-2021,03/08/2021,North Texas,CUSA,@ Rice,L 0-3,3,NA,35,15,119,0.168,32,2,1,57,2,NA,12,1,6,43,1
2020-2021,03/12/2021,North Texas,CUSA,Baylor,Canceled,NA,NA,NA,NA,NA,NA,NA,NA,NA,NA,NA,NA,NA,NA,NA,NA,NA
2020-2021,03/14/2021,North Texas,CUSA,Louisiana Tech,W 3-0,3,NA,49,8,95,0.432,45,5,2,52,3,NA,6,3,3,57,NA
2020-2021,03/15/2021,North Texas,CUSA,Louisiana Tech,W 3-1,4,NA,67,14,120,0.442,59,4,4,51,4,2,14,1,9,80,NA
2020-2021,03/17/2021,North Texas,CUSA,Texas Tech,W 3-0,3,NA,46,14,108,0.296,39,4,1,56,4,3,10,1,8,58,2
2020-2021,03/21/2021,North Texas,CUSA,@ Southern Miss.,W 3-0,3,NA,46,8,114,0.333,43,2,4,51,3,1,9,2,5.5,53.5,NA
2020-2021,03/22/2021,North Texas,CUSA,@ Southern Miss.,W 3-1,4,NA,57,20,177,0.209,54,4,6,93,6,3,19,2,12.5,73.5,1
2020-2021,03/25/2021,North Texas,CUSA,@ Texas St.,L 0-3,3,NA,36,17,126,0.151,34,4,3,62,6,1,18,1,10,50,1
2020-2021,04/01/2021,North Texas,CUSA,"#1 Western Ky. @Hattiesburg, MS (20-21 WVB C-USA Volleyball Championship)",L 0-3,3,NA,45,17,132,0.212,41,1,3,54,1,1,12,NA,7,53,1
2020-2021,01/22/2021,Old Dominion,CUSA,George Mason,W 3-0,3,NA,41,11,97,0.309,36,7,10,32,2,2,16,NA,10,58,NA
2020-2021,01/23/2021,Old Dominion,CUSA,VCU,L 0-3,3,NA,36,19,113,0.15,31,2,9,36,5,NA,10,1,5,43,1
2020-2021,01/24/2021,Old Dominion,CUSA,Delaware St.,W 3-2,5,NA,50,24,127,0.205,48,7,12,44,10,6,10,NA,11,68,1
2020-2021,01/29/2021,Old Dominion,CUSA,@ Liberty,Canceled,NA,NA,NA,NA,NA,NA,NA,NA,NA,NA,NA,NA,NA,NA,NA,NA,NA
2020-2021,01/31/2021,Old Dominion,CUSA,Norfolk St.,Ppd,NA,NA,NA,NA,NA,NA,NA,NA,NA,NA,NA,NA,NA,NA,NA,NA,NA
2020-2021,02/08/2021,Old Dominion,CUSA,@ FIU,L 0-3,3,NA,24,27,92,-0.033,22,6,6,28,6,1,12,3,7,37,1
2020-2021,02/09/2021,Old Dominion,CUSA,@ FIU,W 3-1,4,NA,44,15,115,0.252,42,12,11,37,4,2,14,1,9,65,1
2020-2021,02/14/2021,Old Dominion,CUSA,Western Ky.,Ppd,NA,NA,NA,NA,NA,NA,NA,NA,NA,NA,NA,NA,NA,NA,NA,NA,NA
2020-2021,02/15/2021,Old Dominion,CUSA,Western Ky.,Ppd,NA,NA,NA,NA,NA,NA,NA,NA,NA,NA,NA,NA,NA,NA,NA,NA,NA
2020-2021,02/21/2021,Old Dominion,CUSA,@ Middle Tenn.,L 2-3,5,NA,60,27,140,0.236,55,4,9,47,5,2,6,1,5,69,NA
2020-2021,02/22/2021,Old Dominion,CUSA,@ Middle Tenn.,W 3-2,5,NA,45,21,121,0.198,40,10,8,32,11,NA,22,8,11,66,3
2020-2021,02/26/2021,Old Dominion,CUSA,@ Virginia,L 0-3,3,NA,23,21,92,0.022,20,4,3,28,6,1,12,NA,7,34,2
2020-2021,02/28/2021,Old Dominion,CUSA,Fla. Atlantic,W 3-2,5,NA,64,22,154,0.273,57,2,14,64,7,2,20,2,12,78,1
2020-2021,03/01/2021,Old Dominion,CUSA,Fla. Atlantic,W 3-1,4,NA,46,28,143,0.126,41,8,7,60,5,4,16,1,12,66,NA
2020-2021,03/03/2021,Old Dominion,CUSA,UNCW,W 3-2,5,NA,64,25,165,0.236,56,10,11,60,1,2,6,NA,5,79,NA
2020-2021,03/14/2021,Old Dominion,CUSA,@ Charlotte,L 0-3,3,NA,31,27,104,0.038,28,4,5,39,6,NA,4,2,2,37,NA
2020-2021,03/15/2021,Old Dominion,CUSA,@ Charlotte,L 0-3,3,NA,31,25,91,0.066,28,4,4,23,6,1,6,1,4,39,2
2020-2021,03/21/2021,Old Dominion,CUSA,Marshall,L 2-3,5,NA,54,33,159,0.132,49,5,12,56,5,5,14,3,12,71,NA
2020-2021,03/22/2021,Old Dominion,CUSA,Marshall,L 0-3,3,NA,43,16,102,0.265,38,2,9,32,7,2,4,5,4,49,NA
2020-2021,03/26/2021,Old Dominion,CUSA,Western Ky.,L 0-3,3,NA,30,19,88,0.125,28,1,9,26,7,2,6,1,5,36,2
2020-2021,03/27/2021,Old Dominion,CUSA,Western Ky.,L 0-3,3,NA,15,16,87,-0.011,13,1,5,20,4,1,4,1,3,19,NA
2020-2021,03/30/2021,Old Dominion,CUSA,West Virginia,L 1-3,4,NA,33,22,142,0.077,29,7,11,59,5,2,22,3,13,53,3
2020-2021,01/23/2021,Rice,CUSA,Houston,W 3-2,5,NA,54,17,150,0.247,49,2,8,58,4,5,18,NA,14,70,1
2020-2021,01/24/2021,Rice,CUSA,@ Houston,L 0-3,3,NA,46,18,133,0.211,45,2,9,61,3,5,8,NA,9,57,NA
2020-2021,01/29/2021,Rice,CUSA,@ SMU,L 2-3,5,NA,61,21,174,0.23,59,4,13,84,4,2,10,NA,7,72,NA
2020-2021,01/30/2021,Rice,CUSA,@ SMU,L 0-3,3,NA,46,21,121,0.207,42,3,7,55,2,2,4,NA,4,53,1
2020-2021,02/07/2021,Rice,CUSA,Louisiana Tech,W 3-0,3,NA,47,10,90,0.411,46,6,8,43,2,2,6,1,5,58,NA
2020-2021,02/08/2021,Rice,CUSA,Louisiana Tech,W 3-0,3,NA,46,13,105,0.314,44,1,5,52,NA,2,2,1,3,50,NA
2020-2021,02/14/2021,Rice,CUSA,@ Southern Miss.,W 3-0,3,NA,37,10,92,0.293,35,4,9,47,1,3,12,1,9,50,NA
2020-2021,02/16/2021,Rice,CUSA,@ Southern Miss.,W 3-0,3,NA,45,9,91,0.396,43,2,11,54,1,5,14,1,12,59,1
2020-2021,02/21/2021,Rice,CUSA,UAB,W 3-0,3,NA,42,19,108,0.213,37,5,6,43,5,2,16,1,10,57,NA
2020-2021,02/22/2021,Rice,CUSA,UAB,W 3-0,3,NA,43,13,95,0.316,42,3,12,48,5,NA,16,1,8,54,NA
2020-2021,02/28/2021,Rice,CUSA,@ UTSA,W 3-2,5,NA,66,32,181,0.188,61,8,13,84,6,4,14,4,11,85,1
2020-2021,03/01/2021,Rice,CUSA,@ UTSA,W 3-0,3,NA,45,10,93,0.376,36,7,5,48,1,3,17,NA,11.5,63.5,NA
2020-2021,03/07/2021,Rice,CUSA,North Texas,W 3-2,5,NA,NA,35,196,0.235,NA,3,5,77,4,4,14,2,11,95,NA
2020-2021,03/08/2021,Rice,CUSA,North Texas,W 3-0,3,NA,55,13,130,0.323,51,2,9,61,2,1,10,4,6,63,NA
2020-2021,03/14/2021,Rice,CUSA,@ UTEP,W 3-1,4,NA,51,16,129,0.271,43,11,8,57,10,7,6,1,10,72,1
2020-2021,03/15/2021,Rice,CUSA,@ UTEP,W 3-0,3,NA,37,16,107,0.196,30,5,5,52,7,3,10,NA,8,50,NA
2020-2021,03/19/2021,Rice,CUSA,Baylor,L 2-3,5,NA,55,27,169,0.166,54,2,10,71,5,3,14,NA,10,67,1
2020-2021,03/23/2021,Rice,CUSA,@ Texas,W 3-2,5,NA,50,23,133,0.203,42,3,5,67,NA,2,14,1,9,62,2
2020-2021,04/01/2021,Rice,CUSA,"#4 Middle Tenn. @Hattiesburg, MS (20-21 WVB C-USA Volleyball Championship)",W 3-0,3,NA,46,7,92,0.424,41,3,5,39,4,1,8,1,5,54,NA
2020-2021,04/02/2021,Rice,CUSA,"#2 Charlotte @Hattiesburg, MS (20-21 WVB C-USA Volleyball Championship)",W 3-0,3,NA,50,10,100,0.4,48,4,6,53,4,4,12,NA,10,64,NA
2020-2021,04/03/2021,Rice,CUSA,"#1 Western Ky. @Hattiesburg, MS (20-21 WVB C-USA Volleyball Championship)",L 1-3,4,NA,62,20,140,0.3,60,2,10,53,4,3,8,1,7,71,1
2020-2021,04/14/2021,Rice,CUSA,"N.C. A&T @Omaha, NE (2020 NCAA DI Women's Volleyball Championship)",Canceled,NA,NA,NA,NA,NA,NA,NA,NA,NA,NA,NA,NA,NA,NA,NA,NA,NA
2020-2021,10/24/2020(1),Southern Miss.,CUSA,Louisiana Tech,W 3-1,4,NA,58,21,153,0.242,52,6,5,75,5,2,8,1,6,70,1
2020-2021,10/24/2020(2),Southern Miss.,CUSA,Louisiana Tech,W 3-1,4,NA,54,24,150,0.2,51,7,7,79,4,6,2,1,7,68,NA
2020-2021,01/22/2021,Southern Miss.,CUSA,Tulane,L 0-3,3,NA,32,23,132,0.068,26,5,6,58,4,1,12,1,7,44,1
2020-2021,01/23/2021,Southern Miss.,CUSA,New Orleans,W 3-0,3,NA,50,12,119,0.319,47,4,5,48,1,1,8,NA,5,59,1
2020-2021,01/28/2021,Southern Miss.,CUSA,Nicholls,Ppd,NA,NA,NA,NA,NA,NA,NA,NA,NA,NA,NA,NA,NA,NA,NA,NA,NA
2020-2021,01/29/2021(1),Southern Miss.,CUSA,Southeastern La.,L 1-3,4,NA,56,24,150,0.213,54,2,6,67,3,2,14,2,9,67,6
2020-2021,01/29/2021(2),Southern Miss.,CUSA,Southeastern La.,W 3-2,5,NA,55,34,175,0.12,54,5,4,80,NA,1,26,1,14,74,7
2020-2021,02/02/2021,Southern Miss.,CUSA,Nicholls,W 3-0,3,NA,50,11,96,0.406,50,7,6,49,1,2,6,2,5,62,2
2020-2021,02/07/2021,Southern Miss.,CUSA,@ UTEP,Ppd,NA,NA,NA,NA,NA,NA,NA,NA,NA,NA,NA,NA,NA,NA,NA,NA,NA
2020-2021,02/08/2021,Southern Miss.,CUSA,@ UTEP,Ppd,NA,NA,NA,NA,NA,NA,NA,NA,NA,NA,NA,NA,NA,NA,NA,NA,NA
2020-2021,02/14/2021,Southern Miss.,CUSA,Rice,L 0-3,3,NA,17,27,95,-0.105,17,1,4,39,4,1,NA,1,1,19,1
2020-2021,02/16/2021,Southern Miss.,CUSA,Rice,L 0-3,3,NA,22,19,104,0.029,20,1,5,37,2,3,2,2,4,27,2
2020-2021,02/21/2021,Southern Miss.,CUSA,@ Louisiana Tech,W 3-1,4,NA,63,22,172,0.238,60,3,6,77,1,5,8,2,9,75,1
2020-2021,02/22/2021,Southern Miss.,CUSA,@ Louisiana Tech,W 3-0,3,NA,51,20,118,0.263,44,2,6,48,2,3,4,NA,5,58,1
2020-2021,03/07/2021,Southern Miss.,CUSA,UAB,L 1-3,4,NA,45,17,133,0.211,42,6,8,53,5,3,8,5,7,58,1
2020-2021,03/08/2021,Southern Miss.,CUSA,UAB,W 3-1,4,NA,50,23,140,0.193,47,5,4,54,5,NA,10,1,5,60,2
2020-2021,03/14/2021,Southern Miss.,CUSA,@ UTSA,L 1-3,4,NA,38,23,116,0.129,37,2,2,45,10,2,26,1,15,55,NA
2020-2021,03/15/2021,Southern Miss.,CUSA,@ UTSA,W 3-2,5,NA,53,24,172,0.169,48,9,3,82,6,4,12,3,10,72,2
2020-2021,03/21/2021,Southern Miss.,CUSA,North Texas,L 0-3,3,NA,50,21,134,0.216,48,3,6,52,2,1,4,1,3,56,2
2020-2021,03/22/2021,Southern Miss.,CUSA,North Texas,L 1-3,4,NA,61,28,199,0.166,50,6,6,94,4,4,10,4,9,76,2
2020-2021,03/26/2021,Southern Miss.,CUSA,@ UTEP,L 0-3,3,NA,28,19,98,0.092,25,2,4,27,4,1,7,1,4.5,34.5,1
2020-2021,03/27/2021,Southern Miss.,CUSA,@ UTEP,L 0-3,3,NA,32,21,102,0.108,27,2,2,28,4,2,2,1,3,37,1
2020-2021,11/07/2020,UAB,CUSA,@ Western Ky.,L 0-3,3,NA,29,13,88,0.182,28,NA,8,36,4,NA,6,NA,3,32,1
2020-2021,01/22/2021,UAB,CUSA,@ Kennesaw St.,Canceled,NA,NA,NA,NA,NA,NA,NA,NA,NA,NA,NA,NA,NA,NA,NA,NA,NA
2020-2021,01/24/2021,UAB,CUSA,Kennesaw St.,Canceled,NA,NA,NA,NA,NA,NA,NA,NA,NA,NA,NA,NA,NA,NA,NA,NA,NA
2020-2021,01/29/2021,UAB,CUSA,@ Lipscomb,L 0-3,3,NA,23,16,92,0.076,23,NA,6,37,9,1,18,NA,10,33,3
2020-2021,01/30/2021,UAB,CUSA,Lipscomb,W 3-0,3,NA,40,16,109,0.22,24,5,8,57,6,1,10,NA,6,51,NA
2020-2021,02/07/2021,UAB,CUSA,@ North Texas,W 3-2,5,NA,50,15,120,0.292,42,NA,9,41,8,2,9,2,6.5,69.5,3
2020-2021,02/08/2021,UAB,CUSA,@ North Texas,W 3-0,3,NA,35,9,96,0.271,32,10,3,32,6,5,6,1,8,53,3
2020-2021,02/14/2021,UAB,CUSA,UTEP,W 3-2,5,NA,63,26,183,0.202,53,5,11,85,4,1,4,NA,3,71,NA
2020-2021,02/15/2021,UAB,CUSA,UTEP,L 0-3,3,NA,33,26,122,0.057,25,4,1,49,6,NA,14,NA,7,44,3
2020-2021,02/21/2021,UAB,CUSA,@ Rice,L 0-3,3,NA,36,20,107,0.15,34,5,7,42,5,NA,10,NA,5,46,2
2020-2021,02/22/2021,UAB,CUSA,@ Rice,L 0-3,3,NA,24,19,100,0.05,24,5,7,36,3,NA,6,NA,3,32,2
2020-2021,02/27/2021,UAB,CUSA,Louisiana Tech,W 3-0,3,NA,40,8,90,0.356,36,10,4,39,3,1,10,NA,6,56,1
2020-2021,02/28/2021,UAB,CUSA,Louisiana Tech,W 3-0,3,NA,40,16,103,0.233,35,6,11,48,1,2,18,NA,11,57,3
2020-2021,03/07/2021,UAB,CUSA,@ Southern Miss.,W 3-1,4,NA,56,24,142,0.225,51,5,12,58,6,5,4,2,7,68,2
2020-2021,03/08/2021,UAB,CUSA,@ Southern Miss.,L 1-3,4,NA,52,16,132,0.273,51,5,14,57,5,5,14,NA,12,69,3
2020-2021,03/21/2021,UAB,CUSA,UTSA,W 3-0,3,NA,36,13,111,0.207,34,8,10,61,3,1,18,NA,10,54,2
2020-2021,03/22/2021,UAB,CUSA,UTSA,L 2-3,5,NA,62,27,181,0.193,58,6,7,81,4,3,18,NA,12,80,5
2020-2021,04/01/2021,UAB,CUSA,"#2 Charlotte @Hattiesburg, MS (20-21 WVB C-USA Volleyball Championship)",L 2-3,5,NA,75,29,189,0.243,71,3,4,78,2,2,10,NA,7,85,1
2020-2021,09/11/2020,UTEP,CUSA,@ Texas St.,L 2-3,5,NA,46,28,155,0.116,44,11,14,58,2,3,20,2,13,70,1
2020-2021,09/12/2020,UTEP,CUSA,@ Texas St.,W 3-1,4,NA,57,24,146,0.226,56,9,11,55,4,NA,18,1,9,75,2
2020-2021,10/03/2020,UTEP,CUSA,"SFA @Denton, TX",L 1-3,4,NA,53,29,133,0.18,50,8,14,57,8,NA,12,1,6,67,1
2020-2021,02/07/2021,UTEP,CUSA,Southern Miss.,Ppd,NA,NA,NA,NA,NA,NA,NA,NA,NA,NA,NA,NA,NA,NA,NA,NA,NA
2020-2021,02/08/2021,UTEP,CUSA,Southern Miss.,Ppd,NA,NA,NA,NA,NA,NA,NA,NA,NA,NA,NA,NA,NA,NA,NA,NA,NA
2020-2021,02/14/2021,UTEP,CUSA,@ UAB,L 2-3,5,NA,56,23,175,0.189,46,4,13,77,5,2,14,1,9,69,NA
2020-2021,02/15/2021,UTEP,CUSA,@ UAB,W 3-0,3,NA,39,12,115,0.235,34,6,9,53,4,1,18,1,10,55,2
2020-2021,02/22/2021,UTEP,CUSA,UTSA,W 3-1,4,NA,63,19,144,0.306,57,7,10,59,4,7,6,NA,10,80,NA
2020-2021,02/23/2021,UTEP,CUSA,UTSA,W 3-0,3,NA,40,14,88,0.295,39,11,9,29,2,1,10,3,6,57,3
2020-2021,02/28/2021,UTEP,CUSA,@ North Texas,L 2-3,5,NA,77,29,165,0.291,NA,8,12,63,6,2,10,10,7,92,NA
2020-2021,03/01/2021,UTEP,CUSA,@ North Texas,W 3-2,5,NA,73,25,171,0.281,64,9,10,67,3,2,8,8,6,88,7
2020-2021,03/14/2021,UTEP,CUSA,Rice,L 1-3,4,NA,53,22,142,0.218,45,10,9,55,9,2,8,1,6,69,2
2020-2021,03/15/2021,UTEP,CUSA,Rice,L 0-3,3,NA,29,24,110,0.045,27,7,4,50,5,1,6,NA,4,40,3
2020-2021,03/21/2021,UTEP,CUSA,@ Louisiana Tech,W 3-0,3,NA,47,17,126,0.238,44,4,9,61,2,5,4,NA,7,58,NA
2020-2021,03/22/2021,UTEP,CUSA,@ Louisiana Tech,W 3-0,3,NA,49,21,118,0.237,45,7,9,54,2,1,10,NA,6,62,2
2020-2021,03/26/2021,UTEP,CUSA,Southern Miss.,W 3-0,3,NA,47,13,92,0.37,42,4,8,43,2,1,12,1,7,58,1
2020-2021,03/27/2021,UTEP,CUSA,Southern Miss.,W 3-0,3,NA,49,10,91,0.429,48,4,11,39,2,3,12,NA,9,62,1
2020-2021,04/01/2021,UTEP,CUSA,"#3 Marshall @Hattiesburg, MS (20-21 WVB C-USA Volleyball Championship)",W 3-0,3,NA,57,12,117,0.385,55,3,11,51,4,1,6,3,4,64,NA
2020-2021,04/02/2021,UTEP,CUSA,"#1 Western Ky. @Hattiesburg, MS (20-21 WVB C-USA Volleyball Championship)",L 0-3,3,NA,21,15,80,0.075,18,2,7,18,5,NA,6,1,3,26,1
2020-2021,01/22/2021,UTSA,CUSA,"UTRGV @Corpus Christi, TX",W 3-2,5,NA,69,17,183,0.284,64,12,10,96,7,2,10,1,7,88,3
2020-2021,01/23/2021,UTSA,CUSA,@ A&M-Corpus Christi,L 1-3,4,NA,55,22,160,0.206,48,3,7,61,4,1,4,NA,3,61,1
2020-2021,01/28/2021,UTSA,CUSA,@ Tulane,Canceled,NA,NA,NA,NA,NA,NA,NA,NA,NA,NA,NA,NA,NA,NA,NA,NA,NA
2020-2021,01/29/2021,UTSA,CUSA,@ Tulane,Canceled,NA,NA,NA,NA,NA,NA,NA,NA,NA,NA,NA,NA,NA,NA,NA,NA,NA
2020-2021,01/31/2021,UTSA,CUSA,UIW,W 3-2,5,NA,68,25,170,0.253,63,9,14,61,7,NA,12,2,6,83,NA
2020-2021,02/04/2021,UTSA,CUSA,@ SMU,L 0-3,3,NA,30,16,103,0.136,29,1,8,43,1,2,4,NA,4,35,NA
2020-2021,02/05/2021,UTSA,CUSA,@ SMU,L 2-3,5,NA,55,17,196,0.194,51,4,12,88,7,5,10,5,10,69,NA
2020-2021,02/10/2021,UTSA,CUSA,Texas St.,L 1-3,4,NA,53,23,163,0.184,50,9,13,72,4,3,10,NA,8,70,1
2020-2021,02/13/2021,UTSA,CUSA,North Texas,L 2-3,5,NA,60,28,NA,0.152,58,4,NA,77,6,1,22,3,12,76,1
2020-2021,02/14/2021,UTSA,CUSA,North Texas,W 3-1,4,NA,54,21,169,0.195,53,5,7,75,2,2,8,2,6,65,1
2020-2021,02/22/2021,UTSA,CUSA,@ UTEP,L 1-3,4,NA,45,24,137,0.153,40,4,5,48,7,1,10,NA,6,55,NA
2020-2021,02/23/2021,UTSA,CUSA,@ UTEP,L 0-3,3,NA,31,15,82,0.195,30,2,9,28,11,6,NA,NA,6,39,NA
2020-2021,02/25/2021,UTSA,CUSA,Texas,Ppd,NA,NA,NA,NA,NA,NA,NA,NA,NA,NA,NA,NA,NA,NA,NA,NA,NA
2020-2021,02/28/2021,UTSA,CUSA,Rice,L 2-3,5,NA,58,34,187,0.128,58,6,6,79,8,2,12,NA,8,72,NA
2020-2021,03/01/2021,UTSA,CUSA,Rice,L 0-3,3,NA,26,20,103,0.058,26,1,2,35,7,NA,4,NA,2,29,1
2020-2021,03/07/2021,UTSA,CUSA,@ Louisiana Tech,W 3-0,3,NA,46,13,106,0.311,43,6,11,36,1,4,6,NA,7,59,2
2020-2021,03/08/2021,UTSA,CUSA,@ Louisiana Tech,W 3-1,4,NA,54,18,149,0.242,50,5,7,78,2,1,16,NA,9,68,3
2020-2021,03/14/2021,UTSA,CUSA,Southern Miss.,W 3-1,4,NA,59,27,137,0.234,54,10,9,48,2,2,10,NA,7,76,1
2020-2021,03/15/2021,UTSA,CUSA,Southern Miss.,L 2-3,5,NA,76,26,198,0.253,72,6,15,82,9,NA,12,1,6,88,1
2020-2021,03/21/2021,UTSA,CUSA,@ UAB,L 0-3,3,NA,31,22,123,0.073,30,3,7,54,8,NA,4,NA,2,36,NA
2020-2021,03/22/2021,UTSA,CUSA,@ UAB,W 3-2,5,NA,51,33,177,0.102,47,4,5,80,6,NA,20,NA,10,65,1
2020-2021,11/07/2020,Western Ky.,CUSA,UAB,W 3-0,3,NA,46,12,97,0.351,43,4,11,42,NA,1,16,NA,9,59,1
2020-2021,01/24/2021,Western Ky.,CUSA,Mercer,W 3-1,4,NA,45,7,96,0.396,39,9,6,48,5,4,14,1,11,65,NA
2020-2021,01/24/2021,Western Ky.,CUSA,Bellarmine,W 3-0,3,NA,50,7,97,0.443,48,1,9,45,NA,3,10,1,8,59,1
2020-2021,01/31/2021,Western Ky.,CUSA,Saint Louis,W 3-0,3,NA,41,10,80,0.388,40,4,13,35,3,1,12,NA,7,52,1
2020-2021,01/31/2021,Western Ky.,CUSA,Evansville,W 3-0,3,NA,38,13,90,0.278,37,6,4,44,2,6,12,NA,12,56,NA
2020-2021,02/07/2021,Western Ky.,CUSA,Fla. Atlantic,W 3-0,3,NA,42,4,84,0.452,39,6,2,49,5,2,8,1,6,54,1
2020-2021,02/08/2021,Western Ky.,CUSA,Fla. Atlantic,W 3-0,3,NA,38,8,77,0.39,35,3,5,45,1,NA,4,2,10,51,NA
2020-2021,02/14/2021,Western Ky.,CUSA,@ Old Dominion,Ppd,NA,NA,NA,NA,NA,NA,NA,NA,NA,NA,NA,NA,NA,NA,NA,NA,NA
2020-2021,02/15/2021,Western Ky.,CUSA,@ Old Dominion,Ppd,NA,NA,NA,NA,NA,NA,NA,NA,NA,NA,NA,NA,NA,NA,NA,NA,NA
2020-2021,02/21/2021,Western Ky.,CUSA,Charlotte,W 3-0,3,NA,41,10,87,0.356,41,7,4,35,1,3,8,2,7,55,4
2020-2021,02/22/2021,Western Ky.,CUSA,Charlotte,W 3-0,3,NA,50,8,87,0.483,45,3,7,35,2,1,8,2,5,58,1
2020-2021,02/28/2021,Western Ky.,CUSA,@ Marshall,W 3-0,3,NA,47,17,129,0.233,47,2,4,65,5,6,4,1,8,57,NA
2020-2021,03/01/2021,Western Ky.,CUSA,@ Marshall,W 3-1,4,NA,62,20,169,0.249,62,6,4,93,3,2,6,NA,5,73,NA
2020-2021,03/07/2021,Western Ky.,CUSA,FIU,W 3-0,3,NA,38,11,89,0.303,37,10,4,39,NA,1,12,1,7,55,NA
2020-2021,03/08/2021,Western Ky.,CUSA,FIU,W 3-0,3,NA,36,6,76,0.395,36,6,1,40,NA,2,8,1,6,48,2
2020-2021,03/12/2021,Western Ky.,CUSA,West Virginia,W 3-1,4,NA,58,14,136,0.324,56,2,12,55,6,2,20,3,12,72,NA
2020-2021,03/20/2021,Western Ky.,CUSA,@ Middle Tenn.,W 3-0,3,NA,44,10,83,0.41,42,5,8,34,5,4,14,NA,11,60,NA
2020-2021,03/21/2021,Western Ky.,CUSA,@ Middle Tenn.,W 3-0,3,NA,39,9,91,0.33,36,5,5,46,3,1,16,1,9,53,NA
2020-2021,03/26/2021,Western Ky.,CUSA,@ Old Dominion,W 3-0,3,NA,38,11,82,0.329,36,7,5,36,1,3,6,NA,6,51,NA
2020-2021,03/27/2021,Western Ky.,CUSA,@ Old Dominion,W 3-0,3,NA,50,11,82,0.476,46,4,5,49,1,3,10,NA,8,62,NA
2020-2021,04/01/2021,Western Ky.,CUSA,"#4 North Texas @Hattiesburg, MS (20-21 WVB C-USA Volleyball Championship)",W 3-0,3,NA,54,12,129,0.326,50,1,6,62,1,NA,10,1,5,60,1
2020-2021,04/02/2021,Western Ky.,CUSA,"#2 UTEP @Hattiesburg, MS (20-21 WVB C-USA Volleyball Championship)",W 3-0,3,NA,45,6,80,0.488,39,5,4,35,2,3,8,1,7,57,NA
2020-2021,04/03/2021,Western Ky.,CUSA,"#1 Rice @Hattiesburg, MS (20-21 WVB C-USA Volleyball Championship)",W 3-1,4,NA,58,15,139,0.309,56,4,7,53,2,7,2,NA,8,70,NA
2020-2021,04/14/2021,Western Ky.,CUSA,"Jackson St. @Omaha, NE (2020 NCAA DI Women's Volleyball Championship)",W 3-0,3,NA,43,10,84,0.393,39,9,6,39,2,2,8,1,6,58,1
2020-2021,04/15/2021,Western Ky.,CUSA,"#15 Washington St. @Omaha, NE (2020 NCAA DI Women's Volleyball Championship)",W 3-2,5,NA,63,18,150,0.3,63,8,12,55,10,4,14,2,11,82,1
2020-2021,04/18/2021,Western Ky.,CUSA,"#2 Kentucky @Omaha, NE (2020 NCAA DI Women's Volleyball Championship)",L 0-3,3,NA,28,20,86,0.093,28,1,6,20,2,1,6,2,4,33,NA
2020-2021,01/25/2021,Cleveland St.,Horizon,@ Green Bay,W 3-0,3,NA,30,10,76,0.263,27,3,2,37,1,2,13,1,8.5,41.5,1
2020-2021,01/26/2021,Cleveland St.,Horizon,@ Green Bay,W 3-1,4,NA,49,19,128,0.234,45,6,6,71,8,3,20,2,13,68,NA
2020-2021,02/01/2021,Cleveland St.,Horizon,Milwaukee,L 1-3,4,NA,42,21,126,0.167,40,5,6,53,9,NA,8,2,10,57,1
2020-2021,02/02/2021,Cleveland St.,Horizon,Milwaukee,W 3-0,3,NA,39,4,94,0.372,37,9,6,40,1,1,12,1,7,55,NA
2020-2021,02/08/2021,Cleveland St.,Horizon,@ Northern Ky.,L 0-3,3,NA,33,19,108,0.13,29,4,6,49,3,NA,4,NA,2,39,2
2020-2021,02/09/2021,Cleveland St.,Horizon,@ Northern Ky.,L 2-3,5,NA,54,25,167,0.174,53,7,7,74,7,1,20,2,11,72,1
2020-2021,02/15/2021,Cleveland St.,Horizon,Oakland,W 3-0,3,NA,42,14,103,0.272,40,6,5,56,2,2,14,2,9,57,1
2020-2021,02/16/2021,Cleveland St.,Horizon,Oakland,L 0-3,3,NA,30,21,112,0.08,29,4,6,43,5,1,4,2,3,37,1
2020-2021,02/22/2021,Cleveland St.,Horizon,@ Purdue Fort Wayne,W 3-1,4,NA,65,17,148,0.324,60,2,6,66,3,3,12,4,9,76,3
2020-2021,02/23/2021,Cleveland St.,Horizon,@ Purdue Fort Wayne,L 1-3,4,NA,50,25,160,0.156,49,3,2,70,3,2,14,4,9,62,4
2020-2021,03/01/2021,Cleveland St.,Horizon,Robert Morris,W 3-0,3,NA,51,9,120,0.35,50,5,2,63,2,2,8,NA,6,62,NA
2020-2021,03/02/2021,Cleveland St.,Horizon,Robert Morris,W 3-0,3,NA,48,7,118,0.347,47,5,4,66,2,NA,16,NA,8,61,NA
2020-2021,03/08/2021,Cleveland St.,Horizon,@ Wright St.,L 1-3,4,NA,49,22,182,0.148,46,7,5,86,1,2,14,NA,9,65,1
2020-2021,03/09/2021,Cleveland St.,Horizon,@ Wright St.,L 2-3,5,NA,55,29,174,0.149,52,2,7,78,8,2,27,NA,15.5,72.5,2
2020-2021,03/15/2021,Cleveland St.,Horizon,Youngstown St.,W 3-0,3,NA,39,10,104,0.279,37,8,4,48,4,1,10,2,6,53,1
2020-2021,03/16/2021,Cleveland St.,Horizon,Youngstown St.,W 3-0,3,NA,42,15,118,0.229,38,4,4,59,3,NA,14,1,7,53,NA
2020-2021,01/25/2021,Green Bay,Horizon,Cleveland St.,L 0-3,3,NA,40,24,108,0.148,39,1,13,28,3,NA,12,NA,6,47,1
2020-2021,01/26/2021,Green Bay,Horizon,Cleveland St.,L 1-3,4,NA,38,31,143,0.049,34,8,9,50,6,2,12,NA,8,54,NA
2020-2021,02/01/2021,Green Bay,Horizon,IU Indy,W 3-0,3,NA,38,13,90,0.278,34,10,10,37,6,1,12,NA,7,55,NA
2020-2021,02/02/2021,Green Bay,Horizon,IU Indy,W 3-0,3,NA,30,13,84,0.202,27,6,6,36,4,3,10,1,8,44,NA
2020-2021,02/08/2021,Green Bay,Horizon,@ Milwaukee,L 0-3,3,NA,31,13,105,0.171,30,11,2,48,6,1,8,1,5,47,NA
2020-2021,02/09/2021,Green Bay,Horizon,@ Milwaukee,L 2-3,5,NA,55,18,152,0.243,53,7,10,48,5,NA,22,NA,11,73,2
2020-2021,02/15/2021,Green Bay,Horizon,Northern Ky.,L 1-3,4,NA,37,15,113,0.195,34,3,7,43,8,2,22,1,13,53,NA
2020-2021,02/16/2021,Green Bay,Horizon,Northern Ky.,W 3-2,5,NA,49,18,159,0.195,45,9,11,75,10,1,14,NA,8,66,NA
2020-2021,02/22/2021,Green Bay,Horizon,@ Oakland,L 1-3,4,NA,49,28,163,0.129,48,7,9,68,10,1,8,2,5,61,NA
2020-2021,02/23/2021,Green Bay,Horizon,@ Oakland,L 2-3,5,NA,66,27,191,0.204,61,10,17,90,7,1,18,NA,10,86,NA
2020-2021,03/01/2021,Green Bay,Horizon,Purdue Fort Wayne,L 1-3,4,NA,61,28,166,0.199,60,6,10,67,4,1,6,2,4,71,NA
2020-2021,03/02/2021,Green Bay,Horizon,Purdue Fort Wayne,W 3-2,5,NA,63,23,165,0.242,58,4,6,56,3,1,14,NA,8,75,NA
2020-2021,03/08/2021,Green Bay,Horizon,@ UIC,L 1-3,4,NA,47,23,143,0.168,41,4,8,58,8,1,12,1,7,58,NA
2020-2021,03/09/2021,Green Bay,Horizon,@ UIC,L 0-3,3,NA,44,15,111,0.261,43,3,3,49,7,2,8,1,6,53,NA
2020-2021,03/22/2021(1),Green Bay,Horizon,@ Wright St.,L 0-3,3,NA,38,20,133,0.135,35,3,10,66,5,NA,6,1,3,44,1
2020-2021,03/22/2021(2),Green Bay,Horizon,@ Wright St.,L 0-3,3,NA,35,28,130,0.054,30,2,7,52,4,1,12,1,7,44,NA
2020-2021,01/25/2021,IU Indy,Horizon,@ Youngstown St.,L 2-3,5,NA,64,33,170,0.182,60,6,NA,77,10,NA,12,4,6,76,1
2020-2021,01/26/2021,IU Indy,Horizon,@ Youngstown St.,L 1-3,4,NA,55,24,142,0.218,49,4,15,56,10,NA,10,3,5,64,NA
2020-2021,02/01/2021,IU Indy,Horizon,@ Green Bay,L 0-3,3,NA,17,19,77,-0.026,17,6,9,35,10,1,4,2,3,26,NA
2020-2021,02/02/2021,IU Indy,Horizon,@ Green Bay,L 0-3,3,NA,33,22,94,0.117,31,4,14,38,6,NA,8,NA,4,41,NA
2020-2021,02/08/2021,IU Indy,Horizon,Purdue Fort Wayne,L 0-3,3,NA,24,22,88,0.023,22,5,5,28,11,3,4,1,5,34,1
2020-2021,02/09/2021,IU Indy,Horizon,Purdue Fort Wayne,L 0-3,3,NA,39,12,95,0.284,33,3,7,34,6,1,2,3,2,44,NA
2020-2021,02/15/2021,IU Indy,Horizon,Milwaukee,Canceled,NA,NA,NA,NA,NA,NA,NA,NA,NA,NA,NA,NA,NA,NA,NA,NA,NA
2020-2021,02/16/2021,IU Indy,Horizon,Milwaukee,Canceled,NA,NA,NA,NA,NA,NA,NA,NA,NA,NA,NA,NA,NA,NA,NA,NA,NA
2020-2021,02/22/2021,IU Indy,Horizon,@ Northern Ky.,Canceled,NA,NA,NA,NA,NA,NA,NA,NA,NA,NA,NA,NA,NA,NA,NA,NA,NA
2020-2021,02/23/2021,IU Indy,Horizon,@ Northern Ky.,Canceled,NA,NA,NA,NA,NA,NA,NA,NA,NA,NA,NA,NA,NA,NA,NA,NA,NA
2020-2021,03/02/2021(1),IU Indy,Horizon,Wright St.,L 0-3,3,NA,26,21,112,0.045,24,4,7,55,8,NA,10,3,5,35,1
2020-2021,03/02/2021(2),IU Indy,Horizon,Wright St.,L 0-3,3,NA,33,24,119,0.076,29,1,5,48,5,NA,4,2,2,36,NA
2020-2021,03/15/2021,IU Indy,Horizon,@ Robert Morris,L 1-3,4,NA,41,30,143,0.077,39,6,6,54,8,NA,16,1,8,55,1
2020-2021,03/16/2021,IU Indy,Horizon,@ Robert Morris,L 0-3,3,NA,25,22,107,0.028,25,3,6,44,6,1,4,3,3,31,NA
2020-2021,03/22/2021(1),IU Indy,Horizon,UIC,L 0-3,3,NA,27,14,97,0.134,25,2,3,43,6,2,6,2,5,34,NA
2020-2021,03/22/2021(2),IU Indy,Horizon,UIC,L 0-3,3,NA,35,16,102,0.186,33,1,7,46,9,NA,2,2,1,37,NA
2020-2021,01/25/2021,Milwaukee,Horizon,Wright St.,L 0-3,3,NA,26,23,99,0.03,26,4,9,50,7,2,4,2,4,34,NA
2020-2021,01/26/2021,Milwaukee,Horizon,Wright St.,L 0-3,3,NA,28,27,119,0.008,27,4,9,52,8,NA,2,NA,1,33,1
2020-2021,02/01/2021,Milwaukee,Horizon,@ Cleveland St.,W 3-1,4,NA,59,25,149,0.228,56,9,15,57,5,1,10,1,6,74,NA
2020-2021,02/02/2021,Milwaukee,Horizon,@ Cleveland St.,L 0-3,3,NA,33,20,100,0.13,32,1,5,43,9,NA,2,1,1,35,2
2020-2021,02/08/2021,Milwaukee,Horizon,Green Bay,W 3-0,3,NA,55,13,127,0.331,51,6,14,55,11,NA,4,NA,2,63,NA
2020-2021,02/09/2021,Milwaukee,Horizon,Green Bay,W 3-2,5,NA,65,24,140,0.293,64,5,5,73,7,2,10,3,7,77,3
2020-2021,02/15/2021,Milwaukee,Horizon,@ IU Indy,Canceled,NA,NA,NA,NA,NA,NA,NA,NA,NA,NA,NA,NA,NA,NA,NA,NA,NA
2020-2021,02/16/2021,Milwaukee,Horizon,@ DePaul,Ppd,NA,NA,NA,NA,NA,NA,NA,NA,NA,NA,NA,NA,NA,NA,NA,NA,NA
2020-2021,02/16/2021,Milwaukee,Horizon,@ IU Indy,Canceled,NA,NA,NA,NA,NA,NA,NA,NA,NA,NA,NA,NA,NA,NA,NA,NA,NA
2020-2021,02/22/2021,Milwaukee,Horizon,UIC,W 3-1,4,NA,52,20,160,0.2,48,8,3,95,8,5,10,NA,10,70,4
2020-2021,02/23/2021,Milwaukee,Horizon,UIC,L 1-3,4,NA,55,23,157,0.204,52,5,4,68,4,1,8,3,5,65,2
2020-2021,03/08/2021,Milwaukee,Horizon,@ Northern Ky.,L 1-3,4,NA,60,30,180,0.167,53,3,11,84,4,1,6,2,4,67,1
2020-2021,03/09/2021,Milwaukee,Horizon,@ Northern Ky.,L 0-3,3,NA,39,17,126,0.175,38,1,6,55,6,1,2,1,2,42,NA
2020-2021,03/15/2021,Milwaukee,Horizon,Oakland,W 3-0,3,NA,52,23,134,0.216,50,4,6,63,4,4,2,1,5,61,NA
2020-2021,03/16/2021,Milwaukee,Horizon,Oakland,W 3-0,3,NA,49,16,124,0.266,46,5,5,58,3,1,6,1,4,58,NA
2020-2021,03/22/2021(1),Milwaukee,Horizon,@ Purdue Fort Wayne,W 3-0,3,NA,50,18,142,0.225,45,3,NA,75,6,NA,14,2,7,60,NA
2020-2021,03/22/2021(2),Milwaukee,Horizon,@ Purdue Fort Wayne,W 3-1,4,NA,57,32,183,0.137,55,4,6,87,5,NA,14,1,7,68,NA
2020-2021,02/01/2021,Northern Ky.,Horizon,@ Wright St.,L 0-3,3,NA,37,21,133,0.12,33,3,8,66,8,1,2,NA,2,42,1
2020-2021,02/02/2021,Northern Ky.,Horizon,@ Wright St.,L 0-3,3,NA,27,22,122,0.041,22,4,8,52,7,1,8,NA,5,36,NA
2020-2021,02/08/2021,Northern Ky.,Horizon,Cleveland St.,W 3-0,3,NA,45,9,116,0.31,37,3,11,47,4,NA,12,2,6,54,NA
2020-2021,02/09/2021,Northern Ky.,Horizon,Cleveland St.,W 3-2,5,NA,66,31,188,0.186,65,7,10,74,7,NA,26,1,13,86,1
2020-2021,02/15/2021,Northern Ky.,Horizon,@ Green Bay,W 3-1,4,NA,58,20,131,0.29,52,8,8,56,3,2,8,1,6,72,NA
2020-2021,02/16/2021,Northern Ky.,Horizon,@ Green Bay,L 2-3,5,NA,58,20,163,0.233,55,10,12,86,9,NA,14,3,7,75,NA
2020-2021,02/22/2021,Northern Ky.,Horizon,IU Indy,Canceled,NA,NA,NA,NA,NA,NA,NA,NA,NA,NA,NA,NA,NA,NA,NA,NA,NA
2020-2021,02/23/2021,Northern Ky.,Horizon,IU Indy,Canceled,NA,NA,NA,NA,NA,NA,NA,NA,NA,NA,NA,NA,NA,NA,NA,NA,NA
2020-2021,02/23/2021,Northern Ky.,Horizon,Cincinnati,W 3-0,3,NA,46,7,100,0.39,39,6,7,42,2,2,10,2,7,59,NA
2020-2021,03/01/2021,Northern Ky.,Horizon,@ Youngstown St.,W 3-0,3,NA,34,13,93,0.226,32,13,8,50,4,NA,17,1,8.5,55.5,NA
2020-2021,03/02/2021,Northern Ky.,Horizon,@ Youngstown St.,W 3-0,3,NA,40,17,102,0.225,35,4,3,49,4,NA,6,1,3,47,NA
2020-2021,03/08/2021,Northern Ky.,Horizon,Milwaukee,W 3-1,4,NA,53,15,162,0.235,51,4,12,79,3,NA,24,3,12,69,NA
2020-2021,03/09/2021,Northern Ky.,Horizon,Milwaukee,W 3-0,3,NA,47,10,119,0.311,43,6,10,55,1,NA,12,2,6,59,1
2020-2021,03/15/2021,Northern Ky.,Horizon,UIC,Canceled,NA,NA,NA,NA,NA,NA,NA,NA,NA,NA,NA,NA,NA,NA,NA,NA,NA
2020-2021,03/16/2021,Northern Ky.,Horizon,UIC,Canceled,NA,NA,NA,NA,NA,NA,NA,NA,NA,NA,NA,NA,NA,NA,NA,NA,NA
2020-2021,03/22/2021(1),Northern Ky.,Horizon,@ Robert Morris,L 0-3,3,NA,33,21,123,0.098,29,2,6,49,6,1,10,1,6,41,1
2020-2021,03/22/2021(2),Northern Ky.,Horizon,@ Robert Morris,W 3-1,4,NA,56,18,151,0.252,53,4,6,65,7,1,16,2,9,69,1
2020-2021,03/28/2021,Northern Ky.,Horizon,@#2 UIC 20-21 WVB Horizon League Volleyball Championship,L 2-3,5,NA,64,21,166,0.259,60,7,12,69,8,1,16,3,9,80,NA
2020-2021,01/25/2021,Oakland,Horizon,@ Robert Morris,W 3-2,5,NA,62,23,181,0.215,54,11,13,90,7,2,12,NA,8,81,3
2020-2021,01/26/2021,Oakland,Horizon,@ Robert Morris,W 3-0,3,NA,45,6,118,0.331,40,3,7,55,6,1,14,NA,8,56,1
2020-2021,02/08/2021,Oakland,Horizon,Wright St.,L 1-3,4,NA,59,32,206,0.131,51,5,4,NA,9,NA,10,2,5,69,NA
2020-2021,02/09/2021,Oakland,Horizon,Wright St.,L 0-3,3,NA,39,20,153,0.124,32,2,3,80,4,1,4,NA,3,44,NA
2020-2021,02/15/2021,Oakland,Horizon,@ Cleveland St.,L 0-3,3,NA,28,19,110,0.082,26,2,3,40,6,1,4,1,3,33,5
2020-2021,02/16/2021,Oakland,Horizon,@ Cleveland St.,W 3-0,3,NA,41,13,99,0.283,40,5,6,53,4,NA,16,NA,8,54,3
2020-2021,02/22/2021,Oakland,Horizon,Green Bay,W 3-1,4,NA,48,15,143,0.231,45,10,6,75,7,2,12,2,8,66,NA
2020-2021,02/23/2021,Oakland,Horizon,Green Bay,W 3-2,5,NA,36,23,155,0.084,34,7,4,87,10,4,10,4,9,52,NA
2020-2021,03/01/2021,Oakland,Horizon,@ UIC,L 1-3,4,NA,55,22,161,0.205,52,1,5,77,6,NA,12,3,6,62,1
2020-2021,03/02/2021,Oakland,Horizon,@ UIC,L 2-3,5,NA,50,27,182,0.126,48,3,5,84,6,3,22,3,14,67,NA
2020-2021,03/08/2021,Oakland,Horizon,Purdue Fort Wayne,L 1-3,4,NA,51,18,143,0.231,50,4,7,70,5,NA,16,1,8,63,NA
2020-2021,03/09/2021,Oakland,Horizon,Purdue Fort Wayne,L 0-3,3,NA,29,21,114,0.07,27,NA,6,49,1,NA,8,2,4,33,NA
2020-2021,03/15/2021,Oakland,Horizon,@ Milwaukee,L 0-3,3,NA,35,14,116,0.181,35,4,9,48,4,3,12,NA,9,48,1
2020-2021,03/16/2021,Oakland,Horizon,@ Milwaukee,L 0-3,3,NA,31,13,111,0.162,30,3,5,54,5,2,4,2,4,38,2
2020-2021,03/22/2021(1),Oakland,Horizon,@ Youngstown St.,W 3-0,3,NA,39,18,132,0.159,35,10,5,78,4,2,16,2,10,59,3
2020-2021,03/22/2021(2),Oakland,Horizon,@ Youngstown St.,W 3-0,3,NA,42,8,95,0.358,41,9,9,43,1,NA,12,NA,6,57,2
2020-2021,01/25/2021,Purdue Fort Wayne,Horizon,@ UIC,L 1-3,4,NA,54,20,143,0.238,50,1,6,57,2,NA,6,3,3,58,NA
2020-2021,01/26/2021,Purdue Fort Wayne,Horizon,@ UIC,L 0-3,3,NA,38,18,124,0.161,35,1,5,56,6,NA,8,3,4,43,2
2020-2021,02/01/2021,Purdue Fort Wayne,Horizon,Youngstown St.,W 3-0,3,NA,43,10,87,0.379,38,12,2,48,2,NA,14,NA,7,62,NA
2020-2021,02/02/2021,Purdue Fort Wayne,Horizon,Youngstown St.,W 3-0,3,NA,51,15,115,0.313,45,3,3,63,4,2,12,3,8,62,NA
2020-2021,02/08/2021,Purdue Fort Wayne,Horizon,@ IU Indy,W 3-0,3,NA,36,16,85,0.235,30,11,7,34,5,3,8,1,7,54,NA
2020-2021,02/09/2021,Purdue Fort Wayne,Horizon,@ IU Indy,W 3-0,3,NA,47,9,99,0.384,42,6,5,39,3,1,10,NA,6,59,NA
2020-2021,02/15/2021,Purdue Fort Wayne,Horizon,Robert Morris,W 3-0,3,NA,55,16,117,0.333,53,3,6,66,2,1,6,NA,4,62,2
2020-2021,02/16/2021,Purdue Fort Wayne,Horizon,Robert Morris,W 3-0,3,NA,50,10,113,0.354,49,5,7,46,4,3,8,1,7,62,NA
2020-2021,02/22/2021,Purdue Fort Wayne,Horizon,Cleveland St.,L 1-3,4,NA,45,20,141,0.177,43,3,8,56,2,2,6,6,5,53,1
2020-2021,02/23/2021,Purdue Fort Wayne,Horizon,Cleveland St.,W 3-1,4,NA,61,20,161,0.255,57,3,6,77,3,1,20,2,11,75,1
2020-2021,03/01/2021,Purdue Fort Wayne,Horizon,@ Green Bay,W 3-1,4,NA,52,20,147,0.218,50,4,3,64,6,3,14,2,10,66,NA
2020-2021,03/02/2021,Purdue Fort Wayne,Horizon,@ Green Bay,L 2-3,5,NA,NA,24,165,0.297,NA,3,10,69,4,1,18,3,10,86,NA
2020-2021,03/08/2021,Purdue Fort Wayne,Horizon,@ Oakland,W 3-1,4,NA,53,24,160,0.181,51,5,5,65,4,3,6,2,6,64,NA
2020-2021,03/09/2021,Purdue Fort Wayne,Horizon,@ Oakland,W 3-0,3,NA,46,12,111,0.306,40,1,3,58,NA,4,12,NA,10,57,NA
2020-2021,03/22/2021(1),Purdue Fort Wayne,Horizon,Milwaukee,L 0-3,3,NA,41,20,142,0.148,40,6,3,66,3,3,6,2,6,53,NA
2020-2021,03/22/2021(2),Purdue Fort Wayne,Horizon,Milwaukee,L 1-3,4,NA,47,24,176,0.131,45,5,7,77,4,4,18,1,13,65,NA
2020-2021,03/28/2021,Purdue Fort Wayne,Horizon,@#1 Wright St. 20-21 WVB Horizon League Volleyball Championship,L 0-3,3,NA,26,19,129,0.054,26,1,7,68,5,NA,6,2,3,30,1
2020-2021,01/25/2021,Robert Morris,Horizon,Oakland,L 2-3,5,NA,51,27,184,0.13,46,7,7,87,11,1,12,2,7,65,2
2020-2021,01/26/2021,Robert Morris,Horizon,Oakland,L 0-3,3,NA,41,17,124,0.194,40,6,3,60,3,NA,6,2,3,50,3
2020-2021,02/01/2021,Robert Morris,Horizon,@ UIC,L 1-3,4,NA,50,20,146,0.205,49,2,4,61,8,1,4,2,3,55,NA
2020-2021,02/02/2021,Robert Morris,Horizon,@ UIC,L 0-3,3,NA,32,24,113,0.071,31,1,NA,49,9,1,NA,2,1,34,NA
2020-2021,02/15/2021,Robert Morris,Horizon,@ Purdue Fort Wayne,L 0-3,3,NA,27,14,116,0.112,26,2,2,43,3,NA,10,1,5,34,1
2020-2021,02/16/2021,Robert Morris,Horizon,@ Purdue Fort Wayne,L 0-3,3,NA,36,14,99,0.222,36,4,4,44,5,2,4,NA,4,44,1
2020-2021,02/22/2021,Robert Morris,Horizon,Wright St.,L 1-3,4,NA,41,27,152,0.092,38,2,2,65,8,2,12,NA,8,51,NA
2020-2021,02/23/2021,Robert Morris,Horizon,Wright St.,L 0-3,3,NA,34,22,116,0.103,32,1,3,48,3,3,14,NA,10,45,1
2020-2021,03/01/2021,Robert Morris,Horizon,@ Cleveland St.,L 0-3,3,NA,34,16,117,0.154,33,2,3,53,5,NA,4,1,2,38,NA
2020-2021,03/02/2021,Robert Morris,Horizon,@ Cleveland St.,L 0-3,3,NA,30,19,124,0.089,29,2,2,56,5,1,4,2,3,35,NA
2020-2021,03/08/2021,Robert Morris,Horizon,@ Youngstown St.,L 2-3,5,NA,56,32,201,0.119,49,10,10,91,5,1,12,1,7,73,2
2020-2021,03/09/2021,Robert Morris,Horizon,@ Youngstown St.,W 3-0,3,NA,39,14,108,0.231,35,3,4,45,NA,NA,18,2,9,51,NA
2020-2021,03/15/2021,Robert Morris,Horizon,IU Indy,W 3-1,4,NA,47,24,134,0.172,41,8,6,63,6,3,16,1,11,66,4
2020-2021,03/16/2021,Robert Morris,Horizon,IU Indy,W 3-0,3,NA,40,13,107,0.252,36,6,5,54,3,3,6,2,6,52,1
2020-2021,03/22/2021(1),Robert Morris,Horizon,Northern Ky.,W 3-0,3,NA,39,15,120,0.2,33,6,5,60,2,2,14,NA,9,54,NA
2020-2021,03/22/2021(2),Robert Morris,Horizon,Northern Ky.,L 1-3,4,NA,54,28,163,0.16,47,7,6,68,4,NA,22,1,11,72,NA
2020-2021,01/25/2021,UIC,Horizon,Purdue Fort Wayne,W 3-1,4,NA,68,10,145,0.4,60,2,9,61,1,1,12,3,7,77,2
2020-2021,01/26/2021,UIC,Horizon,Purdue Fort Wayne,W 3-0,3,NA,45,18,124,0.218,40,6,3,66,1,1,14,2,8,59,NA
2020-2021,02/01/2021,UIC,Horizon,Robert Morris,W 3-1,4,NA,61,11,147,0.34,59,8,5,64,2,NA,14,5,7,76,3
2020-2021,02/02/2021,UIC,Horizon,Robert Morris,W 3-0,3,NA,42,13,108,0.269,40,9,3,49,1,NA,12,4,6,57,NA
2020-2021,02/08/2021,UIC,Horizon,@ Youngstown St.,W 3-0,3,NA,31,13,97,0.186,30,10,5,41,1,NA,16,1,8,49,1
2020-2021,02/09/2021,UIC,Horizon,@ Youngstown St.,W 3-0,3,NA,52,11,108,0.38,48,2,2,52,1,NA,6,2,3,57,3
2020-2021,02/22/2021,UIC,Horizon,@ Milwaukee,L 1-3,4,NA,43,29,172,0.081,40,8,5,79,8,NA,20,3,10,61,NA
2020-2021,02/23/2021,UIC,Horizon,@ Milwaukee,W 3-1,4,NA,59,16,154,0.279,53,4,9,69,5,NA,18,5,9,72,NA
2020-2021,03/01/2021,UIC,Horizon,Oakland,W 3-1,4,NA,64,25,176,0.222,62,6,7,73,1,NA,12,2,6,76,2
2020-2021,03/02/2021,UIC,Horizon,Oakland,W 3-2,5,NA,61,27,185,0.184,56,6,8,94,3,1,16,2,9,76,NA
2020-2021,03/08/2021,UIC,Horizon,Green Bay,W 3-1,4,NA,51,21,133,0.226,48,8,3,63,4,NA,12,3,6,65,NA
2020-2021,03/09/2021,UIC,Horizon,Green Bay,W 3-0,3,NA,50,14,121,0.298,45,7,3,48,3,NA,14,4,7,64,1
2020-2021,03/15/2021,UIC,Horizon,@ Xavier,L 1-3,4,NA,58,30,162,0.173,57,1,7,75,4,2,8,1,6,65,2
2020-2021,03/15/2021,UIC,Horizon,@ Northern Ky.,Canceled,NA,NA,NA,NA,NA,NA,NA,NA,NA,NA,NA,NA,NA,NA,NA,NA,NA
2020-2021,03/16/2021,UIC,Horizon,@ Northern Ky.,Canceled,NA,NA,NA,NA,NA,NA,NA,NA,NA,NA,NA,NA,NA,NA,NA,NA,NA
2020-2021,03/22/2021(1),UIC,Horizon,@ IU Indy,W 3-0,3,NA,51,17,116,0.293,43,6,8,46,2,1,4,NA,3,60,3
2020-2021,03/22/2021(2),UIC,Horizon,@ IU Indy,W 3-0,3,NA,41,10,106,0.292,40,9,8,48,1,1,8,1,5,55,NA
2020-2021,03/28/2021,UIC,Horizon,#3 Northern Ky. 20-21 WVB Horizon League Volleyball Championship,W 3-2,5,NA,63,20,162,0.265,55,8,4,75,7,NA,8,2,4,75,NA
2020-2021,04/03/2021,UIC,Horizon,#1 Wright St. 20-21 WVB Horizon League Volleyball Championship,L 2-3,5,NA,54,NA,179,0.101,51,6,11,75,2,1,10,1,6,66,1
2020-2021,01/25/2021,Wright St.,Horizon,@ Milwaukee,W 3-0,3,NA,32,12,102,0.196,28,7,14,42,4,2,16,NA,10,49,1
2020-2021,01/26/2021,Wright St.,Horizon,@ Milwaukee,W 3-0,3,NA,29,4,87,0.287,26,8,8,53,4,NA,18,1,9,46,NA
2020-2021,02/01/2021,Wright St.,Horizon,Northern Ky.,W 3-0,3,NA,37,10,123,0.22,33,8,4,66,3,1,10,NA,6,51,NA
2020-2021,02/02/2021,Wright St.,Horizon,Northern Ky.,W 3-0,3,NA,34,12,107,0.206,30,7,3,60,4,4,10,NA,9,50,NA
2020-2021,02/08/2021,Wright St.,Horizon,@ Oakland,W 3-1,4,NA,66,26,NA,0.185,52,9,6,101,5,1,24,NA,13,NA,NA
2020-2021,02/09/2021,Wright St.,Horizon,@ Oakland,W 3-0,3,NA,48,7,143,0.287,42,4,4,87,2,NA,10,NA,5,57,NA
2020-2021,02/15/2021,Wright St.,Horizon,Youngstown St.,Canceled,NA,NA,NA,NA,NA,NA,NA,NA,NA,NA,NA,NA,NA,NA,NA,NA,NA
2020-2021,02/16/2021,Wright St.,Horizon,Youngstown St.,Canceled,NA,NA,NA,NA,NA,NA,NA,NA,NA,NA,NA,NA,NA,NA,NA,NA,NA
2020-2021,02/16/2021,Wright St.,Horizon,Dayton,L 2-3,5,NA,66,30,196,0.184,61,2,5,81,1,1,8,2,5,73,2
2020-2021,02/22/2021,Wright St.,Horizon,@ Robert Morris,W 3-1,4,NA,56,17,150,0.26,52,8,10,74,2,NA,NA,NA,16,80,4
2020-2021,02/23/2021,Wright St.,Horizon,@ Robert Morris,W 3-0,3,NA,46,19,121,0.223,41,3,5,50,1,NA,22,4,11,60,NA
2020-2021,03/02/2021(1),Wright St.,Horizon,@ IU Indy,W 3-0,3,NA,37,14,111,0.207,31,8,5,59,4,3,4,NA,5,50,3
2020-2021,03/02/2021(2),Wright St.,Horizon,@ IU Indy,W 3-0,3,NA,39,11,105,0.267,35,5,3,55,1,5,12,1,11,55,NA
2020-2021,03/08/2021,Wright St.,Horizon,Cleveland St.,W 3-1,4,NA,72,23,194,0.253,65,1,5,99,7,1,18,NA,10,83,NA
2020-2021,03/09/2021,Wright St.,Horizon,Cleveland St.,W 3-2,5,NA,58,28,177,0.169,50,8,5,84,2,1,30,NA,16,82,NA
2020-2021,03/22/2021(1),Wright St.,Horizon,Green Bay,W 3-0,3,NA,40,13,126,0.214,35,5,6,62,3,NA,14,2,7,52,NA
2020-2021,03/22/2021(2),Wright St.,Horizon,Green Bay,W 3-0,3,NA,36,16,118,0.169,35,4,3,52,2,2,16,NA,10,50,NA
2020-2021,03/28/2021,Wright St.,Horizon,#4 Purdue Fort Wayne 20-21 WVB Horizon League Volleyball Championship,W 3-0,3,NA,43,15,133,0.211,41,5,9,74,1,3,10,1,8,56,NA
2020-2021,04/03/2021,Wright St.,Horizon,@#2 UIC 20-21 WVB Horizon League Volleyball Championship,W 3-2,5,NA,53,19,157,0.217,51,2,7,81,6,3,28,NA,NA,72,2
2020-2021,04/14/2021,Wright St.,Horizon,"Samford @Omaha, NE (2020 NCAA DI Women's Volleyball Championship)",W 3-0,3,NA,38,10,92,0.304,34,NA,5,48,3,1,14,2,8,60,1
2020-2021,04/15/2021,Wright St.,Horizon,"#4 Texas @Omaha, NE (2020 NCAA DI Women's Volleyball Championship)",L 0-3,3,NA,30,24,108,0.056,27,2,9,38,3,NA,4,2,2,34,NA
2020-2021,01/25/2021,Youngstown St.,Horizon,IU Indy,W 3-2,5,NA,52,23,166,0.175,50,10,12,68,6,NA,12,3,6,68,1
2020-2021,01/26/2021,Youngstown St.,Horizon,IU Indy,W 3-1,4,NA,46,22,133,0.18,43,10,8,55,4,NA,6,1,3,59,NA
2020-2021,02/01/2021,Youngstown St.,Horizon,@ Purdue Fort Wayne,L 0-3,3,NA,18,13,90,0.056,17,2,6,27,12,1,4,2,3,23,NA
2020-2021,02/02/2021,Youngstown St.,Horizon,@ Purdue Fort Wayne,L 0-3,3,NA,34,16,123,0.146,34,4,4,47,3,2,6,2,5,43,NA
2020-2021,02/08/2021,Youngstown St.,Horizon,UIC,L 0-3,3,NA,35,25,106,0.094,33,1,4,49,10,1,NA,NA,1,37,3
2020-2021,02/09/2021,Youngstown St.,Horizon,UIC,L 0-3,3,NA,30,16,101,0.139,29,1,5,37,2,NA,6,4,3,34,NA
2020-2021,02/15/2021,Youngstown St.,Horizon,@ Wright St.,Canceled,NA,NA,NA,NA,NA,NA,NA,NA,NA,NA,NA,NA,NA,NA,NA,NA,NA
2020-2021,02/16/2021,Youngstown St.,Horizon,@ Wright St.,Canceled,NA,NA,NA,NA,NA,NA,NA,NA,NA,NA,NA,NA,NA,NA,NA,NA,NA
2020-2021,03/01/2021,Youngstown St.,Horizon,Northern Ky.,L 0-3,3,NA,19,22,95,-0.032,18,4,6,41,NA,1,NA,2,1,24,NA
2020-2021,03/02/2021,Youngstown St.,Horizon,Northern Ky.,L 0-3,3,NA,28,18,102,0.098,28,4,9,41,4,NA,8,5,4,36,1
2020-2021,03/08/2021,Youngstown St.,Horizon,Robert Morris,W 3-2,5,NA,59,19,179,0.223,55,5,9,98,10,1,8,2,5,69,4
2020-2021,03/09/2021,Youngstown St.,Horizon,Robert Morris,L 0-3,3,NA,33,25,109,0.073,32,NA,4,49,3,NA,10,1,5,38,2
2020-2021,03/15/2021,Youngstown St.,Horizon,@ Cleveland St.,L 0-3,3,NA,28,18,104,0.096,25,4,5,49,8,NA,NA,NA,NA,32,2
2020-2021,03/16/2021,Youngstown St.,Horizon,@ Cleveland St.,L 0-3,3,NA,20,23,110,-0.027,20,3,3,55,4,2,2,NA,3,26,NA
2020-2021,03/22/2021(1),Youngstown St.,Horizon,Oakland,L 0-3,3,NA,25,22,135,0.022,21,4,3,69,10,1,4,3,3,32,1
2020-2021,03/22/2021(2),Youngstown St.,Horizon,Oakland,L 0-3,3,NA,29,22,103,0.068,26,1,1,41,9,NA,NA,2,NA,30,NA
2020-2021,No data available in table,Brown,Ivy League,No data available in table,No data available in table,NA,NA,NA,NA,NA,NA,NA,NA,NA,NA,NA,NA,NA,NA,NA,NA,NA
2020-2021,No data available in table,Columbia,Ivy League,No data available in table,No data available in table,NA,NA,NA,NA,NA,NA,NA,NA,NA,NA,NA,NA,NA,NA,NA,NA,NA
2020-2021,No data available in table,Cornell,Ivy League,No data available in table,No data available in table,NA,NA,NA,NA,NA,NA,NA,NA,NA,NA,NA,NA,NA,NA,NA,NA,NA
2020-2021,No data available in table,Dartmouth,Ivy League,No data available in table,No data available in table,NA,NA,NA,NA,NA,NA,NA,NA,NA,NA,NA,NA,NA,NA,NA,NA,NA
2020-2021,No data available in table,Harvard,Ivy League,No data available in table,No data available in table,NA,NA,NA,NA,NA,NA,NA,NA,NA,NA,NA,NA,NA,NA,NA,NA,NA
2020-2021,No data available in table,Penn,Ivy League,No data available in table,No data available in table,NA,NA,NA,NA,NA,NA,NA,NA,NA,NA,NA,NA,NA,NA,NA,NA,NA
2020-2021,No data available in table,Princeton,Ivy League,No data available in table,No data available in table,NA,NA,NA,NA,NA,NA,NA,NA,NA,NA,NA,NA,NA,NA,NA,NA,NA
2020-2021,No data available in table,Yale,Ivy League,No data available in table,No data available in table,NA,NA,NA,NA,NA,NA,NA,NA,NA,NA,NA,NA,NA,NA,NA,NA,NA
2020-2021,03/07/2021(1),Canisius,MAAC,Siena,W 3-1,4,NA,62,19,153,0.281,53,4,6,72,8,1,12,3,7,73,NA
2020-2021,03/07/2021(2),Canisius,MAAC,Siena,W 3-0,3,NA,46,7,112,0.348,43,3,6,54,1,4,12,1,10,59,NA
2020-2021,03/14/2021(1),Canisius,MAAC,@ Quinnipiac,L 2-3,5,NA,58,34,188,0.128,52,2,7,81,5,4,12,NA,10,70,NA
2020-2021,03/14/2021(2),Canisius,MAAC,@ Quinnipiac,W 3-0,3,NA,42,11,106,0.292,35,5,8,51,2,5,11,1,10.5,57.5,NA
2020-2021,03/19/2021(1),Canisius,MAAC,@ Rider,W 3-2,5,NA,33,22,162,0.068,23,8,8,66,9,7,16,1,NA,56,NA
2020-2021,03/19/2021(2),Canisius,MAAC,@ Rider,L 0-3,3,NA,33,16,132,0.129,28,5,7,61,4,2,6,NA,5,43,NA
2020-2021,03/21/2021(1),Canisius,MAAC,Iona,W 3-0,3,NA,45,13,123,0.26,35,NA,3,54,4,3,6,NA,6,51,NA
2020-2021,03/21/2021(2),Canisius,MAAC,Iona,W 3-1,4,NA,47,13,147,0.231,46,10,4,90,NA,2,18,1,11,68,NA
2020-2021,03/28/2021(1),Canisius,MAAC,@ Niagara,L 0-3,3,NA,39,23,161,0.099,37,3,3,96,1,3,8,5,7,49,1
2020-2021,03/28/2021(2),Canisius,MAAC,@ Niagara,W 3-2,5,NA,61,25,234,0.154,57,8,6,NA,3,8,14,4,NA,84,1
2020-2021,04/01/2021,Canisius,MAAC,"#7 Quinnipiac @Albany, NY (20-21 WVB MAAC Volleyball Championship)",W 3-1,4,NA,59,20,159,0.245,57,3,3,88,3,3,18,2,12,74,2
2020-2021,04/02/2021,Canisius,MAAC,#3 Niagara 20-21 WVB MAAC Volleyball Championship,W 3-0,3,NA,47,12,145,0.241,43,5,7,82,2,1,8,1,5,57,1
2020-2021,04/03/2021,Canisius,MAAC,#4 Rider 20-21 WVB MAAC Volleyball Championship,L 1-3,4,NA,62,18,158,0.278,60,7,4,81,11,4,12,2,10,79,NA
2020-2021,03/07/2021,Fairfield,MAAC,Rider,W 3-1,4,NA,52,20,147,0.218,50,10,8,54,8,NA,14,1,7,69,1
2020-2021,03/07/2021,Fairfield,MAAC,Rider,W 3-2,5,NA,58,31,167,0.162,52,8,4,67,5,NA,16,4,8,74,2
2020-2021,03/14/2021(1),Fairfield,MAAC,@ Iona,W 3-1,4,NA,48,32,156,0.103,43,2,8,82,4,3,10,NA,8,58,1
2020-2021,03/14/2021(2),Fairfield,MAAC,@ Iona,W 3-0,3,NA,40,16,106,0.226,37,3,9,52,2,NA,12,NA,6,49,1
2020-2021,03/18/2021(1),Fairfield,MAAC,@ Niagara,W 3-1,4,NA,59,20,163,0.239,58,7,3,94,4,4,14,5,11,77,3
2020-2021,03/18/2021(2),Fairfield,MAAC,@ Niagara,W 3-0,3,NA,46,17,130,0.223,42,3,6,61,1,2,3,2,3.5,52.5,NA
2020-2021,03/21/2021(1),Fairfield,MAAC,Siena,W 3-0,3,NA,47,10,88,0.42,42,7,7,49,1,NA,12,NA,6,60,NA
2020-2021,03/21/2021(2),Fairfield,MAAC,Siena,W 3-0,3,NA,44,12,78,0.41,44,6,6,44,5,NA,20,1,10,60,2
2020-2021,03/28/2021(1),Fairfield,MAAC,@ Quinnipiac,W 3-2,5,NA,65,24,188,0.218,62,4,9,82,10,8,10,2,13,82,NA
2020-2021,03/28/2021(2),Fairfield,MAAC,@ Quinnipiac,L 2-3,5,NA,64,22,170,0.247,63,8,8,85,6,1,14,2,8,80,NA
2020-2021,03/07/2021(1),Iona,MAAC,@ Marist,W 3-0,3,NA,35,12,115,0.2,30,3,5,60,5,2,22,1,13,51,2
2020-2021,03/07/2021(2),Iona,MAAC,@ Marist,W 3-1,4,NA,55,22,152,0.217,52,9,5,75,3,1,NA,2,13,77,NA
2020-2021,03/14/2021(1),Iona,MAAC,Fairfield,L 1-3,4,NA,40,20,157,0.127,35,4,12,69,2,3,12,NA,9,53,1
2020-2021,03/14/2021(2),Iona,MAAC,Fairfield,L 0-3,3,NA,24,17,103,0.068,22,2,11,41,3,1,12,NA,7,33,3
2020-2021,03/18/2021(1),Iona,MAAC,Saint Peter's,Ppd,NA,NA,NA,NA,NA,NA,NA,NA,NA,NA,NA,NA,NA,NA,NA,NA,NA
2020-2021,03/18/2021(2),Iona,MAAC,Saint Peter's,Ppd,NA,NA,NA,NA,NA,NA,NA,NA,NA,NA,NA,NA,NA,NA,NA,NA,NA
2020-2021,03/19/2021,Iona,MAAC,Quinnipiac,W 3-1,4,NA,44,21,149,0.154,36,9,13,69,6,1,NA,NA,13,66,1
2020-2021,03/21/2021(1),Iona,MAAC,@ Canisius,L 0-3,3,NA,26,20,118,0.051,24,4,5,48,NA,1,4,1,3,33,NA
2020-2021,03/21/2021(2),Iona,MAAC,@ Canisius,L 1-3,4,NA,44,28,171,0.094,40,NA,7,78,10,2,12,4,8,64,NA
2020-2021,03/28/2021(1),Iona,MAAC,Manhattan,L 2-3,5,NA,63,24,170,0.229,57,NA,8,69,10,3,14,2,10,85,1
2020-2021,03/28/2021(2),Iona,MAAC,Manhattan,L 2-3,5,NA,52,29,177,0.13,49,11,10,82,7,8,14,2,NA,78,2
2020-2021,04/01/2021,Iona,MAAC,"#3 Niagara @Albany, NY (20-21 WVB MAAC Volleyball Championship)",L 0-3,3,NA,30,22,152,0.053,30,6,5,79,2,2,6,2,5,41,NA
2020-2021,03/09/2021(1),Manhattan,MAAC,@ Quinnipiac,L 1-3,4,NA,37,21,133,0.12,36,2,8,55,9,4,4,1,6,45,NA
2020-2021,03/09/2021(2),Manhattan,MAAC,@ Quinnipiac,W 3-2,5,NA,41,22,168,0.113,41,10,8,75,10,8,10,NA,13,64,NA
2020-2021,03/13/2021(1),Manhattan,MAAC,@ Niagara,L 0-3,3,NA,22,20,121,0.017,19,3,3,56,2,4,2,2,5,30,3
2020-2021,03/13/2021(2),Manhattan,MAAC,@ Niagara,L 0-3,3,NA,32,16,112,0.143,31,3,6,53,9,NA,2,3,1,36,1
2020-2021,03/18/2021(1),Manhattan,MAAC,@ Siena,L 2-3,5,NA,58,17,197,0.208,53,6,9,106,8,4,12,NA,10,74,4
2020-2021,03/18/2021(2),Manhattan,MAAC,@ Siena,W 3-1,4,NA,59,17,168,0.25,53,3,6,84,5,NA,12,NA,6,68,NA
2020-2021,03/21/2021,Manhattan,MAAC,Rider,L 0-3,3,NA,22,13,92,0.098,21,NA,2,35,8,NA,14,2,7,29,1
2020-2021,03/21/2021,Manhattan,MAAC,Rider,L 1-3,4,NA,39,18,116,0.181,38,3,12,41,10,4,14,4,11,53,1
2020-2021,03/28/2021(1),Manhattan,MAAC,@ Iona,W 3-2,5,NA,61,19,167,0.251,58,10,5,75,NA,2,8,1,6,77,1
2020-2021,03/28/2021(2),Manhattan,MAAC,@ Iona,W 3-2,5,NA,46,34,180,0.067,43,7,7,76,11,2,12,1,8,61,1
2020-2021,04/01/2021,Manhattan,MAAC,"#4 Rider @Albany, NY (20-21 WVB MAAC Volleyball Championship)",L 0-3,3,NA,31,21,103,0.097,31,5,8,45,7,2,4,4,4,40,1
2020-2021,03/07/2021(1),Marist,MAAC,Iona,L 0-3,3,NA,42,30,144,0.083,39,5,5,64,3,NA,8,NA,4,51,2
2020-2021,03/07/2021(2),Marist,MAAC,Iona,L 1-3,4,NA,44,26,164,0.11,43,3,7,67,9,NA,12,2,6,53,1
2020-2021,03/14/2021(1),Marist,MAAC,@ Rider,L 2-3,5,NA,45,18,137,0.197,38,9,7,49,10,2,20,NA,12,66,3
2020-2021,03/14/2021(2),Marist,MAAC,@ Rider,W 3-1,4,NA,50,15,135,0.259,49,10,8,46,6,2,18,3,11,71,NA
2020-2021,03/19/2021(1),Marist,MAAC,@ Quinnipiac,Canceled,NA,NA,NA,NA,NA,NA,NA,NA,NA,NA,NA,NA,NA,NA,NA,NA,NA
2020-2021,03/19/2021(2),Marist,MAAC,@ Quinnipiac,Canceled,NA,NA,NA,NA,NA,NA,NA,NA,NA,NA,NA,NA,NA,NA,NA,NA,NA
2020-2021,03/13/2021(1),Niagara,MAAC,Manhattan,W 3-0,3,NA,45,16,127,0.228,42,2,7,72,3,2,16,4,10,57,NA
2020-2021,03/13/2021(2),Niagara,MAAC,Manhattan,W 3-0,3,NA,38,11,107,0.252,38,9,7,57,3,2,8,NA,6,53,1
2020-2021,03/18/2021(1),Niagara,MAAC,Fairfield,L 1-3,4,NA,40,23,166,0.102,38,4,4,80,7,NA,6,6,3,47,NA
2020-2021,03/18/2021(2),Niagara,MAAC,Fairfield,L 0-3,3,NA,39,21,124,0.145,36,1,3,60,3,2,14,6,9,49,1
2020-2021,03/24/2021,Niagara,MAAC,@ Siena,W 3-1,4,NA,57,14,155,0.277,54,4,3,86,7,NA,6,2,13,74,NA
2020-2021,03/28/2021(1),Niagara,MAAC,Canisius,W 3-0,3,NA,44,18,173,0.15,42,1,6,94,3,3,14,NA,10,55,NA
2020-2021,03/28/2021(2),Niagara,MAAC,Canisius,L 2-3,5,NA,62,29,NA,0.139,60,3,10,133,8,3,12,9,9,74,NA
2020-2021,04/01/2021,Niagara,MAAC,"#6 Iona @Albany, NY (20-21 WVB MAAC Volleyball Championship)",W 3-0,3,NA,46,18,150,0.187,45,2,1,90,6,1,6,NA,4,52,1
2020-2021,04/02/2021,Niagara,MAAC,@#2 Canisius 20-21 WVB MAAC Volleyball Championship,L 0-3,3,NA,33,22,142,0.077,32,2,1,76,5,NA,NA,3,NA,35,NA
2020-2021,03/09/2021(1),Quinnipiac,MAAC,Manhattan,W 3-1,4,NA,53,18,135,0.259,47,9,7,64,2,2,14,1,9,71,NA
2020-2021,03/09/2021(2),Quinnipiac,MAAC,Manhattan,L 2-3,5,NA,66,NA,182,0.154,61,10,4,90,10,2,12,1,8,84,NA
2020-2021,03/14/2021(1),Quinnipiac,MAAC,Canisius,W 3-2,5,NA,63,26,187,0.198,59,5,9,83,2,2,6,NA,5,73,3
2020-2021,03/14/2021(2),Quinnipiac,MAAC,Canisius,L 0-3,3,NA,35,23,118,0.102,32,2,5,49,5,3,NA,NA,3,40,NA
2020-2021,03/19/2021(1),Quinnipiac,MAAC,Marist,Canceled,NA,NA,NA,NA,NA,NA,NA,NA,NA,NA,NA,NA,NA,NA,NA,NA,NA
2020-2021,03/19/2021,Quinnipiac,MAAC,@ Iona,L 1-3,4,NA,39,33,153,0.039,36,6,11,71,9,1,10,NA,6,51,NA
2020-2021,03/19/2021(2),Quinnipiac,MAAC,Marist,Canceled,NA,NA,NA,NA,NA,NA,NA,NA,NA,NA,NA,NA,NA,NA,NA,NA,NA
2020-2021,03/21/2021(2),Quinnipiac,MAAC,@ Saint Peter's,Ppd,NA,NA,NA,NA,NA,NA,NA,NA,NA,NA,NA,NA,NA,NA,NA,NA,NA
2020-2021,03/28/2021(1),Quinnipiac,MAAC,Fairfield,L 2-3,5,NA,52,24,178,0.157,50,10,2,84,4,5,6,NA,8,70,4
2020-2021,03/28/2021(2),Quinnipiac,MAAC,Fairfield,W 3-2,5,NA,57,22,174,0.201,49,6,6,76,8,2,4,NA,4,67,1
2020-2021,04/01/2021,Quinnipiac,MAAC,"#2 Canisius @Albany, NY (20-21 WVB MAAC Volleyball Championship)",L 1-3,4,NA,44,29,172,0.087,44,3,4,74,3,3,4,NA,5,52,1
2020-2021,03/07/2021,Rider,MAAC,@ Fairfield,L 1-3,4,NA,45,19,125,0.208,43,8,9,61,10,1,14,2,8,61,2
2020-2021,03/07/2021,Rider,MAAC,@ Fairfield,L 2-3,5,NA,54,27,159,0.17,53,5,8,68,8,NA,14,1,7,66,2
2020-2021,03/14/2021(1),Rider,MAAC,Marist,W 3-2,5,NA,NA,27,165,0.261,NA,10,12,61,9,2,12,2,8,NA,NA
2020-2021,03/14/2021(2),Rider,MAAC,Marist,L 1-3,4,NA,58,29,140,0.207,58,6,7,62,10,2,8,4,6,70,1
2020-2021,03/19/2021(1),Rider,MAAC,Canisius,L 2-3,5,NA,66,28,188,0.202,60,9,NA,86,8,2,14,NA,9,84,1
2020-2021,03/19/2021(2),Rider,MAAC,Canisius,W 3-0,3,NA,47,16,140,0.221,44,4,4,73,5,NA,4,NA,2,53,NA
2020-2021,03/21/2021,Rider,MAAC,@ Manhattan,W 3-0,3,NA,50,22,114,0.246,48,8,5,48,NA,NA,8,1,4,62,NA
2020-2021,03/21/2021,Rider,MAAC,@ Manhattan,W 3-1,4,NA,57,30,137,0.197,55,10,10,52,3,NA,8,NA,4,71,NA
2020-2021,03/26/2021(1),Rider,MAAC,Saint Peter's,Canceled,NA,NA,NA,NA,NA,NA,NA,NA,NA,NA,NA,NA,NA,NA,NA,NA,NA
2020-2021,03/26/2021(2),Rider,MAAC,Saint Peter's,Canceled,NA,NA,NA,NA,NA,NA,NA,NA,NA,NA,NA,NA,NA,NA,NA,NA,NA
2020-2021,04/01/2021,Rider,MAAC,"#5 Manhattan @Albany, NY (20-21 WVB MAAC Volleyball Championship)",W 3-0,3,NA,35,12,100,0.23,35,7,8,40,5,2,8,1,6,48,NA
2020-2021,04/02/2021,Rider,MAAC,#8 Siena 20-21 WVB MAAC Volleyball Championship,W 3-1,4,NA,65,14,142,0.359,60,1,8,60,10,2,16,3,10,76,NA
2020-2021,04/03/2021,Rider,MAAC,@#2 Canisius 20-21 WVB MAAC Volleyball Championship,W 3-1,4,NA,65,16,171,0.287,63,11,8,71,7,1,10,1,6,82,NA
2020-2021,04/14/2021,Rider,MAAC,"UCLA @Omaha, NE (2020 NCAA DI Women's Volleyball Championship)",L 0-3,3,NA,17,18,76,-0.013,15,NA,8,12,8,NA,2,2,1,18,1
2020-2021,03/18/2021(1),Saint Peter's,MAAC,@ Iona,Ppd,NA,NA,NA,NA,NA,NA,NA,NA,NA,NA,NA,NA,NA,NA,NA,NA,NA
2020-2021,03/18/2021(2),Saint Peter's,MAAC,@ Iona,Ppd,NA,NA,NA,NA,NA,NA,NA,NA,NA,NA,NA,NA,NA,NA,NA,NA,NA
2020-2021,03/21/2021(2),Saint Peter's,MAAC,Quinnipiac,Ppd,NA,NA,NA,NA,NA,NA,NA,NA,NA,NA,NA,NA,NA,NA,NA,NA,NA
2020-2021,03/26/2021(1),Saint Peter's,MAAC,@ Rider,Canceled,NA,NA,NA,NA,NA,NA,NA,NA,NA,NA,NA,NA,NA,NA,NA,NA,NA
2020-2021,03/26/2021(2),Saint Peter's,MAAC,@ Rider,Canceled,NA,NA,NA,NA,NA,NA,NA,NA,NA,NA,NA,NA,NA,NA,NA,NA,NA
2020-2021,03/07/2021(1),Siena,MAAC,@ Canisius,L 1-3,4,NA,52,14,158,0.241,50,8,7,60,4,3,4,6,5,65,NA
2020-2021,03/07/2021(2),Siena,MAAC,@ Canisius,L 0-3,3,NA,32,21,118,0.093,28,1,2,52,3,1,NA,2,1,34,NA
2020-2021,03/18/2021(1),Siena,MAAC,Manhattan,W 3-2,5,NA,69,22,209,0.225,NA,8,9,114,6,3,4,NA,5,82,NA
2020-2021,03/18/2021(2),Siena,MAAC,Manhattan,L 1-3,4,NA,52,26,178,0.146,46,5,7,78,3,NA,18,NA,9,66,NA
2020-2021,03/21/2021(1),Siena,MAAC,@ Fairfield,L 0-3,3,NA,22,14,92,0.087,19,1,3,27,7,1,2,1,2,25,1
2020-2021,03/21/2021(2),Siena,MAAC,@ Fairfield,L 0-3,3,NA,17,21,85,-0.047,16,5,4,20,6,NA,8,2,4,26,NA
2020-2021,03/24/2021,Siena,MAAC,Niagara,L 1-3,4,NA,55,27,178,0.157,53,7,8,76,4,NA,6,1,3,65,NA
2020-2021,04/02/2021,Siena,MAAC,@#4 Rider 20-21 WVB MAAC Volleyball Championship,L 1-3,4,NA,51,20,141,0.22,50,10,7,53,1,NA,6,NA,3,64,NA
2020-2021,01/22/2021,Akron,MAC,@ Ball St.,L 0-3,3,NA,29,26,131,0.023,28,3,1,63,5,NA,14,NA,7,39,2
2020-2021,01/23/2021,Akron,MAC,@ Ball St.,L 1-3,4,NA,53,27,170,0.153,50,4,8,73,3,3,8,1,7,64,NA
2020-2021,01/28/2021,Akron,MAC,Miami (OH),W 3-2,5,NA,55,31,187,0.128,49,NA,11,65,5,1,13,NA,7.5,77.5,NA
2020-2021,01/29/2021,Akron,MAC,Miami (OH),L 2-3,5,NA,67,21,171,0.269,60,9,9,61,10,NA,6,1,3,79,1
2020-2021,02/04/2021,Akron,MAC,Ohio,L 1-3,4,NA,40,20,155,0.129,38,10,7,61,9,NA,18,NA,9,59,NA
2020-2021,02/05/2021,Akron,MAC,Ohio,W 3-2,5,NA,47,24,163,0.141,45,6,7,69,3,1,20,1,11,64,NA
2020-2021,02/11/2021,Akron,MAC,@ Kent St.,L 1-3,4,NA,53,22,160,0.194,53,NA,4,71,4,3,4,2,5,58,1
2020-2021,02/12/2021,Akron,MAC,@ Kent St.,L 1-3,4,NA,54,21,165,0.2,52,11,5,71,8,NA,16,5,8,73,1
2020-2021,02/18/2021,Akron,MAC,Eastern Mich.,W 3-1,4,NA,60,22,188,0.202,50,6,7,96,4,NA,22,NA,11,77,NA
2020-2021,02/19/2021,Akron,MAC,Eastern Mich.,L 1-3,4,NA,52,29,184,0.125,49,8,5,95,4,NA,22,1,11,71,NA
2020-2021,02/25/2021,Akron,MAC,@ Central Mich.,L 2-3,5,NA,57,30,208,0.13,51,5,4,96,6,5,4,NA,7,69,NA
2020-2021,02/26/2021,Akron,MAC,@ Central Mich.,L 1-3,4,NA,41,26,156,0.096,37,4,8,71,6,1,8,2,5,50,NA
2020-2021,03/04/2021,Akron,MAC,@ NIU,L 0-3,3,NA,40,19,115,0.183,35,3,9,44,8,NA,6,1,3,46,1
2020-2021,03/05/2021,Akron,MAC,@ NIU,W 3-0,3,NA,48,13,108,0.324,47,5,11,40,2,1,12,NA,7,60,1
2020-2021,03/12/2021,Akron,MAC,Western Mich.,L 1-3,4,NA,50,19,162,0.191,47,7,6,80,6,1,18,NA,10,67,1
2020-2021,03/13/2021,Akron,MAC,Western Mich.,L 0-3,3,NA,41,21,137,0.146,37,3,3,67,2,1,8,NA,5,49,3
2020-2021,03/16/2021,Akron,MAC,@ Buffalo,L 0-3,3,NA,42,14,101,0.277,36,2,7,38,5,1,6,1,4,48,2
2020-2021,03/19/2021,Akron,MAC,@ Bowling Green,L 2-3,5,NA,48,20,158,0.177,44,NA,10,83,9,2,18,NA,11,74,1
2020-2021,03/20/2021,Akron,MAC,@ Bowling Green,L 1-3,4,NA,46,32,181,0.077,45,4,10,94,3,1,18,NA,10,60,1
2020-2021,03/23/2021,Akron,MAC,Buffalo,L 1-3,4,NA,57,21,152,0.237,43,4,10,55,3,1,6,1,4,65,1
2020-2021,03/26/2021,Akron,MAC,Toledo,W 3-2,5,NA,63,24,160,0.244,55,6,12,65,5,1,18,1,10,79,1
2020-2021,03/27/2021,Akron,MAC,Toledo,W 3-2,5,NA,58,25,167,0.198,53,13,9,72,7,NA,10,NA,5,76,NA
2020-2021,01/22/2021,Ball St.,MAC,Akron,W 3-0,3,NA,40,9,122,0.254,38,5,2,60,3,1,18,NA,10,55,2
2020-2021,01/23/2021,Ball St.,MAC,Akron,W 3-1,4,NA,58,18,159,0.252,53,3,5,81,4,NA,16,1,8,69,1
2020-2021,01/28/2021,Ball St.,MAC,@ Buffalo,W 3-0,3,NA,38,8,87,0.345,37,5,6,47,4,1,8,3,5,48,NA
2020-2021,01/29/2021,Ball St.,MAC,@ Buffalo,W 3-0,3,NA,38,10,88,0.318,35,8,3,53,3,2,10,3,7,53,2
2020-2021,02/04/2021,Ball St.,MAC,@ Toledo,L 2-3,5,NA,58,27,203,0.153,54,5,4,92,3,2,20,2,12,75,NA
2020-2021,02/05/2021,Ball St.,MAC,@ Toledo,W 3-2,5,NA,59,25,168,0.202,56,6,4,89,13,1,10,3,6,71,1
2020-2021,02/11/2021,Ball St.,MAC,Bowling Green,L 0-3,3,NA,30,23,117,0.06,26,1,3,45,4,NA,10,NA,5,36,NA
2020-2021,02/12/2021,Ball St.,MAC,Bowling Green,L 0-3,3,NA,34,16,126,0.143,34,1,7,56,4,1,10,NA,6,41,NA
2020-2021,02/18/2021,Ball St.,MAC,NIU,L 0-3,3,NA,36,20,122,0.131,30,2,7,52,7,1,13,1,7.5,45.5,NA
2020-2021,02/19/2021,Ball St.,MAC,NIU,L 0-3,3,NA,42,14,123,0.228,39,2,5,56,1,1,10,3,6,50,2
2020-2021,02/25/2021,Ball St.,MAC,@ Western Mich.,Ppd,NA,NA,NA,NA,NA,NA,NA,NA,NA,NA,NA,NA,NA,NA,NA,NA,NA
2020-2021,03/04/2021,Ball St.,MAC,@ Ohio,W 3-2,5,NA,67,13,155,0.348,56,3,12,60,3,1,16,NA,9,79,NA
2020-2021,03/05/2021,Ball St.,MAC,@ Ohio,L 0-3,3,NA,40,12,109,0.257,31,1,7,39,2,1,10,NA,6,47,2
2020-2021,03/07/2021,Ball St.,MAC,@ Western Mich.,L 0-3,3,NA,43,15,120,0.233,39,3,7,57,NA,4,8,1,8,54,NA
2020-2021,03/11/2021,Ball St.,MAC,Kent St.,L 2-3,5,NA,56,21,191,0.183,51,3,5,76,7,2,18,NA,11,70,3
2020-2021,03/12/2021,Ball St.,MAC,Kent St.,L 1-3,4,NA,43,29,137,0.102,43,3,8,48,7,3,24,NA,15,61,NA
2020-2021,03/16/2021,Ball St.,MAC,Miami (OH),W 3-0,3,NA,43,14,100,0.29,39,6,5,43,7,2,18,1,11,60,NA
2020-2021,03/19/2021,Ball St.,MAC,Central Mich.,W 3-2,5,NA,58,18,169,0.237,53,4,4,86,4,1,26,1,14,76,2
2020-2021,03/20/2021,Ball St.,MAC,Central Mich.,L 1-3,4,NA,42,25,168,0.101,40,6,2,87,4,2,NA,2,18,66,2
2020-2021,03/23/2021,Ball St.,MAC,@ Miami (OH),L 2-3,5,NA,58,24,159,0.214,49,2,7,63,5,5,16,3,13,73,3
2020-2021,03/26/2021,Ball St.,MAC,@ Eastern Mich.,W 3-0,3,NA,49,12,122,0.303,46,3,NA,55,2,1,18,NA,10,62,NA
2020-2021,03/27/2021,Ball St.,MAC,@ Eastern Mich.,L 2-3,5,NA,63,32,185,0.168,59,3,4,79,3,4,16,1,12,78,2
2020-2021,01/22/2021,Bowling Green,MAC,NIU,W 3-2,5,NA,67,30,177,0.209,64,9,15,88,4,1,8,1,5,81,NA
2020-2021,01/23/2021,Bowling Green,MAC,NIU,W 3-0,3,NA,50,9,104,0.394,49,2,17,41,3,NA,10,1,5,57,3
2020-2021,01/28/2021,Bowling Green,MAC,@ Western Mich.,W 3-0,3,NA,45,14,104,0.298,39,6,9,41,4,2,8,NA,6,57,1
2020-2021,01/29/2021,Bowling Green,MAC,@ Western Mich.,W 3-0,3,NA,41,13,110,0.255,37,5,9,53,8,4,8,NA,8,54,NA
2020-2021,02/04/2021,Bowling Green,MAC,Miami (OH),W 3-0,3,NA,36,13,107,0.215,35,7,10,45,1,1,12,NA,7,50,NA
2020-2021,02/05/2021,Bowling Green,MAC,Miami (OH),W 3-2,5,NA,63,35,195,0.144,60,5,5,83,2,1,28,4,15,83,2
2020-2021,02/11/2021,Bowling Green,MAC,@ Ball St.,W 3-0,3,NA,45,15,111,0.27,45,4,4,54,1,1,19,NA,10.5,59.5,NA
2020-2021,02/12/2021,Bowling Green,MAC,@ Ball St.,W 3-0,3,NA,47,11,128,0.281,44,4,2,68,1,NA,19,1,9.5,60.5,NA
2020-2021,02/18/2021,Bowling Green,MAC,Ohio,W 3-1,4,NA,58,19,177,0.22,57,9,5,90,2,1,16,4,9,76,NA
2020-2021,02/19/2021,Bowling Green,MAC,Ohio,Ppd,NA,NA,NA,NA,NA,NA,NA,NA,NA,NA,NA,NA,NA,NA,NA,NA,NA
2020-2021,02/25/2021,Bowling Green,MAC,@ Kent St.,W 3-2,5,NA,61,14,196,0.24,59,5,4,85,5,1,26,2,14,80,2
2020-2021,02/26/2021,Bowling Green,MAC,@ Kent St.,W 3-2,5,NA,NA,27,217,0.23,NA,7,9,98,3,NA,10,NA,5,89,2
2020-2021,03/04/2021,Bowling Green,MAC,@ Central Mich.,W 3-0,3,NA,39,11,113,0.248,34,5,4,48,2,2,14,NA,9,53,NA
2020-2021,03/05/2021,Bowling Green,MAC,@ Central Mich.,W 3-1,4,NA,51,24,147,0.184,48,12,3,70,6,7,12,NA,13,76,NA
2020-2021,03/11/2021,Bowling Green,MAC,Eastern Mich.,W 3-0,3,NA,44,9,114,0.307,41,4,8,47,2,NA,12,2,6,54,1
2020-2021,03/12/2021,Bowling Green,MAC,Eastern Mich.,W 3-0,3,NA,53,10,129,0.333,47,3,2,59,1,NA,8,4,4,60,NA
2020-2021,03/16/2021,Bowling Green,MAC,@ Toledo,W 3-1,4,NA,49,18,121,0.256,45,5,9,45,3,4,22,NA,15,69,NA
2020-2021,03/19/2021,Bowling Green,MAC,Akron,W 3-2,5,NA,56,24,172,0.186,51,9,7,78,NA,NA,10,2,5,70,2
2020-2021,03/20/2021,Bowling Green,MAC,Akron,W 3-1,4,NA,44,19,162,0.154,43,3,5,87,4,1,28,2,15,62,2
2020-2021,03/23/2021,Bowling Green,MAC,Toledo,L 2-3,5,NA,58,25,162,0.204,54,1,6,63,5,2,14,NA,9,68,1
2020-2021,03/26/2021,Bowling Green,MAC,@ Buffalo,W 3-0,3,NA,53,7,98,0.469,49,6,8,46,2,NA,6,NA,3,62,1
2020-2021,03/27/2021,Bowling Green,MAC,@ Buffalo,W 3-0,3,NA,40,5,103,0.34,36,8,5,49,NA,NA,14,2,7,55,NA
2020-2021,04/02/2021,Bowling Green,MAC,#4 Miami (OH) 20-21 WVB MAC Volleyball Championship,W 3-2,5,NA,53,18,152,0.23,52,9,10,65,5,NA,18,NA,9,71,3
2020-2021,04/03/2021,Bowling Green,MAC,#2 Western Mich. 20-21 WVB MAC Volleyball Championship,W 3-1,4,NA,57,11,151,0.305,53,4,4,66,3,NA,22,3,11,72,1
2020-2021,04/14/2021,Bowling Green,MAC,"Weber St. @Omaha, NE (2020 NCAA DI Women's Volleyball Championship)",L 1-3,4,NA,53,26,165,0.164,47,6,6,77,9,1,12,NA,7,66,1
2020-2021,01/22/2021,Buffalo,MAC,@ Miami (OH),L 0-3,3,NA,28,26,98,0.02,25,5,6,30,2,1,8,NA,5,38,2
2020-2021,01/23/2021,Buffalo,MAC,@ Miami (OH),L 0-3,3,NA,44,9,91,0.385,41,4,12,33,8,NA,8,NA,4,52,3
2020-2021,01/28/2021,Buffalo,MAC,Ball St.,L 0-3,3,NA,30,15,95,0.158,29,4,15,32,5,1,9,1,5.5,39.5,NA
2020-2021,01/29/2021,Buffalo,MAC,Ball St.,L 0-3,3,NA,21,18,99,0.03,18,3,6,34,8,NA,8,3,4,28,4
2020-2021,02/04/2021,Buffalo,MAC,Kent St.,L 0-3,3,NA,33,19,100,0.14,31,NA,9,27,5,NA,12,4,6,39,1
2020-2021,02/05/2021,Buffalo,MAC,Kent St.,L 0-3,3,NA,30,21,98,0.092,27,3,2,21,6,2,6,2,5,38,2
2020-2021,02/11/2021,Buffalo,MAC,@ Ohio,L 0-3,3,NA,36,19,122,0.139,34,6,9,43,2,NA,4,NA,2,44,NA
2020-2021,02/12/2021,Buffalo,MAC,@ Ohio,L 0-3,3,NA,27,16,109,0.101,26,4,7,45,6,NA,6,NA,3,34,1
2020-2021,02/18/2021,Buffalo,MAC,Central Mich.,L 1-3,4,NA,59,18,142,0.289,56,4,14,64,4,1,19,2,10.5,73.5,3
2020-2021,02/19/2021,Buffalo,MAC,Central Mich.,L 0-3,3,NA,44,21,112,0.205,40,2,4,44,5,NA,6,NA,3,49,2
2020-2021,02/25/2021,Buffalo,MAC,@ Eastern Mich.,W 3-2,5,NA,67,25,184,0.228,56,10,11,68,2,NA,14,NA,7,84,NA
2020-2021,02/26/2021,Buffalo,MAC,@ Eastern Mich.,L 2-3,5,NA,58,28,188,0.16,56,7,13,70,7,NA,10,1,5,70,NA
2020-2021,03/04/2021,Buffalo,MAC,@ Western Mich.,L 2-3,5,NA,54,15,170,0.229,49,5,15,59,9,2,10,NA,7,66,1
2020-2021,03/05/2021,Buffalo,MAC,@ Western Mich.,L 0-3,3,NA,35,19,107,0.15,32,3,3,45,5,1,8,1,5,43,NA
2020-2021,03/12/2021,Buffalo,MAC,NIU,L 1-3,4,NA,56,20,186,0.194,52,7,14,64,8,1,8,NA,5,68,NA
2020-2021,03/13/2021,Buffalo,MAC,NIU,W 3-0,3,NA,43,9,117,0.291,39,5,8,52,3,1,14,NA,8,56,NA
2020-2021,03/16/2021,Buffalo,MAC,Akron,W 3-0,3,NA,44,11,97,0.34,41,5,4,38,2,NA,16,NA,8,57,NA
2020-2021,03/19/2021,Buffalo,MAC,@ Toledo,L 2-3,5,NA,63,26,169,0.219,54,8,8,65,8,2,10,NA,7,78,1
2020-2021,03/20/2021,Buffalo,MAC,@ Toledo,L 1-3,4,NA,61,25,154,0.234,55,3,6,59,8,4,2,NA,5,69,NA
2020-2021,03/23/2021,Buffalo,MAC,@ Akron,W 3-1,4,NA,64,15,147,0.333,60,3,10,62,4,NA,16,NA,8,75,1
2020-2021,03/26/2021,Buffalo,MAC,Bowling Green,L 0-3,3,NA,33,11,95,0.232,30,2,4,34,6,NA,4,1,2,37,NA
2020-2021,03/27/2021,Buffalo,MAC,Bowling Green,L 0-3,3,NA,37,20,116,0.147,33,NA,6,50,8,1,6,NA,4,41,1
2020-2021,01/22/2021,Central Mich.,MAC,@ Ohio,W 3-2,5,NA,56,17,159,0.245,39,6,13,64,2,7,6,1,10,72,2
2020-2021,01/23/2021,Central Mich.,MAC,@ Ohio,L 0-3,3,NA,48,15,131,0.252,43,NA,1,48,3,2,6,NA,5,53,NA
2020-2021,01/28/2021,Central Mich.,MAC,Kent St.,L 0-3,3,NA,34,17,125,0.136,32,1,7,35,2,2,4,2,4,39,NA
2020-2021,01/29/2021,Central Mich.,MAC,Kent St.,L 1-3,4,NA,54,22,170,0.188,50,2,4,63,6,2,16,NA,10,66,NA
2020-2021,02/04/2021,Central Mich.,MAC,NIU,W 3-2,5,NA,74,23,NA,0.228,62,5,9,97,4,7,6,2,10,89,NA
2020-2021,02/05/2021,Central Mich.,MAC,NIU,W 3-1,4,NA,53,19,159,0.214,52,3,6,73,4,8,12,NA,14,70,NA
2020-2021,02/11/2021,Central Mich.,MAC,@ Western Mich.,L 1-3,4,NA,51,22,155,0.187,49,6,5,62,3,4,10,NA,9,66,1
2020-2021,02/12/2021,Central Mich.,MAC,@ Western Mich.,L 1-3,4,NA,45,21,137,0.175,42,7,6,51,5,5,8,NA,9,61,3
2020-2021,02/18/2021,Central Mich.,MAC,@ Buffalo,W 3-1,4,NA,56,18,144,0.264,51,4,9,58,4,2,4,4,4,64,NA
2020-2021,02/19/2021,Central Mich.,MAC,@ Buffalo,W 3-0,3,NA,41,12,106,0.274,36,5,NA,45,2,2,16,1,10,56,1
2020-2021,02/25/2021,Central Mich.,MAC,Akron,W 3-2,5,NA,69,17,196,0.265,64,6,11,100,5,5,6,3,8,83,NA
2020-2021,02/26/2021,Central Mich.,MAC,Akron,W 3-1,4,NA,50,19,152,0.204,47,6,11,78,4,6,10,1,11,67,NA
2020-2021,03/04/2021,Central Mich.,MAC,Bowling Green,L 0-3,3,NA,38,25,123,0.106,35,2,3,51,5,NA,2,1,1,41,NA
2020-2021,03/05/2021,Central Mich.,MAC,Bowling Green,L 1-3,4,NA,50,18,157,0.204,44,6,6,67,12,6,10,NA,11,67,NA
2020-2021,03/12/2021,Central Mich.,MAC,@ Toledo,W 3-1,4,NA,58,19,140,0.279,55,8,11,57,3,3,8,NA,7,73,NA
2020-2021,03/13/2021,Central Mich.,MAC,@ Toledo,W 3-2,5,NA,53,28,186,0.134,49,8,2,81,5,4,10,1,9,70,NA
2020-2021,03/16/2021,Central Mich.,MAC,Eastern Mich.,L 2-3,5,NA,61,26,180,0.194,57,10,7,83,7,3,8,1,7,78,NA
2020-2021,03/19/2021,Central Mich.,MAC,@ Ball St.,L 2-3,5,NA,71,30,199,0.206,64,4,10,83,4,2,12,2,8,83,1
2020-2021,03/20/2021,Central Mich.,MAC,@ Ball St.,W 3-1,4,NA,63,31,193,0.166,56,4,7,89,6,2,18,NA,11,78,1
2020-2021,03/23/2021,Central Mich.,MAC,@ Eastern Mich.,W 3-1,4,NA,50,24,153,0.17,48,4,8,67,6,5,16,NA,13,67,NA
2020-2021,03/26/2021,Central Mich.,MAC,Miami (OH),L 2-3,5,NA,63,17,203,0.227,59,10,13,103,12,2,22,1,13,86,NA
2020-2021,03/27/2021,Central Mich.,MAC,Miami (OH),L 2-3,5,NA,64,29,177,0.198,59,6,7,68,4,2,8,3,6,76,NA
2020-2021,01/23/2021,Eastern Mich.,MAC,@ Kent St.,Ppd,NA,NA,NA,NA,NA,NA,NA,NA,NA,NA,NA,NA,NA,NA,NA,NA,NA
2020-2021,01/28/2021,Eastern Mich.,MAC,Ohio,Ppd,NA,NA,NA,NA,NA,NA,NA,NA,NA,NA,NA,NA,NA,NA,NA,NA,NA
2020-2021,01/29/2021,Eastern Mich.,MAC,Ohio,Ppd,NA,NA,NA,NA,NA,NA,NA,NA,NA,NA,NA,NA,NA,NA,NA,NA,NA
2020-2021,02/04/2021,Eastern Mich.,MAC,Western Mich.,L 0-3,3,NA,26,24,104,0.019,22,NA,4,42,3,4,NA,NA,4,30,1
2020-2021,02/05/2021,Eastern Mich.,MAC,Western Mich.,L 1-3,4,NA,55,19,177,0.203,50,3,8,80,4,5,NA,NA,5,63,NA
2020-2021,02/11/2021,Eastern Mich.,MAC,@ NIU,W 3-1,4,NA,67,21,170,0.271,63,2,8,83,3,1,16,NA,9,78,1
2020-2021,02/12/2021,Eastern Mich.,MAC,@ NIU,L 1-3,4,NA,66,25,181,0.227,61,6,11,84,1,1,14,NA,8,80,NA
2020-2021,02/15/2021,Eastern Mich.,MAC,@ Kent St.,W 3-2,5,NA,65,23,201,0.209,61,5,5,106,1,2,16,1,10,80,NA
2020-2021,02/18/2021,Eastern Mich.,MAC,@ Akron,L 1-3,4,NA,48,26,182,0.121,45,4,2,94,6,NA,24,NA,12,64,1
2020-2021,02/19/2021,Eastern Mich.,MAC,@ Akron,W 3-1,4,NA,47,18,170,0.171,42,4,2,92,8,1,14,1,8,59,NA
2020-2021,02/21/2021,Eastern Mich.,MAC,Ohio,Ppd,NA,NA,NA,NA,NA,NA,NA,NA,NA,NA,NA,NA,NA,NA,NA,NA,NA
2020-2021,02/25/2021,Eastern Mich.,MAC,Buffalo,L 2-3,5,NA,60,19,160,0.256,51,2,7,76,10,NA,20,NA,10,72,NA
2020-2021,02/26/2021,Eastern Mich.,MAC,Buffalo,W 3-2,5,NA,61,21,168,0.238,52,7,6,84,7,1,20,NA,11,79,NA
2020-2021,03/05/2021,Eastern Mich.,MAC,Toledo,W 3-0,3,NA,40,20,95,0.211,34,5,7,35,2,3,14,NA,10,55,NA
2020-2021,03/06/2021,Eastern Mich.,MAC,Toledo,L 0-3,3,NA,37,19,109,0.165,37,4,5,49,7,NA,8,NA,4,45,1
2020-2021,03/08/2021,Eastern Mich.,MAC,Ohio,W 3-0,3,NA,40,18,133,0.165,37,5,7,64,2,2,14,NA,9,54,NA
2020-2021,03/11/2021,Eastern Mich.,MAC,@ Bowling Green,L 0-3,3,NA,30,22,107,0.075,30,2,4,52,4,NA,6,2,3,35,NA
2020-2021,03/12/2021,Eastern Mich.,MAC,@ Bowling Green,L 0-3,3,NA,36,14,117,0.188,36,1,5,58,3,NA,8,NA,4,41,NA
2020-2021,03/16/2021,Eastern Mich.,MAC,@ Central Mich.,W 3-2,5,NA,55,16,164,0.238,50,7,5,79,10,3,18,2,12,74,NA
2020-2021,03/19/2021,Eastern Mich.,MAC,@ Miami (OH),L 1-3,4,NA,53,17,165,0.218,50,7,5,80,4,1,8,NA,5,65,NA
2020-2021,03/20/2021,Eastern Mich.,MAC,@ Miami (OH),L 1-3,4,NA,47,17,148,0.203,45,6,9,72,7,1,12,NA,7,60,NA
2020-2021,03/23/2021,Eastern Mich.,MAC,Central Mich.,L 1-3,4,NA,36,27,139,0.065,34,6,5,73,4,2,20,NA,12,54,NA
2020-2021,03/26/2021,Eastern Mich.,MAC,Ball St.,L 0-3,3,NA,34,20,119,0.118,34,2,2,44,3,1,2,NA,2,38,NA
2020-2021,03/27/2021,Eastern Mich.,MAC,Ball St.,W 3-2,5,NA,64,31,181,0.182,62,3,7,71,3,1,NA,NA,17,84,NA
2020-2021,01/23/2021,Kent St.,MAC,Eastern Mich.,Ppd,NA,NA,NA,NA,NA,NA,NA,NA,NA,NA,NA,NA,NA,NA,NA,NA,NA
2020-2021,01/28/2021,Kent St.,MAC,@ Central Mich.,W 3-0,3,NA,48,16,107,0.299,46,2,1,64,1,3,10,NA,8,58,NA
2020-2021,01/29/2021,Kent St.,MAC,@ Central Mich.,W 3-1,4,NA,66,21,166,0.271,63,6,5,76,2,1,6,NA,4,76,NA
2020-2021,02/04/2021,Kent St.,MAC,@ Buffalo,W 3-0,3,NA,39,12,82,0.329,36,5,5,38,NA,1,12,NA,7,51,NA
2020-2021,02/05/2021,Kent St.,MAC,@ Buffalo,W 3-0,3,NA,41,13,83,0.337,40,6,4,41,3,3,8,1,7,54,NA
2020-2021,02/11/2021,Kent St.,MAC,Akron,W 3-1,4,NA,62,19,163,0.264,58,4,8,74,NA,4,14,2,11,77,2
2020-2021,02/12/2021,Kent St.,MAC,Akron,W 3-1,4,NA,58,20,160,0.238,56,8,7,75,11,7,6,1,10,76,2
2020-2021,02/15/2021,Kent St.,MAC,Eastern Mich.,L 2-3,5,NA,61,24,205,0.18,57,1,10,102,5,2,18,3,11,73,NA
2020-2021,02/20/2021,Kent St.,MAC,@ Toledo,W 3-0,3,NA,48,13,100,0.35,48,5,9,50,4,3,2,NA,4,57,NA
2020-2021,02/21/2021,Kent St.,MAC,@ Toledo,W 3-0,3,NA,38,15,121,0.19,36,5,5,61,6,2,16,1,10,53,NA
2020-2021,02/25/2021,Kent St.,MAC,Bowling Green,L 2-3,5,NA,75,33,209,0.201,NA,5,12,104,5,2,4,1,4,84,3
2020-2021,02/26/2021,Kent St.,MAC,Bowling Green,L 2-3,5,NA,52,17,179,0.196,51,3,8,96,7,3,18,1,12,67,NA
2020-2021,03/04/2021,Kent St.,MAC,Miami (OH),W 3-0,3,NA,35,8,109,0.248,32,4,8,49,2,1,12,NA,7,46,2
2020-2021,03/05/2021,Kent St.,MAC,Miami (OH),L 1-3,4,NA,54,17,166,0.223,49,4,6,85,7,NA,16,NA,8,66,3
2020-2021,03/11/2021,Kent St.,MAC,@ Ball St.,W 3-2,5,NA,71,33,191,0.199,67,7,9,100,3,NA,14,NA,7,85,1
2020-2021,03/12/2021,Kent St.,MAC,@ Ball St.,W 3-1,4,NA,48,23,129,0.194,48,7,13,51,3,4,14,2,11,66,1
2020-2021,03/16/2021,Kent St.,MAC,Ohio,L 2-3,5,NA,57,22,176,0.199,54,9,10,63,5,2,12,2,8,74,1
2020-2021,03/19/2021,Kent St.,MAC,NIU,L 2-3,5,NA,61,25,163,0.221,58,4,8,69,11,2,15,1,9.5,74.5,NA
2020-2021,03/20/2021,Kent St.,MAC,NIU,W 3-0,3,NA,43,19,134,0.179,42,5,5,62,2,NA,16,NA,8,56,1
2020-2021,03/23/2021,Kent St.,MAC,@ Ohio,L 1-3,4,NA,44,21,144,0.16,41,3,7,59,4,1,14,NA,8,55,2
2020-2021,03/26/2021,Kent St.,MAC,@ Western Mich.,L 0-3,3,NA,35,17,91,0.198,31,1,10,27,2,NA,8,NA,4,40,NA
2020-2021,03/27/2021,Kent St.,MAC,@ Western Mich.,L 0-3,3,NA,37,19,117,0.154,34,4,6,37,3,5,NA,NA,5,46,NA
2020-2021,01/22/2021,Miami (OH),MAC,Buffalo,W 3-0,3,NA,38,9,85,0.341,33,2,8,39,5,2,8,2,6,46,NA
2020-2021,01/23/2021,Miami (OH),MAC,Buffalo,W 3-0,3,NA,42,13,110,0.264,36,8,5,33,4,1,NA,2,1,51,1
2020-2021,01/28/2021,Miami (OH),MAC,@ Akron,L 2-3,5,NA,54,25,161,0.18,48,5,5,81,NA,4,18,1,13,72,NA
2020-2021,01/29/2021,Miami (OH),MAC,@ Akron,W 3-2,5,NA,64,14,154,0.325,59,10,3,74,9,3,10,1,8,82,3
2020-2021,02/04/2021,Miami (OH),MAC,@ Bowling Green,L 0-3,3,NA,33,20,110,0.118,29,1,5,52,7,2,4,2,4,38,NA
2020-2021,02/05/2021,Miami (OH),MAC,@ Bowling Green,L 2-3,5,NA,58,30,183,0.153,55,2,3,77,5,3,18,4,12,72,5
2020-2021,02/12/2021,Miami (OH),MAC,Toledo,Ppd,NA,NA,NA,NA,NA,NA,NA,NA,NA,NA,NA,NA,NA,NA,NA,NA,NA
2020-2021,02/18/2021,Miami (OH),MAC,Western Mich.,W 3-1,4,NA,55,20,146,0.24,52,6,6,69,3,5,6,3,8,69,1
2020-2021,02/19/2021,Miami (OH),MAC,Western Mich.,L 0-3,3,NA,42,11,110,0.282,40,2,8,52,4,1,4,2,3,47,4
2020-2021,02/25/2021,Miami (OH),MAC,@ NIU,L 2-3,5,NA,67,29,162,0.235,62,4,NA,68,8,1,12,NA,7,78,1
2020-2021,02/26/2021,Miami (OH),MAC,@ NIU,W 3-0,3,NA,50,15,114,0.307,50,5,7,52,3,2,8,NA,6,61,1
2020-2021,03/04/2021,Miami (OH),MAC,@ Kent St.,L 0-3,3,NA,43,22,123,0.171,38,2,7,59,4,1,6,1,4,49,NA
2020-2021,03/05/2021,Miami (OH),MAC,@ Kent St.,W 3-1,4,NA,66,20,191,0.241,61,7,7,77,4,2,6,NA,5,78,1
2020-2021,03/09/2021,Miami (OH),MAC,Toledo,W 3-0,3,NA,49,22,115,0.235,44,5,10,42,2,3,6,NA,6,60,3
2020-2021,03/12/2021,Miami (OH),MAC,Ohio,L 0-3,3,NA,44,13,119,0.261,42,3,5,58,2,2,6,NA,5,52,2
2020-2021,03/13/2021,Miami (OH),MAC,Ohio,W 3-2,5,NA,60,27,169,0.195,57,6,7,65,4,2,14,2,9,75,2
2020-2021,03/16/2021,Miami (OH),MAC,@ Ball St.,L 0-3,3,NA,35,22,109,0.119,33,7,4,39,6,1,8,1,5,47,NA
2020-2021,03/19/2021,Miami (OH),MAC,Eastern Mich.,W 3-1,4,NA,68,20,184,0.261,66,4,4,90,8,1,6,2,4,76,NA
2020-2021,03/20/2021,Miami (OH),MAC,Eastern Mich.,W 3-1,4,NA,63,17,161,0.286,58,7,5,71,6,1,12,NA,7,77,4
2020-2021,03/23/2021,Miami (OH),MAC,Ball St.,W 3-2,5,NA,68,23,169,0.266,56,5,10,62,2,6,4,1,8,81,2
2020-2021,03/26/2021,Miami (OH),MAC,@ Central Mich.,W 3-2,5,NA,72,28,216,0.204,65,12,7,NA,10,1,15,NA,8.5,NA,NA
2020-2021,03/27/2021,Miami (OH),MAC,@ Central Mich.,W 3-2,5,NA,65,16,158,0.31,57,4,2,72,6,1,12,2,7,76,NA
2020-2021,04/02/2021,Miami (OH),MAC,@#1 Bowling Green 20-21 WVB MAC Volleyball Championship,L 2-3,5,NA,70,24,166,0.277,66,5,14,68,9,NA,6,1,3,78,4
2020-2021,01/22/2021,NIU,MAC,@ Bowling Green,L 2-3,5,NA,52,18,163,0.209,47,4,11,68,9,1,20,2,11,67,NA
2020-2021,01/23/2021,NIU,MAC,@ Bowling Green,L 0-3,3,NA,28,18,94,0.106,26,3,4,40,2,3,6,NA,6,37,NA
2020-2021,01/28/2021,NIU,MAC,Toledo,W 3-2,5,NA,59,31,172,0.163,55,4,5,67,6,5,14,NA,12,75,1
2020-2021,01/29/2021,NIU,MAC,Toledo,L 0-3,3,NA,33,17,109,0.147,31,5,7,48,5,NA,8,1,4,42,NA
2020-2021,02/04/2021,NIU,MAC,@ Central Mich.,L 2-3,5,NA,60,25,205,0.171,58,4,6,101,5,2,14,1,9,73,NA
2020-2021,02/05/2021,NIU,MAC,@ Central Mich.,L 1-3,4,NA,43,37,162,0.037,39,4,4,70,3,8,4,3,10,57,NA
2020-2021,02/11/2021,NIU,MAC,Eastern Mich.,L 1-3,4,NA,58,20,165,0.23,53,3,11,68,2,NA,20,5,10,71,NA
2020-2021,02/12/2021,NIU,MAC,Eastern Mich.,W 3-1,4,NA,70,22,189,0.254,61,1,8,75,6,NA,18,2,9,80,NA
2020-2021,02/18/2021,NIU,MAC,@ Ball St.,W 3-0,3,NA,40,16,115,0.209,37,7,3,59,2,NA,19,3,9.5,56.5,NA
2020-2021,02/19/2021,NIU,MAC,@ Ball St.,W 3-0,3,NA,53,14,128,0.305,49,1,5,57,2,2,8,3,6,60,2
2020-2021,02/25/2021,NIU,MAC,Miami (OH),W 3-2,5,NA,45,23,148,0.149,43,8,10,54,4,2,22,2,13,66,NA
2020-2021,02/26/2021,NIU,MAC,Miami (OH),L 0-3,3,NA,30,15,102,0.147,29,3,4,37,5,NA,12,1,6,39,NA
2020-2021,03/04/2021,NIU,MAC,Akron,W 3-0,3,NA,36,6,90,0.333,34,8,7,46,3,NA,14,2,7,51,NA
2020-2021,03/05/2021,NIU,MAC,Akron,L 0-3,3,NA,36,15,93,0.226,35,2,7,37,5,3,10,1,8,46,1
2020-2021,03/12/2021,NIU,MAC,@ Buffalo,W 3-1,4,NA,49,13,149,0.242,48,8,3,70,7,1,22,2,12,69,5
2020-2021,03/13/2021,NIU,MAC,@ Buffalo,L 0-3,3,NA,35,16,127,0.15,29,3,4,47,5,NA,10,NA,5,43,NA
2020-2021,03/16/2021,NIU,MAC,Western Mich.,L 0-3,3,NA,36,9,99,0.273,35,NA,5,32,1,1,14,5,8,44,NA
2020-2021,03/19/2021,NIU,MAC,@ Kent St.,W 3-2,5,NA,62,22,159,0.252,58,11,13,62,4,1,20,1,11,84,NA
2020-2021,03/20/2021,NIU,MAC,@ Kent St.,L 0-3,3,NA,43,22,142,0.148,43,2,6,60,5,NA,14,2,7,52,1
2020-2021,03/23/2021,NIU,MAC,@ Western Mich.,L 0-3,3,NA,33,13,95,0.211,30,1,7,35,5,2,6,NA,5,39,1
2020-2021,03/26/2021,NIU,MAC,Ohio,L 0-3,3,NA,37,13,97,0.247,34,6,2,40,5,2,4,1,4,47,NA
2020-2021,03/27/2021,NIU,MAC,Ohio,L 0-3,3,NA,36,17,97,0.196,35,2,8,28,4,NA,12,NA,6,44,NA
2020-2021,01/22/2021,Ohio,MAC,Central Mich.,L 2-3,5,NA,61,34,170,0.159,47,2,8,73,6,3,12,1,9,72,1
2020-2021,01/23/2021,Ohio,MAC,Central Mich.,W 3-0,3,NA,58,13,125,0.36,50,3,4,56,NA,4,10,NA,9,70,NA
2020-2021,01/28/2021,Ohio,MAC,@ Eastern Mich.,Ppd,NA,NA,NA,NA,NA,NA,NA,NA,NA,NA,NA,NA,NA,NA,NA,NA,NA
2020-2021,01/29/2021,Ohio,MAC,@ Eastern Mich.,Ppd,NA,NA,NA,NA,NA,NA,NA,NA,NA,NA,NA,NA,NA,NA,NA,NA,NA
2020-2021,02/04/2021,Ohio,MAC,@ Akron,W 3-1,4,NA,55,27,148,0.189,52,9,7,78,10,NA,14,2,7,71,2
2020-2021,02/05/2021,Ohio,MAC,@ Akron,L 2-3,5,NA,54,33,165,0.127,48,3,5,81,6,5,8,NA,9,66,1
2020-2021,02/11/2021,Ohio,MAC,Buffalo,W 3-0,3,NA,40,14,102,0.255,38,2,2,55,6,NA,12,NA,6,48,NA
2020-2021,02/12/2021,Ohio,MAC,Buffalo,W 3-0,3,NA,43,9,107,0.318,37,6,7,63,4,NA,8,NA,4,53,NA
2020-2021,02/18/2021,Ohio,MAC,@ Bowling Green,L 1-3,4,NA,53,22,167,0.186,49,2,7,91,9,1,12,3,7,62,1
2020-2021,02/19/2021,Ohio,MAC,@ Bowling Green,Ppd,NA,NA,NA,NA,NA,NA,NA,NA,NA,NA,NA,NA,NA,NA,NA,NA,NA
2020-2021,02/21/2021,Ohio,MAC,@ Eastern Mich.,Ppd,NA,NA,NA,NA,NA,NA,NA,NA,NA,NA,NA,NA,NA,NA,NA,NA,NA
2020-2021,02/23/2021,Ohio,MAC,Dayton,Canceled,NA,NA,NA,NA,NA,NA,NA,NA,NA,NA,NA,NA,NA,NA,NA,NA,NA
2020-2021,02/25/2021,Ohio,MAC,Toledo,Ppd,NA,NA,NA,NA,NA,NA,NA,NA,NA,NA,NA,NA,NA,NA,NA,NA,NA
2020-2021,02/26/2021,Ohio,MAC,Toledo,W 3-2,5,NA,61,24,152,0.243,59,8,10,61,5,3,12,NA,9,78,2
2020-2021,03/04/2021,Ohio,MAC,Ball St.,L 2-3,5,NA,70,26,171,0.257,66,3,16,59,3,1,14,NA,8,81,NA
2020-2021,03/05/2021,Ohio,MAC,Ball St.,W 3-0,3,NA,50,16,111,0.306,38,2,3,50,1,1,10,NA,6,58,1
2020-2021,03/08/2021,Ohio,MAC,@ Eastern Mich.,L 0-3,3,NA,33,22,139,0.079,28,2,4,64,5,4,12,NA,10,45,3
2020-2021,03/12/2021,Ohio,MAC,@ Miami (OH),W 3-0,3,NA,52,13,131,0.298,51,2,6,52,3,2,8,1,6,60,NA
2020-2021,03/13/2021,Ohio,MAC,@ Miami (OH),L 2-3,5,NA,61,25,157,0.229,52,4,8,68,6,1,22,2,12,77,NA
2020-2021,03/16/2021,Ohio,MAC,@ Kent St.,W 3-2,5,NA,65,22,153,0.281,63,5,4,85,9,5,14,3,12,82,1
2020-2021,03/19/2021,Ohio,MAC,Western Mich.,W 3-1,4,NA,61,19,170,0.247,48,4,6,72,NA,3,8,NA,7,72,NA
2020-2021,03/20/2021,Ohio,MAC,Western Mich.,L 2-3,5,NA,70,14,157,0.357,65,6,9,72,7,2,14,2,9,85,NA
2020-2021,03/23/2021,Ohio,MAC,Kent St.,W 3-1,4,NA,63,27,161,0.224,57,4,7,61,3,3,14,NA,10,77,NA
2020-2021,03/26/2021,Ohio,MAC,@ NIU,W 3-0,3,NA,55,11,110,0.4,51,5,6,39,6,2,4,NA,4,64,NA
2020-2021,03/27/2021,Ohio,MAC,@ NIU,W 3-0,3,NA,46,12,93,0.366,41,4,5,40,2,3,14,2,10,60,NA
2020-2021,04/02/2021,Ohio,MAC,"#2 Western Mich. @Bowling Green, OH (20-21 WVB MAC Volleyball Championship)",L 1-3,4,NA,44,17,174,0.155,44,8,6,82,2,1,14,5,8,60,1
2020-2021,01/22/2021,Toledo,MAC,Western Mich.,L 2-3,5,NA,53,25,157,0.178,53,5,8,68,7,NA,20,4,NA,78,NA
2020-2021,01/23/2021,Toledo,MAC,Western Mich.,L 0-3,3,NA,34,19,112,0.134,34,7,6,44,4,3,NA,4,3,44,1
2020-2021,01/28/2021,Toledo,MAC,@ NIU,L 2-3,5,NA,62,23,163,0.239,60,6,12,75,4,7,14,NA,14,82,NA
2020-2021,01/29/2021,Toledo,MAC,@ NIU,W 3-0,3,NA,45,13,109,0.294,41,5,8,55,5,4,6,NA,7,57,NA
2020-2021,02/04/2021,Toledo,MAC,Ball St.,W 3-2,5,NA,69,35,208,0.163,64,3,7,102,5,5,10,3,10,82,NA
2020-2021,02/05/2021,Toledo,MAC,Ball St.,L 2-3,5,NA,57,25,182,0.176,54,13,9,78,6,1,26,2,14,84,1
2020-2021,02/12/2021,Toledo,MAC,@ Miami (OH),Ppd,NA,NA,NA,NA,NA,NA,NA,NA,NA,NA,NA,NA,NA,NA,NA,NA,NA
2020-2021,02/20/2021,Toledo,MAC,Kent St.,L 0-3,3,NA,29,15,107,0.131,28,4,6,31,5,2,8,1,6,39,NA
2020-2021,02/21/2021,Toledo,MAC,Kent St.,L 0-3,3,NA,28,19,122,0.074,27,6,7,55,5,2,5,1,4.5,38.5,NA
2020-2021,02/25/2021,Toledo,MAC,@ Ohio,Ppd,NA,NA,NA,NA,NA,NA,NA,NA,NA,NA,NA,NA,NA,NA,NA,NA,NA
2020-2021,02/26/2021,Toledo,MAC,@ Ohio,L 2-3,5,NA,53,25,153,0.183,41,5,9,58,8,3,14,NA,10,68,5
2020-2021,03/05/2021,Toledo,MAC,@ Eastern Mich.,L 0-3,3,NA,24,22,89,0.022,21,2,3,28,5,2,14,NA,9,35,NA
2020-2021,03/06/2021,Toledo,MAC,@ Eastern Mich.,W 3-0,3,NA,43,19,121,0.198,38,7,1,49,4,2,12,NA,8,58,NA
2020-2021,03/09/2021,Toledo,MAC,@ Miami (OH),L 0-3,3,NA,32,15,92,0.185,28,2,9,36,5,4,18,1,13,47,NA
2020-2021,03/12/2021,Toledo,MAC,Central Mich.,L 1-3,4,NA,46,20,128,0.203,42,3,7,49,8,4,12,NA,10,59,NA
2020-2021,03/13/2021,Toledo,MAC,Central Mich.,L 2-3,5,NA,61,30,182,0.17,55,5,5,87,8,3,14,1,10,76,NA
2020-2021,03/16/2021,Toledo,MAC,Bowling Green,L 1-3,4,NA,47,31,133,0.12,43,3,12,50,5,3,10,1,8,58,NA
2020-2021,03/19/2021,Toledo,MAC,Buffalo,W 3-2,5,NA,68,22,171,0.269,61,8,9,69,8,2,14,1,9,85,NA
2020-2021,03/20/2021,Toledo,MAC,Buffalo,W 3-1,4,NA,56,13,146,0.295,45,8,4,58,3,4,14,NA,11,75,NA
2020-2021,03/23/2021,Toledo,MAC,@ Bowling Green,W 3-2,5,NA,70,30,172,0.233,67,5,8,71,1,4,21,4,14.5,89.5,1
2020-2021,03/26/2021,Toledo,MAC,@ Akron,L 2-3,5,NA,59,25,159,0.214,53,5,7,61,6,2,8,1,6,70,NA
2020-2021,03/27/2021,Toledo,MAC,@ Akron,L 2-3,5,NA,64,29,173,0.202,53,8,8,74,13,1,18,NA,10,82,NA
2020-2021,01/22/2021,Western Mich.,MAC,@ Toledo,W 3-2,5,NA,63,NA,181,0.122,59,7,7,68,5,5,4,NA,7,77,2
2020-2021,01/23/2021,Western Mich.,MAC,@ Toledo,W 3-0,3,NA,45,14,110,0.282,43,4,4,49,7,4,6,3,7,56,NA
2020-2021,01/28/2021,Western Mich.,MAC,Bowling Green,L 0-3,3,NA,33,16,99,0.172,31,4,6,39,6,NA,12,NA,6,43,NA
2020-2021,01/29/2021,Western Mich.,MAC,Bowling Green,L 0-3,3,NA,33,24,119,0.076,31,8,3,52,5,1,4,NA,3,44,1
2020-2021,02/04/2021,Western Mich.,MAC,@ Eastern Mich.,W 3-0,3,NA,40,12,101,0.277,35,3,4,52,NA,5,4,NA,7,50,NA
2020-2021,02/05/2021,Western Mich.,MAC,@ Eastern Mich.,W 3-1,4,NA,65,15,171,0.292,64,4,4,87,3,3,2,NA,4,73,3
2020-2021,02/11/2021,Western Mich.,MAC,Central Mich.,W 3-1,4,NA,62,20,157,0.268,57,3,5,73,6,1,22,NA,12,77,1
2020-2021,02/12/2021,Western Mich.,MAC,Central Mich.,W 3-1,4,NA,61,21,146,0.274,56,5,7,62,7,2,18,NA,11,77,1
2020-2021,02/18/2021,Western Mich.,MAC,@ Miami (OH),L 1-3,4,NA,52,23,159,0.182,47,3,7,60,6,NA,14,NA,7,62,NA
2020-2021,02/19/2021,Western Mich.,MAC,@ Miami (OH),W 3-0,3,NA,48,7,114,0.36,44,4,7,51,2,1,6,1,4,56,1
2020-2021,02/25/2021,Western Mich.,MAC,Ball St.,Ppd,NA,NA,NA,NA,NA,NA,NA,NA,NA,NA,NA,NA,NA,NA,NA,NA,NA
2020-2021,03/04/2021,Western Mich.,MAC,Buffalo,W 3-2,5,NA,73,18,161,0.342,62,9,6,86,5,2,16,1,10,92,2
2020-2021,03/05/2021,Western Mich.,MAC,Buffalo,W 3-0,3,NA,46,19,115,0.235,39,5,8,48,3,2,10,NA,7,58,NA
2020-2021,03/07/2021,Western Mich.,MAC,Ball St.,W 3-0,3,NA,52,12,133,0.301,48,NA,8,55,3,2,4,NA,4,56,NA
2020-2021,03/12/2021,Western Mich.,MAC,@ Akron,W 3-1,4,NA,59,26,172,0.192,57,6,6,83,7,1,4,1,3,68,NA
2020-2021,03/13/2021,Western Mich.,MAC,@ Akron,W 3-0,3,NA,51,17,141,0.241,50,2,5,70,3,1,14,1,8,61,NA
2020-2021,03/16/2021,Western Mich.,MAC,@ NIU,W 3-0,3,NA,60,13,106,0.443,59,1,7,48,NA,NA,2,1,1,62,1
2020-2021,03/19/2021,Western Mich.,MAC,@ Ohio,L 1-3,4,NA,63,23,173,0.231,57,NA,4,81,4,2,6,NA,5,68,1
2020-2021,03/20/2021,Western Mich.,MAC,@ Ohio,W 3-2,5,NA,61,16,154,0.292,57,7,7,66,6,NA,6,NA,3,71,1
2020-2021,03/23/2021,Western Mich.,MAC,NIU,W 3-0,3,NA,49,11,101,0.376,43,5,8,41,1,NA,8,NA,4,58,NA
2020-2021,03/26/2021,Western Mich.,MAC,Kent St.,W 3-0,3,NA,45,10,90,0.389,39,2,2,33,1,2,14,NA,9,56,1
2020-2021,03/27/2021,Western Mich.,MAC,Kent St.,W 3-0,3,NA,46,13,102,0.324,43,3,1,51,4,2,12,NA,8,57,NA
2020-2021,04/02/2021,Western Mich.,MAC,"#3 Ohio @Bowling Green, OH (20-21 WVB MAC Volleyball Championship)",W 3-1,4,NA,68,20,182,0.264,63,2,4,103,8,NA,14,NA,7,77,NA
2020-2021,04/03/2021,Western Mich.,MAC,@#1 Bowling Green 20-21 WVB MAC Volleyball Championship,L 1-3,4,NA,65,26,165,0.236,62,3,3,76,4,NA,8,1,4,72,NA
2020-2021,No data available in table,Bethune-Cookman,MEAC,No data available in table,No data available in table,NA,NA,NA,NA,NA,NA,NA,NA,NA,NA,NA,NA,NA,NA,NA,NA,NA
2020-2021,01/30/2021,Coppin St.,MEAC,@ George Mason,W 3-1,4,NA,57,24,149,0.221,50,13,14,66,5,2,14,1,9,79,1
2020-2021,02/05/2021,Coppin St.,MEAC,@ Temple,L 0-3,3,NA,42,14,129,0.217,41,3,6,54,3,NA,8,NA,4,49,NA
2020-2021,02/11/2021,Coppin St.,MEAC,Villanova,L 2-3,5,NA,56,16,125,0.32,52,6,18,58,7,NA,10,1,5,67,1
2020-2021,02/19/2021,Coppin St.,MEAC,@ Howard,L 2-3,5,NA,55,27,152,0.184,46,5,13,59,13,NA,10,2,5,65,NA
2020-2021,02/21/2021,Coppin St.,MEAC,@ UMBC,L 0-3,3,NA,40,18,131,0.168,36,2,6,38,4,NA,8,4,4,46,NA
2020-2021,02/25/2021,Coppin St.,MEAC,Howard,W 3-1,4,NA,49,13,124,0.29,43,11,11,51,8,NA,16,4,8,68,3
2020-2021,03/04/2021,Coppin St.,MEAC,@ Howard,W 3-1,4,NA,48,20,109,0.257,43,10,9,37,3,2,10,2,7,65,NA
2020-2021,03/05/2021,Coppin St.,MEAC,Howard,W 3-0,3,NA,31,13,71,0.254,27,14,4,19,5,NA,12,4,6,51,NA
2020-2021,03/08/2021,Coppin St.,MEAC,Delaware St.,W 3-0,3,NA,28,15,105,0.124,27,7,9,54,2,NA,14,NA,7,42,1
2020-2021,03/11/2021,Coppin St.,MEAC,@ Morgan St.,W 3-1,4,NA,63,21,157,0.268,57,7,14,67,6,4,8,NA,8,78,NA
2020-2021,03/18/2021,Coppin St.,MEAC,@ Delaware St.,W 3-2,5,NA,63,29,179,0.19,60,8,11,83,4,2,2,1,3,74,1
2020-2021,03/19/2021,Coppin St.,MEAC,Delaware St.,W 3-1,4,NA,39,16,125,0.184,38,6,6,53,4,2,16,2,10,55,NA
2020-2021,03/22/2021,Coppin St.,MEAC,Morgan St.,W 3-1,4,NA,60,15,156,0.288,53,3,5,70,4,1,6,4,4,67,NA
2020-2021,03/28/2021,Coppin St.,MEAC,Morgan St.,W 3-0,3,NA,45,14,117,0.265,40,6,3,59,1,NA,10,NA,5,56,NA
2020-2021,04/02/2021,Coppin St.,MEAC,"#2 N.C. Central @Norfolk, VA (20-21 WVB MEAC Volleyball Championship)",W 3-0,3,NA,40,21,139,0.137,38,2,5,76,4,4,12,1,10,52,NA
2020-2021,04/03/2021,Coppin St.,MEAC,"#1 N.C. A&T @Norfolk, VA (20-21 WVB MEAC Volleyball Championship)",L 1-3,4,NA,41,27,134,0.104,37,5,7,50,8,NA,6,3,3,49,1
2020-2021,01/24/2021,Delaware St.,MEAC,@ Old Dominion,L 2-3,5,NA,54,29,132,0.189,50,10,10,47,7,NA,22,NA,11,75,2
2020-2021,01/30/2021,Delaware St.,MEAC,George Washington,W 3-1,4,NA,52,15,118,0.314,49,11,10,40,7,3,22,3,14,77,NA
2020-2021,02/04/2021,Delaware St.,MEAC,@ Norfolk St.,W 3-1,4,NA,48,23,130,0.192,47,8,14,62,9,NA,6,6,3,59,2
2020-2021,02/08/2021,Delaware St.,MEAC,Norfolk St.,W 3-0,3,NA,40,12,90,0.311,36,11,9,46,4,1,8,NA,5,56,2
2020-2021,03/05/2021,Delaware St.,MEAC,St. Mary's (MD),W 3-0,3,NA,39,10,68,0.426,34,8,7,31,2,2,6,1,5,52,NA
2020-2021,03/08/2021,Delaware St.,MEAC,@ Coppin St.,L 0-3,3,NA,32,29,118,0.025,31,2,9,57,7,1,12,1,7,41,2
2020-2021,03/15/2021,Delaware St.,MEAC,Morgan St.,W 3-0,3,NA,49,16,112,0.295,48,8,7,42,2,1,12,5,7,64,NA
2020-2021,03/18/2021,Delaware St.,MEAC,Coppin St.,L 2-3,5,NA,60,20,175,0.229,59,4,15,77,8,2,16,NA,10,74,1
2020-2021,03/19/2021,Delaware St.,MEAC,@ Coppin St.,L 1-3,4,NA,52,32,150,0.133,50,4,13,61,6,2,12,NA,8,64,2
2020-2021,03/22/2021,Delaware St.,MEAC,Howard,W 3-1,4,NA,56,15,129,0.318,53,10,13,46,7,1,14,2,8,74,NA
2020-2021,03/25/2021,Delaware St.,MEAC,Morgan St.,W 3-1,4,NA,62,24,137,0.277,60,7,8,60,6,2,18,5,11,80,1
2020-2021,03/26/2021,Delaware St.,MEAC,@ Morgan St.,W 3-0,3,NA,38,16,95,0.232,35,9,11,30,1,3,10,1,8,55,NA
2020-2021,03/28/2021,Delaware St.,MEAC,@ Howard,W 3-2,5,NA,55,25,129,0.233,47,NA,11,44,4,3,4,1,5,75,2
2020-2021,04/02/2021,Delaware St.,MEAC,"#1 N.C. A&T @Norfolk, VA (20-21 WVB MEAC Volleyball Championship)",L 2-3,5,NA,NA,NA,NA,0.169,NA,9,15,84,10,NA,20,4,10,84,1
2020-2021,No data available in table,Florida A&M,MEAC,No data available in table,No data available in table,NA,NA,NA,NA,NA,NA,NA,NA,NA,NA,NA,NA,NA,NA,NA,NA,NA
2020-2021,01/29/2021,Howard,MEAC,George Mason,W 3-0,3,NA,33,11,71,0.31,31,10,9,33,4,1,8,NA,5,48,NA
2020-2021,02/09/2021,Howard,MEAC,@ George Washington,L 2-3,5,NA,46,28,141,0.128,44,11,14,66,NA,1,6,1,4,61,2
2020-2021,02/19/2021,Howard,MEAC,Coppin St.,W 3-2,5,NA,58,24,149,0.228,53,13,NA,64,5,1,14,2,8,79,NA
2020-2021,02/21/2021,Howard,MEAC,@ George Mason,Canceled,NA,NA,NA,NA,NA,NA,NA,NA,NA,NA,NA,NA,NA,NA,NA,NA,NA
2020-2021,02/25/2021,Howard,MEAC,@ Coppin St.,L 1-3,4,NA,46,25,121,0.174,44,8,12,55,11,NA,6,NA,3,57,2
2020-2021,03/04/2021,Howard,MEAC,Coppin St.,L 1-3,4,NA,46,24,120,0.183,39,3,13,35,10,2,8,2,6,55,NA
2020-2021,03/05/2021,Howard,MEAC,@ Coppin St.,L 0-3,3,NA,23,21,66,0.03,23,5,8,20,14,NA,8,1,4,32,1
2020-2021,03/22/2021,Howard,MEAC,@ Delaware St.,L 1-3,4,NA,49,24,125,0.2,40,7,10,51,10,1,NA,NA,1,57,NA
2020-2021,03/28/2021,Howard,MEAC,Delaware St.,L 2-3,5,NA,46,17,119,0.244,42,5,NA,36,15,NA,6,1,8,59,1
2020-2021,01/23/2021,Morgan St.,MEAC,@ Temple,L 2-3,5,NA,49,25,155,0.155,46,8,4,62,11,3,10,4,8,65,3
2020-2021,01/29/2021,Morgan St.,MEAC,George Washington,W 3-0,3,NA,36,17,107,0.178,32,2,4,52,6,2,6,NA,5,43,NA
2020-2021,03/11/2021,Morgan St.,MEAC,Coppin St.,L 1-3,4,NA,50,21,152,0.191,40,6,9,60,7,NA,8,1,4,60,NA
2020-2021,03/15/2021,Morgan St.,MEAC,@ Delaware St.,L 0-3,3,NA,40,16,107,0.224,35,2,2,42,8,NA,8,NA,4,46,NA
2020-2021,03/22/2021,Morgan St.,MEAC,@ Coppin St.,L 1-3,4,NA,57,16,150,0.273,55,4,9,67,3,NA,6,1,3,64,NA
2020-2021,03/25/2021,Morgan St.,MEAC,@ Delaware St.,L 1-3,4,NA,42,24,138,0.13,37,6,4,45,7,2,8,1,6,54,NA
2020-2021,03/26/2021,Morgan St.,MEAC,Delaware St.,L 0-3,3,NA,25,25,91,NA,21,1,1,34,9,NA,NA,NA,NA,26,2
2020-2021,03/28/2021,Morgan St.,MEAC,@ Coppin St.,L 0-3,3,NA,27,21,116,0.052,26,1,3,53,6,NA,14,3,7,35,NA
2020-2021,01/27/2021,N.C. A&T,MEAC,@ UNC Greensboro,Ppd,NA,NA,NA,NA,NA,NA,NA,NA,NA,NA,NA,NA,NA,NA,NA,NA,NA
2020-2021,01/29/2021,N.C. A&T,MEAC,@ Davidson,Canceled,NA,NA,NA,NA,NA,NA,NA,NA,NA,NA,NA,NA,NA,NA,NA,NA,NA
2020-2021,01/31/2021,N.C. A&T,MEAC,Davidson,Canceled,NA,NA,NA,NA,NA,NA,NA,NA,NA,NA,NA,NA,NA,NA,NA,NA,NA
2020-2021,02/05/2021,N.C. A&T,MEAC,East Carolina,L 1-3,4,NA,41,26,144,0.104,36,8,10,59,7,1,12,1,7,56,1
2020-2021,02/11/2021,N.C. A&T,MEAC,Norfolk St.,W 3-0,3,NA,44,12,91,0.352,39,6,11,46,2,2,10,NA,7,57,NA
2020-2021,02/12/2021,N.C. A&T,MEAC,Norfolk St.,W 3-0,3,NA,42,15,98,0.276,39,11,13,40,2,2,6,NA,5,58,NA
2020-2021,02/19/2021,N.C. A&T,MEAC,@ N.C. Central,W 3-0,3,NA,43,19,98,0.245,39,6,7,37,2,1,6,1,4,53,1
2020-2021,02/20/2021,N.C. A&T,MEAC,@ N.C. Central,W 3-0,3,NA,47,12,104,0.337,45,1,5,44,7,2,8,1,6,54,NA
2020-2021,02/25/2021,N.C. A&T,MEAC,@ South Carolina St.,W 3-0,3,NA,37,9,74,0.378,33,8,8,39,3,NA,4,NA,2,47,1
2020-2021,02/26/2021,N.C. A&T,MEAC,@ South Carolina St.,W 3-0,3,NA,45,6,84,0.464,43,3,8,43,2,3,4,NA,5,53,NA
2020-2021,03/04/2021,N.C. A&T,MEAC,N.C. Central,Ppd,NA,NA,NA,NA,NA,NA,NA,NA,NA,NA,NA,NA,NA,NA,NA,NA,NA
2020-2021,03/05/2021,N.C. A&T,MEAC,N.C. Central,Ppd,NA,NA,NA,NA,NA,NA,NA,NA,NA,NA,NA,NA,NA,NA,NA,NA,NA
2020-2021,03/11/2021,N.C. A&T,MEAC,South Carolina St.,W 3-0,3,NA,42,10,73,0.438,38,7,8,44,2,2,2,NA,3,52,NA
2020-2021,03/12/2021,N.C. A&T,MEAC,South Carolina St.,W 3-0,3,NA,38,14,80,0.3,37,13,11,36,NA,2,4,NA,4,55,NA
2020-2021,03/18/2021,N.C. A&T,MEAC,@ Norfolk St.,Canceled,NA,NA,NA,NA,NA,NA,NA,NA,NA,NA,NA,NA,NA,NA,NA,NA,NA
2020-2021,03/19/2021,N.C. A&T,MEAC,@ Norfolk St.,Canceled,NA,NA,NA,NA,NA,NA,NA,NA,NA,NA,NA,NA,NA,NA,NA,NA,NA
2020-2021,03/26/2021,N.C. A&T,MEAC,@ East Carolina,W 3-2,5,NA,60,28,174,0.184,56,5,13,67,7,1,8,NA,5,70,2
2020-2021,03/28/2021,N.C. A&T,MEAC,N.C. Central,Canceled,NA,NA,NA,NA,NA,NA,NA,NA,NA,NA,NA,NA,NA,NA,NA,NA,NA
2020-2021,04/02/2021,N.C. A&T,MEAC,"#2 Delaware St. @Norfolk, VA (20-21 WVB MEAC Volleyball Championship)",W 3-2,5,NA,64,31,185,0.178,61,10,14,NA,9,2,NA,NA,NA,NA,1
2020-2021,04/03/2021,N.C. A&T,MEAC,"#1 Coppin St. @Norfolk, VA (20-21 WVB MEAC Volleyball Championship)",W 3-1,4,NA,49,15,131,0.26,47,8,11,57,5,NA,14,4,7,64,NA
2020-2021,04/14/2021,N.C. A&T,MEAC,"Rice @Omaha, NE (2020 NCAA DI Women's Volleyball Championship)",Canceled,NA,NA,NA,NA,NA,NA,NA,NA,NA,NA,NA,NA,NA,NA,NA,NA,NA
2020-2021,04/15/2021,N.C. A&T,MEAC,"#13 Penn St. @Omaha, NE (2020 NCAA DI Women's Volleyball Championship)",L 0-3,3,NA,27,16,83,0.133,26,1,7,26,7,NA,8,NA,4,32,1
2020-2021,02/11/2021,N.C. Central,MEAC,@ South Carolina St.,W 3-0,3,NA,38,9,67,0.433,33,12,10,38,1,4,6,NA,7,57,2
2020-2021,02/12/2021,N.C. Central,MEAC,@ South Carolina St.,W 3-0,3,NA,40,11,89,0.326,38,7,9,44,1,NA,8,1,4,51,NA
2020-2021,02/19/2021,N.C. Central,MEAC,N.C. A&T,L 0-3,3,NA,26,20,85,0.071,23,2,4,33,6,NA,8,NA,4,32,NA
2020-2021,02/20/2021,N.C. Central,MEAC,N.C. A&T,L 0-3,3,NA,29,17,94,0.128,27,7,3,40,1,1,4,3,3,39,NA
2020-2021,02/26/2021,N.C. Central,MEAC,Norfolk St.,Ppd,NA,NA,NA,NA,NA,NA,NA,NA,NA,NA,NA,NA,NA,NA,NA,NA,NA
2020-2021,02/27/2021,N.C. Central,MEAC,Norfolk St.,Ppd,NA,NA,NA,NA,NA,NA,NA,NA,NA,NA,NA,NA,NA,NA,NA,NA,NA
2020-2021,03/04/2021,N.C. Central,MEAC,@ N.C. A&T,Ppd,NA,NA,NA,NA,NA,NA,NA,NA,NA,NA,NA,NA,NA,NA,NA,NA,NA
2020-2021,03/05/2021,N.C. Central,MEAC,@ N.C. A&T,Ppd,NA,NA,NA,NA,NA,NA,NA,NA,NA,NA,NA,NA,NA,NA,NA,NA,NA
2020-2021,03/11/2021,N.C. Central,MEAC,@ Norfolk St.,Canceled,NA,NA,NA,NA,NA,NA,NA,NA,NA,NA,NA,NA,NA,NA,NA,NA,NA
2020-2021,03/12/2021,N.C. Central,MEAC,@ Norfolk St.,Canceled,NA,NA,NA,NA,NA,NA,NA,NA,NA,NA,NA,NA,NA,NA,NA,NA,NA
2020-2021,03/23/2021,N.C. Central,MEAC,South Carolina St.,W 3-0,3,NA,46,5,82,0.5,43,13,10,38,3,1,6,1,4,63,NA
2020-2021,03/24/2021,N.C. Central,MEAC,South Carolina St.,W 3-0,3,NA,37,6,66,0.47,33,12,5,39,1,NA,4,NA,2,51,NA
2020-2021,03/28/2021,N.C. Central,MEAC,@ N.C. A&T,Canceled,NA,NA,NA,NA,NA,NA,NA,NA,NA,NA,NA,NA,NA,NA,NA,NA,NA
2020-2021,04/02/2021,N.C. Central,MEAC,"#1 Coppin St. @Norfolk, VA (20-21 WVB MEAC Volleyball Championship)",L 0-3,3,NA,28,26,137,0.015,27,4,5,68,2,1,4,1,3,35,2
2020-2021,01/24/2021,Norfolk St.,MEAC,George Mason,W 3-2,5,NA,48,24,157,0.153,46,6,7,72,8,NA,20,NA,10,64,NA
2020-2021,01/29/2021,Norfolk St.,MEAC,VCU,L 0-3,3,NA,30,22,127,0.063,27,5,8,54,5,1,8,NA,5,40,NA
2020-2021,01/31/2021,Norfolk St.,MEAC,@ Old Dominion,Ppd,NA,NA,NA,NA,NA,NA,NA,NA,NA,NA,NA,NA,NA,NA,NA,NA,NA
2020-2021,02/04/2021,Norfolk St.,MEAC,Delaware St.,L 1-3,4,NA,32,24,126,0.063,29,9,10,50,8,2,12,1,8,49,NA
2020-2021,02/08/2021,Norfolk St.,MEAC,@ Delaware St.,L 0-3,3,NA,22,16,69,0.087,20,4,5,30,11,3,4,1,5,31,1
2020-2021,02/11/2021,Norfolk St.,MEAC,@ N.C. A&T,L 0-3,3,NA,23,17,92,0.065,20,2,7,31,6,1,6,NA,4,29,1
2020-2021,02/12/2021,Norfolk St.,MEAC,@ N.C. A&T,L 0-3,3,NA,19,15,78,0.051,17,2,6,35,11,2,8,NA,6,27,1
2020-2021,02/16/2021,Norfolk St.,MEAC,@ UNCW,Canceled,NA,NA,NA,NA,NA,NA,NA,NA,NA,NA,NA,NA,NA,NA,NA,NA,NA
2020-2021,02/26/2021,Norfolk St.,MEAC,@ N.C. Central,Ppd,NA,NA,NA,NA,NA,NA,NA,NA,NA,NA,NA,NA,NA,NA,NA,NA,NA
2020-2021,02/27/2021,Norfolk St.,MEAC,@ N.C. Central,Ppd,NA,NA,NA,NA,NA,NA,NA,NA,NA,NA,NA,NA,NA,NA,NA,NA,NA
2020-2021,03/11/2021,Norfolk St.,MEAC,N.C. Central,Canceled,NA,NA,NA,NA,NA,NA,NA,NA,NA,NA,NA,NA,NA,NA,NA,NA,NA
2020-2021,03/12/2021,Norfolk St.,MEAC,N.C. Central,Canceled,NA,NA,NA,NA,NA,NA,NA,NA,NA,NA,NA,NA,NA,NA,NA,NA,NA
2020-2021,03/18/2021,Norfolk St.,MEAC,N.C. A&T,Canceled,NA,NA,NA,NA,NA,NA,NA,NA,NA,NA,NA,NA,NA,NA,NA,NA,NA
2020-2021,03/19/2021,Norfolk St.,MEAC,N.C. A&T,Canceled,NA,NA,NA,NA,NA,NA,NA,NA,NA,NA,NA,NA,NA,NA,NA,NA,NA
2020-2021,03/25/2021,Norfolk St.,MEAC,South Carolina St.,Canceled,NA,NA,NA,NA,NA,NA,NA,NA,NA,NA,NA,NA,NA,NA,NA,NA,NA
2020-2021,03/26/2021,Norfolk St.,MEAC,South Carolina St.,Canceled,NA,NA,NA,NA,NA,NA,NA,NA,NA,NA,NA,NA,NA,NA,NA,NA,NA
2020-2021,02/11/2021,South Carolina St.,MEAC,N.C. Central,L 0-3,3,NA,9,17,66,-0.121,9,1,5,19,12,NA,2,2,1,11,2
2020-2021,02/12/2021,South Carolina St.,MEAC,N.C. Central,L 0-3,3,NA,20,15,84,0.06,20,1,8,36,7,NA,NA,3,NA,21,3
2020-2021,02/25/2021,South Carolina St.,MEAC,N.C. A&T,L 0-3,3,NA,12,16,68,-0.059,12,3,13,24,8,1,NA,NA,1,16,1
2020-2021,02/26/2021,South Carolina St.,MEAC,N.C. A&T,L 0-3,3,NA,16,18,83,-0.024,15,2,8,26,3,NA,4,NA,2,20,NA
2020-2021,03/11/2021,South Carolina St.,MEAC,@ N.C. A&T,L 0-3,3,NA,6,21,77,-0.195,6,2,5,18,7,NA,6,NA,3,11,NA
2020-2021,03/12/2021,South Carolina St.,MEAC,@ N.C. A&T,L 0-3,3,NA,13,15,66,-0.03,13,NA,8,24,13,NA,4,1,2,15,NA
2020-2021,03/23/2021,South Carolina St.,MEAC,@ N.C. Central,L 0-3,3,NA,9,12,60,-0.05,9,3,2,24,13,1,2,3,2,14,NA
2020-2021,03/24/2021,South Carolina St.,MEAC,@ N.C. Central,L 0-3,3,NA,3,15,58,-0.207,3,1,5,20,12,NA,4,1,2,6,2
2020-2021,03/25/2021,South Carolina St.,MEAC,@ Norfolk St.,Canceled,NA,NA,NA,NA,NA,NA,NA,NA,NA,NA,NA,NA,NA,NA,NA,NA,NA
2020-2021,03/26/2021,South Carolina St.,MEAC,@ Norfolk St.,Canceled,NA,NA,NA,NA,NA,NA,NA,NA,NA,NA,NA,NA,NA,NA,NA,NA,NA
2020-2021,No data available in table,UMES,MEAC,No data available in table,No data available in table,NA,NA,NA,NA,NA,NA,NA,NA,NA,NA,NA,NA,NA,NA,NA,NA,NA
2020-2021,01/25/2021,Bradley,MVC,@ Illinois St.,L 0-3,3,NA,34,26,121,0.066,33,1,6,50,6,1,4,NA,3,38,1
2020-2021,02/01/2021,Bradley,MVC,Illinois St.,W 3-0,3,NA,38,14,113,0.212,38,7,7,49,7,6,10,NA,11,56,NA
2020-2021,02/07/2021,Bradley,MVC,@ Drake,L 1-3,4,NA,48,31,186,0.091,47,NA,3,86,1,4,6,NA,7,55,1
2020-2021,02/08/2021,Bradley,MVC,@ Drake,L 1-3,4,NA,60,21,176,0.222,56,5,5,90,5,1,8,1,5,70,1
2020-2021,02/14/2021,Bradley,MVC,Indiana St.,W 3-1,4,NA,64,22,194,0.216,61,6,3,105,3,5,12,1,11,81,NA
2020-2021,02/15/2021,Bradley,MVC,Indiana St.,W 3-0,3,NA,42,13,144,0.201,39,4,NA,84,NA,1,12,NA,7,53,NA
2020-2021,02/21/2021,Bradley,MVC,@ Evansville,W 3-1,4,NA,54,21,176,0.188,54,2,2,95,3,2,16,1,10,66,NA
2020-2021,02/22/2021,Bradley,MVC,@ Evansville,W 3-0,3,NA,42,14,145,0.193,40,4,2,70,3,2,18,3,11,57,NA
2020-2021,02/28/2021,Bradley,MVC,Southern Ill.,W 3-1,4,NA,57,16,158,0.259,53,5,5,81,5,6,10,NA,11,73,NA
2020-2021,03/01/2021,Bradley,MVC,Southern Ill.,W 3-1,4,NA,62,15,151,0.311,59,10,2,71,4,2,4,NA,4,76,NA
2020-2021,03/07/2021,Bradley,MVC,@ Valparaiso,L 0-3,3,NA,37,17,137,0.146,36,2,6,61,4,2,10,2,7,46,NA
2020-2021,03/08/2021,Bradley,MVC,@ Valparaiso,W 3-1,4,NA,65,25,180,0.222,62,1,4,102,3,1,12,1,7,73,NA
2020-2021,03/14/2021,Bradley,MVC,Loyola Chicago,W 3-0,3,NA,44,16,118,0.237,42,6,3,56,5,2,10,NA,7,57,1
2020-2021,03/15/2021,Bradley,MVC,Loyola Chicago,W 3-0,3,NA,35,10,102,0.245,33,7,1,52,5,5,18,NA,14,56,NA
2020-2021,03/21/2021,Bradley,MVC,@ Missouri St.,W 3-0,3,NA,43,14,99,0.293,42,5,2,41,3,2,12,NA,8,56,NA
2020-2021,03/22/2021,Bradley,MVC,@ Missouri St.,L 1-3,4,NA,49,30,156,0.122,46,5,5,65,11,NA,16,1,8,62,NA
2020-2021,03/27/2021,Bradley,MVC,UNI,W 3-2,5,NA,59,26,189,0.175,58,6,4,97,5,1,14,NA,8,73,2
2020-2021,03/28/2021,Bradley,MVC,UNI,L 1-3,4,NA,42,22,153,0.131,38,7,1,84,10,NA,14,NA,7,56,1
2020-2021,04/01/2021,Bradley,MVC,"#5 Valparaiso @Normal, IL (20-21 WVB MVC Volleyball Championship)",Canceled,NA,NA,NA,NA,NA,NA,NA,NA,NA,NA,NA,NA,NA,NA,NA,NA,NA
2020-2021,04/02/2021,Bradley,MVC,@#1 Illinois St. 20-21 WVB MVC Volleyball Championship,L 1-3,4,NA,46,23,181,0.127,43,5,4,70,3,2,14,NA,9,60,1
2020-2021,01/22/2021,Drake,MVC,UNI,W 3-1,4,NA,52,18,166,0.205,51,5,9,75,6,1,18,NA,10,67,2
2020-2021,01/23/2021,Drake,MVC,Western Ill.,W 3-1,4,NA,49,20,151,0.192,48,7,4,63,3,1,16,NA,9,65,NA
2020-2021,01/24/2021,Drake,MVC,South Dakota St.,W 3-0,3,NA,41,11,127,0.236,39,2,4,62,6,2,6,1,5,48,1
2020-2021,01/29/2021,Drake,MVC,@ UNI,W 3-1,4,NA,39,17,141,0.156,37,6,2,63,5,NA,4,2,2,47,NA
2020-2021,01/31/2021,Drake,MVC,"Marquette @Cedar Falls, IA",L 0-3,3,NA,30,15,131,0.115,27,2,6,70,4,NA,12,2,6,38,2
2020-2021,02/07/2021,Drake,MVC,Bradley,W 3-1,4,NA,53,19,162,0.21,51,1,4,92,NA,2,12,NA,8,62,NA
2020-2021,02/08/2021,Drake,MVC,Bradley,W 3-1,4,NA,61,9,180,0.289,58,5,8,85,5,2,6,1,5,71,NA
2020-2021,02/14/2021,Drake,MVC,@ Illinois St.,L 0-3,3,NA,36,20,122,0.131,35,2,6,56,3,NA,6,2,3,41,NA
2020-2021,02/15/2021,Drake,MVC,@ Illinois St.,L 1-3,4,NA,40,26,188,0.074,38,5,9,87,7,1,20,NA,11,56,NA
2020-2021,02/21/2021,Drake,MVC,@ Missouri St.,Ppd,NA,NA,NA,NA,NA,NA,NA,NA,NA,NA,NA,NA,NA,NA,NA,NA,NA
2020-2021,02/22/2021,Drake,MVC,@ Missouri St.,Ppd,NA,NA,NA,NA,NA,NA,NA,NA,NA,NA,NA,NA,NA,NA,NA,NA,NA
2020-2021,02/28/2021,Drake,MVC,Valparaiso,L 1-3,4,NA,42,21,176,0.119,41,1,4,79,8,1,20,NA,11,54,NA
2020-2021,03/01/2021,Drake,MVC,Valparaiso,L 2-3,5,NA,62,19,226,0.19,60,6,6,113,4,6,20,NA,16,84,NA
2020-2021,03/07/2021,Drake,MVC,Evansville,W 3-1,4,NA,73,24,200,0.245,70,4,7,91,6,NA,14,NA,7,84,NA
2020-2021,03/08/2021,Drake,MVC,Evansville,W 3-1,4,NA,54,20,157,0.217,53,8,3,87,6,2,14,1,9,71,NA
2020-2021,03/14/2021,Drake,MVC,@ Indiana St.,W 3-0,3,NA,49,9,128,0.313,45,4,1,72,6,NA,6,1,3,56,1
2020-2021,03/15/2021,Drake,MVC,@ Indiana St.,W 3-2,5,NA,64,22,206,0.204,63,6,5,109,5,1,20,NA,11,81,1
2020-2021,03/21/2021,Drake,MVC,Southern Ill.,W 3-0,3,NA,42,12,109,0.275,39,6,3,61,2,NA,4,NA,2,50,NA
2020-2021,03/22/2021,Drake,MVC,Southern Ill.,W 3-1,4,NA,59,23,184,0.196,58,4,5,98,3,5,14,2,12,75,NA
2020-2021,03/27/2021,Drake,MVC,@ Loyola Chicago,L 0-3,3,NA,41,17,116,0.207,40,4,3,43,7,1,8,1,5,50,2
2020-2021,03/28/2021,Drake,MVC,@ Loyola Chicago,W 3-1,4,NA,53,15,149,0.255,48,6,8,58,7,2,NA,NA,16,75,NA
2020-2021,04/01/2021,Drake,MVC,"#7 UNI @Normal, IL (20-21 WVB MVC Volleyball Championship)",L 0-3,3,NA,30,16,124,0.113,30,NA,4,56,7,NA,8,1,4,34,1
2020-2021,01/25/2021,Evansville,MVC,@ Indiana St.,W 3-0,3,NA,43,13,127,0.236,41,4,7,69,2,2,8,NA,6,53,1
2020-2021,01/29/2021,Evansville,MVC,Indiana St.,L 1-3,4,NA,51,20,140,0.221,51,5,6,53,5,NA,10,3,5,61,NA
2020-2021,01/31/2021,Evansville,MVC,"Saint Louis @Bowling Green, KY",W 3-2,5,NA,48,20,159,0.176,47,3,11,79,11,1,16,1,9,60,1
2020-2021,01/31/2021,Evansville,MVC,@ Western Ky.,L 0-3,3,NA,21,23,94,-0.021,20,2,4,34,6,1,6,NA,4,27,1
2020-2021,02/07/2021,Evansville,MVC,UNI,L 1-3,4,NA,46,23,140,0.164,43,6,6,49,8,5,16,NA,13,65,NA
2020-2021,02/08/2021,Evansville,MVC,UNI,L 0-3,3,NA,29,18,98,0.112,27,1,9,37,5,NA,10,1,5,35,NA
2020-2021,02/14/2021,Evansville,MVC,@ Loyola Chicago,L 2-3,5,NA,54,22,178,0.18,48,1,8,70,9,2,14,2,9,64,3
2020-2021,02/15/2021,Evansville,MVC,@ Loyola Chicago,W 3-2,5,NA,50,22,189,0.148,46,6,10,93,5,1,26,NA,14,70,2
2020-2021,02/21/2021,Evansville,MVC,Bradley,L 1-3,4,NA,60,28,200,0.16,60,3,9,91,2,3,6,2,6,69,NA
2020-2021,02/22/2021,Evansville,MVC,Bradley,L 0-3,3,NA,39,25,153,0.092,39,3,5,74,4,3,4,NA,5,47,NA
2020-2021,02/28/2021,Evansville,MVC,@ Missouri St.,L 0-3,3,NA,32,22,133,0.075,29,1,2,55,2,NA,10,1,5,38,NA
2020-2021,03/01/2021,Evansville,MVC,@ Missouri St.,L 2-3,5,NA,64,17,174,0.27,61,4,10,78,10,NA,8,NA,4,72,3
2020-2021,03/07/2021,Evansville,MVC,@ Drake,L 1-3,4,NA,54,19,177,0.198,51,6,5,90,4,4,12,NA,10,70,NA
2020-2021,03/08/2021,Evansville,MVC,@ Drake,L 1-3,4,NA,42,22,165,0.121,41,6,7,78,8,2,10,1,7,55,NA
2020-2021,03/14/2021,Evansville,MVC,Southern Ill.,W 3-1,4,NA,59,14,169,0.266,56,4,6,92,8,2,16,1,10,73,NA
2020-2021,03/15/2021,Evansville,MVC,Southern Ill.,W 3-0,3,NA,45,8,117,0.316,44,5,5,55,4,3,8,NA,7,57,NA
2020-2021,03/21/2021,Evansville,MVC,@ Illinois St.,L 0-3,3,NA,34,15,114,0.167,30,3,8,45,6,1,4,NA,3,40,NA
2020-2021,03/22/2021,Evansville,MVC,@ Illinois St.,L 0-3,3,NA,33,15,120,0.15,30,4,5,56,5,1,12,NA,7,44,1
2020-2021,03/27/2021,Evansville,MVC,Valparaiso,W 3-0,3,NA,44,18,122,0.213,43,5,4,54,2,NA,14,NA,7,56,NA
2020-2021,03/28/2021,Evansville,MVC,Valparaiso,L 1-3,4,NA,47,19,153,0.183,45,5,6,62,7,1,18,4,10,62,NA
2020-2021,01/22/2021,Illinois St.,MVC,@ Marquette,L 0-3,3,NA,32,23,113,0.08,30,5,2,48,5,5,8,NA,9,46,NA
2020-2021,01/23/2021,Illinois St.,MVC,@ Marquette,W 3-2,5,NA,61,25,165,0.218,56,6,11,86,9,5,22,1,16,83,NA
2020-2021,01/25/2021,Illinois St.,MVC,Bradley,W 3-0,3,NA,35,13,104,0.212,34,6,6,49,1,5,16,4,13,54,NA
2020-2021,01/29/2021,Illinois St.,MVC,Cincinnati,L 1-3,4,NA,50,25,170,0.147,44,9,3,66,4,4,10,2,9,68,1
2020-2021,01/30/2021,Illinois St.,MVC,Cincinnati,W 3-0,3,NA,45,16,124,0.234,44,9,5,64,2,3,8,1,7,61,1
2020-2021,02/01/2021,Illinois St.,MVC,@ Bradley,L 0-3,3,NA,44,26,122,0.148,43,8,3,51,7,1,10,NA,6,58,NA
2020-2021,02/07/2021,Illinois St.,MVC,@ Indiana St.,W 3-2,5,NA,58,26,183,0.175,54,8,6,85,5,2,16,NA,10,76,2
2020-2021,02/08/2021,Illinois St.,MVC,@ Indiana St.,L 1-3,4,NA,53,33,171,0.117,49,4,3,74,3,3,16,NA,11,68,3
2020-2021,02/14/2021,Illinois St.,MVC,Drake,W 3-0,3,NA,46,18,131,0.214,46,3,5,63,2,NA,16,3,8,57,1
2020-2021,02/15/2021,Illinois St.,MVC,Drake,W 3-1,4,NA,56,24,182,0.176,54,7,10,107,5,2,14,1,9,72,1
2020-2021,02/21/2021,Illinois St.,MVC,Valparaiso,W 3-1,4,NA,64,20,184,0.239,58,9,5,91,4,1,11,1,6.5,79.5,2
2020-2021,02/22/2021,Illinois St.,MVC,Valparaiso,L 2-3,5,NA,59,31,197,0.142,52,7,11,82,7,3,12,3,9,75,1
2020-2021,02/28/2021,Illinois St.,MVC,@ Loyola Chicago,Ppd,NA,NA,NA,NA,NA,NA,NA,NA,NA,NA,NA,NA,NA,NA,NA,NA,NA
2020-2021,03/01/2021,Illinois St.,MVC,@ Loyola Chicago,Ppd,NA,NA,NA,NA,NA,NA,NA,NA,NA,NA,NA,NA,NA,NA,NA,NA,NA
2020-2021,03/07/2021,Illinois St.,MVC,@ UNI,Ppd,NA,NA,NA,NA,NA,NA,NA,NA,NA,NA,NA,NA,NA,NA,NA,NA,NA
2020-2021,03/08/2021,Illinois St.,MVC,@ UNI,Ppd,NA,NA,NA,NA,NA,NA,NA,NA,NA,NA,NA,NA,NA,NA,NA,NA,NA
2020-2021,03/10/2021,Illinois St.,MVC,@ Iowa St.,Canceled,NA,NA,NA,NA,NA,NA,NA,NA,NA,NA,NA,NA,NA,NA,NA,NA,NA
2020-2021,03/14/2021,Illinois St.,MVC,Missouri St.,W 3-0,3,NA,50,24,126,0.206,45,3,5,57,2,1,17,NA,9.5,62.5,1
2020-2021,03/15/2021,Illinois St.,MVC,Missouri St.,W 3-1,4,NA,61,24,169,0.219,59,4,6,81,4,2,18,1,11,76,1
2020-2021,03/21/2021,Illinois St.,MVC,Evansville,W 3-0,3,NA,45,10,109,0.321,43,6,4,54,3,1,14,NA,8,59,NA
2020-2021,03/22/2021,Illinois St.,MVC,Evansville,W 3-0,3,NA,49,20,133,0.218,47,5,6,57,4,1,16,1,9,63,1
2020-2021,03/27/2021,Illinois St.,MVC,@ Southern Ill.,W 3-0,3,NA,45,15,106,0.283,38,5,6,38,4,2,8,1,6,56,NA
2020-2021,03/28/2021,Illinois St.,MVC,@ Southern Ill.,W 3-0,3,NA,46,9,93,0.398,43,8,6,38,1,NA,4,1,2,56,3
2020-2021,04/01/2021,Illinois St.,MVC,#8 Indiana St. 20-21 WVB MVC Volleyball Championship,W 3-0,3,NA,51,11,112,0.357,48,5,3,60,1,2,8,2,6,62,1
2020-2021,04/02/2021,Illinois St.,MVC,#4 Bradley 20-21 WVB MVC Volleyball Championship,W 3-1,4,NA,68,15,169,0.314,62,3,4,101,5,3,20,NA,13,84,2
2020-2021,04/03/2021,Illinois St.,MVC,#6 Loyola Chicago 20-21 WVB MVC Volleyball Championship,W 3-1,4,NA,54,19,145,0.241,50,6,5,68,5,5,12,1,11,71,1
2020-2021,04/14/2021,Illinois St.,MVC,"UNLV @Omaha, NE (2020 NCAA DI Women's Volleyball Championship)",L 1-3,4,NA,54,20,156,0.218,47,NA,7,55,6,2,12,1,8,62,NA
2020-2021,01/25/2021,Indiana St.,MVC,Evansville,L 0-3,3,NA,45,24,148,0.142,41,2,1,68,4,NA,6,NA,3,50,NA
2020-2021,01/29/2021,Indiana St.,MVC,@ Evansville,W 3-1,4,NA,62,17,139,0.324,59,5,6,61,5,NA,12,1,6,73,NA
2020-2021,02/04/2021,Indiana St.,MVC,@ Butler,L 2-3,5,NA,60,24,188,0.191,55,6,5,87,10,1,6,2,4,70,NA
2020-2021,02/07/2021,Indiana St.,MVC,Illinois St.,L 2-3,5,NA,54,21,182,0.181,47,5,12,84,8,NA,16,NA,8,67,2
2020-2021,02/08/2021,Indiana St.,MVC,Illinois St.,W 3-1,4,NA,51,17,156,0.218,49,3,6,75,4,2,20,NA,12,66,3
2020-2021,02/14/2021,Indiana St.,MVC,@ Bradley,L 1-3,4,NA,55,29,201,0.129,52,3,5,96,6,1,10,NA,6,64,1
2020-2021,02/15/2021,Indiana St.,MVC,@ Bradley,L 0-3,3,NA,40,23,163,0.104,39,NA,3,80,4,NA,4,NA,2,42,1
2020-2021,02/21/2021,Indiana St.,MVC,Loyola Chicago,L 1-3,4,NA,56,24,154,0.208,55,7,5,65,9,NA,12,NA,6,69,2
2020-2021,02/22/2021,Indiana St.,MVC,Loyola Chicago,W 3-0,3,NA,45,9,119,0.303,41,8,6,62,1,1,18,NA,10,63,1
2020-2021,02/28/2021,Indiana St.,MVC,@ UNI,W 3-2,5,NA,49,15,166,0.205,42,8,5,72,3,NA,14,3,7,64,2
2020-2021,03/01/2021,Indiana St.,MVC,@ UNI,L 1-3,4,NA,45,21,153,0.157,40,4,6,65,7,2,2,3,3,52,1
2020-2021,03/07/2021,Indiana St.,MVC,@ Southern Ill.,W 3-0,3,NA,42,11,89,0.348,40,9,2,42,1,1,10,NA,6,57,2
2020-2021,03/08/2021,Indiana St.,MVC,@ Southern Ill.,W 3-1,4,NA,47,15,128,0.25,44,12,6,60,6,1,12,1,7,66,NA
2020-2021,03/14/2021,Indiana St.,MVC,Drake,L 0-3,3,NA,45,19,149,0.174,43,6,1,65,4,NA,8,NA,4,55,NA
2020-2021,03/15/2021,Indiana St.,MVC,Drake,L 2-3,5,NA,67,23,217,0.203,64,5,8,107,6,2,14,NA,9,81,2
2020-2021,03/21/2021,Indiana St.,MVC,@ Valparaiso,L 0-3,3,NA,39,14,125,0.2,33,1,5,47,9,1,12,1,7,47,3
2020-2021,03/22/2021,Indiana St.,MVC,@ Valparaiso,W 3-1,4,NA,60,17,179,0.24,60,7,6,93,4,1,18,1,10,77,1
2020-2021,03/27/2021,Indiana St.,MVC,Missouri St.,L 2-3,5,NA,61,19,198,0.212,58,9,7,100,4,2,10,4,7,77,3
2020-2021,03/28/2021,Indiana St.,MVC,Missouri St.,L 0-3,3,NA,42,25,114,0.149,42,4,8,43,6,1,2,1,2,48,NA
2020-2021,04/01/2021,Indiana St.,MVC,@#1 Illinois St. 20-21 WVB MVC Volleyball Championship,L 0-3,3,NA,34,17,117,0.145,31,1,1,42,5,NA,6,NA,3,38,NA
2020-2021,01/25/2021,Loyola Chicago,MVC,Valparaiso,W 3-2,5,NA,55,33,170,0.129,53,2,12,71,2,2,18,NA,11,68,NA
2020-2021,01/29/2021,Loyola Chicago,MVC,Butler,W 3-2,5,NA,57,33,216,0.111,55,10,8,106,2,2,26,2,15,82,NA
2020-2021,02/01/2021,Loyola Chicago,MVC,@ Valparaiso,L 1-3,4,NA,52,26,162,0.16,49,5,8,64,5,2,16,1,10,67,1
2020-2021,02/07/2021,Loyola Chicago,MVC,@ Southern Ill.,W 3-0,3,NA,43,14,100,0.29,41,7,4,47,6,1,8,3,5,55,1
2020-2021,02/08/2021,Loyola Chicago,MVC,@ Southern Ill.,W 3-0,3,NA,46,18,102,0.275,41,6,8,41,5,1,16,2,9,61,NA
2020-2021,02/14/2021,Loyola Chicago,MVC,Evansville,W 3-2,5,NA,67,29,178,0.213,62,9,2,94,1,NA,18,1,9,85,2
2020-2021,02/15/2021,Loyola Chicago,MVC,Evansville,L 2-3,5,NA,57,NA,205,0.088,56,5,7,102,6,NA,14,1,7,69,3
2020-2021,02/21/2021,Loyola Chicago,MVC,@ Indiana St.,W 3-1,4,NA,47,20,139,0.194,43,9,3,64,7,3,14,NA,10,66,NA
2020-2021,02/22/2021,Loyola Chicago,MVC,@ Indiana St.,L 0-3,3,NA,31,21,126,0.079,25,1,1,56,8,1,4,NA,3,35,NA
2020-2021,02/28/2021,Loyola Chicago,MVC,Illinois St.,Ppd,NA,NA,NA,NA,NA,NA,NA,NA,NA,NA,NA,NA,NA,NA,NA,NA,NA
2020-2021,03/01/2021,Loyola Chicago,MVC,Illinois St.,Ppd,NA,NA,NA,NA,NA,NA,NA,NA,NA,NA,NA,NA,NA,NA,NA,NA,NA
2020-2021,03/07/2021,Loyola Chicago,MVC,Missouri St.,W 3-2,5,NA,73,26,169,0.278,69,3,7,76,3,NA,26,NA,13,NA,1
2020-2021,03/08/2021,Loyola Chicago,MVC,Missouri St.,L 0-3,3,NA,36,27,116,0.078,34,4,5,48,6,NA,10,1,5,45,NA
2020-2021,03/14/2021,Loyola Chicago,MVC,@ Bradley,L 0-3,3,NA,36,24,126,0.095,35,5,2,49,6,3,6,4,6,47,NA
2020-2021,03/15/2021,Loyola Chicago,MVC,@ Bradley,L 0-3,3,NA,42,28,134,0.104,42,5,4,52,7,3,4,1,5,52,1
2020-2021,03/21/2021,Loyola Chicago,MVC,@ UNI,L 2-3,5,NA,41,24,136,0.125,37,7,9,49,9,1,18,2,10,58,NA
2020-2021,03/22/2021,Loyola Chicago,MVC,@ UNI,W 3-1,4,NA,43,16,134,0.201,41,8,10,66,5,4,20,3,14,65,NA
2020-2021,03/27/2021,Loyola Chicago,MVC,Drake,W 3-0,3,NA,48,17,118,0.263,45,7,4,54,4,1,14,1,8,63,NA
2020-2021,03/28/2021,Loyola Chicago,MVC,Drake,L 1-3,4,NA,58,34,165,0.145,56,7,4,72,6,NA,12,NA,6,71,NA
2020-2021,04/01/2021,Loyola Chicago,MVC,"#3 Missouri St. @Normal, IL (20-21 WVB MVC Volleyball Championship)",W 3-2,5,NA,68,25,204,0.211,65,1,8,99,5,5,18,2,14,83,NA
2020-2021,04/02/2021,Loyola Chicago,MVC,"#7 UNI @Normal, IL (20-21 WVB MVC Volleyball Championship)",W 3-1,4,NA,54,20,159,0.214,52,4,5,84,7,NA,16,1,8,66,NA
2020-2021,04/03/2021,Loyola Chicago,MVC,@#1 Illinois St. 20-21 WVB MVC Volleyball Championship,L 1-3,4,NA,44,26,144,0.125,42,5,8,65,6,4,10,3,9,58,NA
2020-2021,09/20/2020,Missouri St.,MVC,@ Little Rock,W 3-0,3,NA,44,20,120,0.2,41,5,3,52,5,NA,10,NA,5,54,NA
2020-2021,10/03/2020,Missouri St.,MVC,Central Ark.,W 3-1,4,NA,49,21,132,0.212,45,12,2,42,2,NA,12,1,6,67,NA
2020-2021,01/22/2021,Missouri St.,MVC,Oral Roberts,W 3-1,4,NA,47,31,148,0.108,44,10,4,66,2,5,12,1,11,68,NA
2020-2021,01/23/2021,Missouri St.,MVC,South Dakota,W 3-2,5,NA,50,29,176,0.119,50,6,10,67,9,4,4,1,6,62,NA
2020-2021,01/24/2021,Missouri St.,MVC,Wichita St.,L 2-3,5,NA,52,38,167,0.084,50,12,9,85,9,2,10,1,7,71,1
2020-2021,01/30/2021,Missouri St.,MVC,@ Southern Ill.,W 3-2,5,NA,55,23,181,0.177,52,7,6,76,3,NA,16,NA,8,70,2
2020-2021,02/02/2021,Missouri St.,MVC,Southern Ill.,W 3-1,4,NA,47,19,167,0.168,44,9,3,79,3,1,12,2,7,63,1
2020-2021,02/07/2021,Missouri St.,MVC,Valparaiso,W 3-1,4,NA,59,22,177,0.209,58,4,3,80,2,3,16,5,11,74,NA
2020-2021,02/08/2021,Missouri St.,MVC,Valparaiso,W 3-2,5,NA,62,21,189,0.217,60,6,4,88,1,2,26,5,15,83,NA
2020-2021,02/14/2021,Missouri St.,MVC,@ UNI,W 3-2,5,NA,41,22,139,0.137,37,10,4,59,11,2,18,1,11,62,NA
2020-2021,02/15/2021,Missouri St.,MVC,@ UNI,L 2-3,5,NA,53,26,153,0.176,46,11,3,56,NA,2,12,NA,8,72,1
2020-2021,02/21/2021,Missouri St.,MVC,Drake,Ppd,NA,NA,NA,NA,NA,NA,NA,NA,NA,NA,NA,NA,NA,NA,NA,NA,NA
2020-2021,02/22/2021,Missouri St.,MVC,Drake,Ppd,NA,NA,NA,NA,NA,NA,NA,NA,NA,NA,NA,NA,NA,NA,NA,NA,NA
2020-2021,02/28/2021,Missouri St.,MVC,Evansville,W 3-0,3,NA,47,14,121,0.273,45,2,3,72,1,2,8,2,6,55,1
2020-2021,03/01/2021,Missouri St.,MVC,Evansville,W 3-2,5,NA,70,21,185,0.265,62,10,4,85,4,1,8,4,5,85,3
2020-2021,03/07/2021,Missouri St.,MVC,@ Loyola Chicago,L 2-3,5,NA,58,24,162,0.21,54,3,4,61,3,3,16,2,11,72,NA
2020-2021,03/08/2021,Missouri St.,MVC,@ Loyola Chicago,W 3-0,3,NA,37,16,108,0.194,36,6,3,47,4,1,26,2,14,57,NA
2020-2021,03/14/2021,Missouri St.,MVC,@ Illinois St.,L 0-3,3,NA,31,18,113,0.115,30,2,3,49,3,2,10,2,7,40,2
2020-2021,03/15/2021,Missouri St.,MVC,@ Illinois St.,L 1-3,4,NA,48,23,172,0.145,47,4,5,72,4,2,16,NA,10,62,2
2020-2021,03/21/2021,Missouri St.,MVC,Bradley,L 0-3,3,NA,33,19,106,0.132,30,3,7,34,5,NA,6,NA,3,39,1
2020-2021,03/22/2021,Missouri St.,MVC,Bradley,W 3-1,4,NA,51,21,144,0.208,51,11,5,69,5,4,14,NA,11,73,1
2020-2021,03/27/2021,Missouri St.,MVC,@ Indiana St.,W 3-2,5,NA,67,27,211,0.19,67,4,6,99,9,2,8,1,6,77,2
2020-2021,03/28/2021,Missouri St.,MVC,@ Indiana St.,W 3-0,3,NA,36,9,93,0.29,33,6,6,38,4,1,22,2,12,54,NA
2020-2021,04/01/2021,Missouri St.,MVC,"#6 Loyola Chicago @Normal, IL (20-21 WVB MVC Volleyball Championship)",L 2-3,5,NA,61,29,203,0.158,57,5,7,99,1,NA,18,3,9,75,2
2020-2021,01/22/2021,Southern Ill.,MVC,@ Memphis,L 1-3,4,NA,45,22,154,0.149,44,4,8,66,7,NA,8,NA,4,53,NA
2020-2021,01/23/2021,Southern Ill.,MVC,@ Memphis,W 3-2,5,NA,63,22,194,0.211,59,5,9,96,8,1,16,2,9,77,NA
2020-2021,01/30/2021,Southern Ill.,MVC,Missouri St.,L 2-3,5,NA,60,29,176,0.176,56,3,9,89,7,1,8,NA,5,68,2
2020-2021,02/02/2021,Southern Ill.,MVC,@ Missouri St.,L 1-3,4,NA,50,28,165,0.133,48,3,7,89,9,1,10,NA,6,59,NA
2020-2021,02/07/2021,Southern Ill.,MVC,Loyola Chicago,L 0-3,3,NA,27,20,99,0.071,27,6,3,36,7,1,12,1,7,40,1
2020-2021,02/08/2021,Southern Ill.,MVC,Loyola Chicago,L 0-3,3,NA,25,16,96,0.094,23,5,5,30,6,NA,6,2,3,33,1
2020-2021,02/14/2021,Southern Ill.,MVC,@ Valparaiso,W 3-2,5,NA,68,17,200,0.255,66,4,7,91,7,1,24,4,13,85,NA
2020-2021,02/15/2021,Southern Ill.,MVC,@ Valparaiso,L 1-3,4,NA,42,22,167,0.12,39,4,12,72,7,1,10,3,6,52,NA
2020-2021,02/21/2021,Southern Ill.,MVC,UNI,L 0-3,3,NA,33,17,94,0.17,30,5,7,31,11,1,2,NA,2,40,NA
2020-2021,02/22/2021,Southern Ill.,MVC,UNI,L 2-3,5,NA,58,22,165,0.218,53,12,3,71,11,2,10,2,7,77,NA
2020-2021,02/28/2021,Southern Ill.,MVC,@ Bradley,L 1-3,4,NA,56,27,173,0.168,54,5,6,77,5,2,8,2,6,67,NA
2020-2021,03/01/2021,Southern Ill.,MVC,@ Bradley,L 1-3,4,NA,54,18,147,0.245,52,4,4,66,10,2,2,1,3,61,1
2020-2021,03/07/2021,Southern Ill.,MVC,Indiana St.,L 0-3,3,NA,37,17,102,0.196,36,1,6,34,9,2,6,1,5,43,1
2020-2021,03/08/2021,Southern Ill.,MVC,Indiana St.,L 1-3,4,NA,43,25,135,0.133,41,6,6,58,12,1,8,2,5,54,2
2020-2021,03/14/2021,Southern Ill.,MVC,@ Evansville,L 1-3,4,NA,58,26,184,0.174,55,8,10,84,4,NA,10,3,5,71,NA
2020-2021,03/15/2021,Southern Ill.,MVC,@ Evansville,L 0-3,3,NA,38,19,122,0.156,36,4,4,50,5,NA,6,NA,3,45,NA
2020-2021,03/21/2021,Southern Ill.,MVC,@ Drake,L 0-3,3,NA,36,18,125,0.144,36,2,7,50,6,NA,12,NA,6,44,NA
2020-2021,03/22/2021,Southern Ill.,MVC,@ Drake,L 1-3,4,NA,51,26,183,0.137,48,3,9,95,4,1,8,NA,5,59,NA
2020-2021,03/27/2021,Southern Ill.,MVC,Illinois St.,L 0-3,3,NA,28,19,89,0.101,27,4,3,34,5,1,2,NA,2,34,2
2020-2021,03/28/2021,Southern Ill.,MVC,Illinois St.,L 0-3,3,NA,27,16,87,0.126,27,1,1,33,8,1,8,3,5,33,1
2020-2021,01/22/2021,UNI,MVC,@ Drake,L 1-3,4,NA,46,28,163,0.11,44,6,6,72,5,NA,2,1,8,60,2
2020-2021,01/23/2021,UNI,MVC,@ Omaha,L 1-3,4,NA,43,24,136,0.14,39,5,10,61,8,NA,16,1,8,56,3
2020-2021,01/24/2021,UNI,MVC,@ Creighton,L 0-3,3,NA,28,22,83,0.072,28,2,9,27,5,1,4,NA,3,33,NA
2020-2021,01/29/2021,UNI,MVC,Drake,L 1-3,4,NA,54,27,157,0.172,51,5,11,73,6,1,14,NA,8,67,NA
2020-2021,01/30/2021,UNI,MVC,Marquette,L 1-3,4,NA,49,24,130,0.192,47,6,7,46,7,NA,17,3,8.5,63.5,3
2020-2021,02/07/2021,UNI,MVC,@ Evansville,W 3-1,4,NA,57,24,145,0.228,54,8,9,61,6,3,12,1,9,74,NA
2020-2021,02/08/2021,UNI,MVC,@ Evansville,W 3-0,3,NA,42,13,101,0.287,39,5,8,44,1,1,10,NA,6,53,NA
2020-2021,02/14/2021,UNI,MVC,Missouri St.,L 2-3,5,NA,63,35,162,0.173,54,11,13,66,10,2,16,1,10,84,NA
2020-2021,02/15/2021,UNI,MVC,Missouri St.,W 3-2,5,NA,65,25,163,0.245,57,NA,11,61,11,1,12,NA,7,85,2
2020-2021,02/21/2021,UNI,MVC,@ Southern Ill.,W 3-0,3,NA,39,15,93,0.258,39,11,8,37,5,NA,10,NA,5,55,NA
2020-2021,02/22/2021,UNI,MVC,@ Southern Ill.,W 3-2,5,NA,69,28,180,0.228,51,11,11,70,12,NA,12,3,6,86,4
2020-2021,02/28/2021,UNI,MVC,Indiana St.,L 2-3,5,NA,60,28,172,0.186,54,3,8,86,8,1,16,NA,9,72,4
2020-2021,03/01/2021,UNI,MVC,Indiana St.,W 3-1,4,NA,59,14,148,0.304,55,7,7,76,4,5,8,NA,9,75,3
2020-2021,03/07/2021,UNI,MVC,DePaul,L 1-3,4,NA,52,26,145,0.179,48,8,NA,47,9,2,24,NA,14,74,1
2020-2021,03/07/2021,UNI,MVC,Illinois St.,Ppd,NA,NA,NA,NA,NA,NA,NA,NA,NA,NA,NA,NA,NA,NA,NA,NA,NA
2020-2021,03/08/2021,UNI,MVC,Illinois St.,Ppd,NA,NA,NA,NA,NA,NA,NA,NA,NA,NA,NA,NA,NA,NA,NA,NA,NA
2020-2021,03/14/2021,UNI,MVC,@ Valparaiso,L 2-3,5,NA,66,36,197,0.152,63,4,11,83,5,2,24,1,14,84,NA
2020-2021,03/15/2021,UNI,MVC,@ Valparaiso,L 0-3,3,NA,32,25,120,0.058,31,3,3,50,3,1,18,1,10,45,3
2020-2021,03/21/2021,UNI,MVC,Loyola Chicago,W 3-2,5,NA,66,25,153,0.268,54,9,7,61,7,2,12,3,8,83,2
2020-2021,03/22/2021,UNI,MVC,Loyola Chicago,L 1-3,4,NA,50,32,153,0.118,47,5,11,59,8,1,8,1,5,60,NA
2020-2021,03/27/2021,UNI,MVC,@ Bradley,L 2-3,5,NA,64,37,207,0.13,57,5,4,89,6,3,NA,NA,NA,86,NA
2020-2021,03/28/2021,UNI,MVC,@ Bradley,W 3-1,4,NA,54,22,174,0.184,48,10,7,81,7,2,18,2,11,75,1
2020-2021,04/01/2021,UNI,MVC,"#2 Drake @Normal, IL (20-21 WVB MVC Volleyball Championship)",W 3-0,3,NA,46,21,140,0.179,46,7,8,69,NA,2,16,1,10,63,1
2020-2021,04/02/2021,UNI,MVC,"#6 Loyola Chicago @Normal, IL (20-21 WVB MVC Volleyball Championship)",L 1-3,4,NA,55,23,174,0.184,51,7,7,69,4,NA,20,1,10,72,2
2020-2021,01/25/2021,Valparaiso,MVC,@ Loyola Chicago,L 2-3,5,NA,38,38,157,NA,33,2,5,71,2,3,20,NA,13,53,1
2020-2021,01/29/2021,Valparaiso,MVC,"Butler @Chicago, IL",W 3-0,3,NA,34,24,132,0.076,32,3,4,56,1,1,6,3,4,41,NA
2020-2021,02/01/2021,Valparaiso,MVC,Loyola Chicago,W 3-1,4,NA,58,21,153,0.242,57,5,11,74,5,1,20,3,11,74,NA
2020-2021,02/07/2021,Valparaiso,MVC,@ Missouri St.,L 1-3,4,NA,63,27,182,0.198,58,2,8,86,4,1,12,2,7,72,NA
2020-2021,02/08/2021,Valparaiso,MVC,@ Missouri St.,L 2-3,5,NA,66,27,191,0.204,64,1,6,96,6,3,12,4,9,76,NA
2020-2021,02/14/2021,Valparaiso,MVC,Southern Ill.,L 2-3,5,NA,72,25,199,0.236,71,7,8,108,4,NA,10,4,5,84,NA
2020-2021,02/15/2021,Valparaiso,MVC,Southern Ill.,W 3-1,4,NA,52,24,155,0.181,50,7,8,89,4,1,16,1,9,68,NA
2020-2021,02/18/2021,Valparaiso,MVC,@ Notre Dame,L 2-3,5,NA,65,26,230,0.17,61,5,6,109,8,NA,12,4,6,76,1
2020-2021,02/21/2021,Valparaiso,MVC,@ Illinois St.,L 1-3,4,NA,39,17,158,0.139,39,4,8,82,9,NA,6,NA,3,46,NA
2020-2021,02/22/2021,Valparaiso,MVC,@ Illinois St.,W 3-2,5,NA,53,20,175,0.189,47,7,4,86,7,2,16,NA,10,70,NA
2020-2021,02/28/2021,Valparaiso,MVC,@ Drake,W 3-1,4,NA,65,22,174,0.247,58,8,7,106,1,1,18,2,10,83,NA
2020-2021,03/01/2021,Valparaiso,MVC,@ Drake,W 3-2,5,NA,NA,30,NA,0.197,NA,4,5,NA,6,3,6,1,6,87,NA
2020-2021,03/07/2021,Valparaiso,MVC,Bradley,W 3-0,3,NA,50,12,130,0.292,50,4,8,71,2,2,12,1,8,62,NA
2020-2021,03/08/2021,Valparaiso,MVC,Bradley,L 1-3,4,NA,52,20,188,0.17,49,3,7,83,1,1,18,3,10,65,NA
2020-2021,03/14/2021,Valparaiso,MVC,UNI,W 3-2,5,NA,59,29,180,0.167,56,5,6,87,4,1,24,2,13,77,1
2020-2021,03/15/2021,Valparaiso,MVC,UNI,W 3-0,3,NA,41,16,113,0.221,40,3,5,55,3,3,8,NA,7,51,NA
2020-2021,03/21/2021,Valparaiso,MVC,Indiana St.,W 3-0,3,NA,44,11,107,0.308,41,9,3,64,1,NA,10,2,5,58,NA
2020-2021,03/22/2021,Valparaiso,MVC,Indiana St.,L 1-3,4,NA,56,26,179,0.168,56,4,5,90,7,1,6,2,4,64,NA
2020-2021,03/27/2021,Valparaiso,MVC,@ Evansville,L 0-3,3,NA,33,20,111,0.117,33,2,2,48,5,3,12,1,9,44,NA
2020-2021,03/28/2021,Valparaiso,MVC,@ Evansville,W 3-1,4,NA,60,22,153,0.248,56,7,4,75,5,3,12,1,9,76,NA
2020-2021,04/01/2021,Valparaiso,MVC,"#4 Bradley @Normal, IL (20-21 WVB MVC Volleyball Championship)",Canceled,NA,NA,NA,NA,NA,NA,NA,NA,NA,NA,NA,NA,NA,NA,NA,NA,NA
2020-2021,02/05/2021,Air Force,Mountain West,@ Colorado St.,L 1-3,4,NA,41,24,122,0.139,37,9,6,44,11,2,NA,1,2,52,1
2020-2021,02/06/2021,Air Force,Mountain West,@ Colorado St.,W 3-0,3,NA,43,12,103,0.301,42,10,7,33,8,NA,12,1,6,59,NA
2020-2021,02/12/2021,Air Force,Mountain West,San Jose St.,W 3-1,4,NA,56,21,140,0.25,48,4,14,53,4,2,18,NA,11,71,NA
2020-2021,02/13/2021,Air Force,Mountain West,San Jose St.,L 2-3,5,NA,51,20,135,0.23,48,9,17,47,7,NA,17,2,8.5,68.5,NA
2020-2021,02/19/2021,Air Force,Mountain West,@ Nevada,L 1-3,4,NA,47,30,112,0.152,41,7,8,37,13,1,16,NA,9,63,3
2020-2021,02/20/2021,Air Force,Mountain West,@ Nevada,W 3-0,3,NA,35,15,85,0.235,32,8,4,33,7,5,8,NA,9,52,1
2020-2021,02/26/2021,Air Force,Mountain West,New Mexico,W 3-1,4,NA,65,30,152,0.23,60,4,15,66,4,2,10,1,7,76,NA
2020-2021,02/27/2021,Air Force,Mountain West,New Mexico,L 2-3,5,NA,58,NA,175,0.131,54,5,8,84,9,NA,10,1,5,68,1
2020-2021,03/05/2021,Air Force,Mountain West,Fresno St.,W 3-1,4,NA,62,21,147,0.279,58,8,10,68,2,NA,18,2,9,79,NA
2020-2021,03/06/2021,Air Force,Mountain West,Fresno St.,L 2-3,5,NA,64,31,NA,0.17,60,4,11,81,10,3,16,3,11,79,2
2020-2021,03/19/2021,Air Force,Mountain West,@ Utah St.,L 2-3,5,NA,58,33,149,0.168,55,13,12,54,11,NA,4,4,2,73,1
2020-2021,03/20/2021,Air Force,Mountain West,@ Utah St.,W 3-0,3,NA,38,21,106,0.16,34,5,11,48,3,NA,12,1,6,49,1
2020-2021,03/25/2021,Air Force,Mountain West,Wyoming,Canceled,NA,NA,NA,NA,NA,NA,NA,NA,NA,NA,NA,NA,NA,NA,NA,NA,NA
2020-2021,03/27/2021,Air Force,Mountain West,Boise St.,W 3-1,4,NA,56,25,151,0.205,51,3,10,66,7,2,12,2,8,67,1
2020-2021,04/03/2021,Air Force,Mountain West,@ UNLV,Canceled,NA,NA,NA,NA,NA,NA,NA,NA,NA,NA,NA,NA,NA,NA,NA,NA,NA
2020-2021,02/04/2021,Boise St.,Mountain West,@ San Jose St.,W 3-1,4,NA,49,19,127,0.236,42,7,5,48,6,3,17,2,11.5,67.5,2
2020-2021,02/05/2021,Boise St.,Mountain West,@ San Jose St.,W 3-1,4,NA,54,19,153,0.229,50,5,7,66,6,1,20,1,11,70,1
2020-2021,02/12/2021,Boise St.,Mountain West,Utah St.,W 3-0,3,NA,42,17,124,0.202,40,4,2,51,2,NA,28,1,14,60,1
2020-2021,02/13/2021,Boise St.,Mountain West,Utah St.,W 3-0,3,NA,40,14,111,0.234,35,7,3,44,3,2,18,2,11,58,2
2020-2021,02/19/2021,Boise St.,Mountain West,Wyoming,W 3-0,3,NA,47,9,102,0.373,42,3,2,52,1,NA,22,1,11,61,NA
2020-2021,02/20/2021,Boise St.,Mountain West,Wyoming,W 3-1,4,NA,68,28,170,0.235,62,7,7,75,6,NA,17,4,8.5,83.5,NA
2020-2021,02/26/2021,Boise St.,Mountain West,@ UNLV,L 2-3,5,NA,54,21,170,0.194,52,2,10,63,2,1,30,3,16,72,3
2020-2021,02/27/2021,Boise St.,Mountain West,@ UNLV,L 1-3,4,NA,43,20,121,0.19,37,1,4,49,NA,1,13,2,7.5,51.5,2
2020-2021,03/05/2021,Boise St.,Mountain West,New Mexico,W 3-0,3,NA,37,10,83,0.325,35,9,4,41,3,NA,22,2,11,57,1
2020-2021,03/06/2021,Boise St.,Mountain West,New Mexico,W 3-0,3,NA,45,12,94,0.351,43,6,4,52,3,1,12,NA,7,58,1
2020-2021,03/12/2021,Boise St.,Mountain West,@ Nevada,W 3-0,3,NA,50,16,115,0.296,45,2,2,60,7,1,12,NA,7,59,NA
2020-2021,03/13/2021,Boise St.,Mountain West,@ Nevada,W 3-0,3,NA,35,14,78,0.269,32,12,2,36,4,NA,26,NA,13,60,NA
2020-2021,03/20/2021,Boise St.,Mountain West,San Diego St.,L 2-3,5,NA,59,31,178,0.157,50,9,10,62,8,1,12,4,7,75,1
2020-2021,03/25/2021,Boise St.,Mountain West,@ Colorado St.,L 1-3,4,NA,48,20,133,0.211,44,9,6,53,4,NA,26,2,13,70,NA
2020-2021,03/27/2021,Boise St.,Mountain West,@ Air Force,L 1-3,4,NA,44,25,143,0.133,41,7,6,59,3,1,20,NA,11,62,2
2020-2021,04/03/2021,Boise St.,Mountain West,Fresno St.,Canceled,NA,NA,NA,NA,NA,NA,NA,NA,NA,NA,NA,NA,NA,NA,NA,NA,NA
2020-2021,02/05/2021,Colorado St.,Mountain West,Air Force,W 3-1,4,NA,54,17,128,0.289,48,11,3,49,9,3,14,2,10,75,2
2020-2021,02/06/2021,Colorado St.,Mountain West,Air Force,L 0-3,3,NA,35,14,95,0.221,32,8,3,45,10,NA,10,2,5,48,1
2020-2021,02/12/2021,Colorado St.,Mountain West,@ Nevada,W 3-1,4,NA,56,19,121,0.306,52,6,11,43,5,4,10,1,9,71,1
2020-2021,02/13/2021,Colorado St.,Mountain West,@ Nevada,W 3-1,4,NA,51,26,149,0.168,49,9,11,60,3,3,14,3,10,70,NA
2020-2021,02/18/2021,Colorado St.,Mountain West,UNLV,L 0-3,3,NA,36,13,110,0.209,35,2,10,46,6,NA,2,3,1,39,NA
2020-2021,02/20/2021,Colorado St.,Mountain West,UNLV,L 1-3,4,NA,47,28,168,0.113,41,10,5,80,5,1,8,1,5,62,2
2020-2021,02/26/2021,Colorado St.,Mountain West,@ Wyoming,W 3-0,3,NA,44,11,96,0.344,42,6,7,43,1,1,10,1,6,56,1
2020-2021,02/27/2021,Colorado St.,Mountain West,@ Wyoming,L 1-3,4,NA,53,28,159,0.157,48,7,6,69,4,6,6,1,9,69,1
2020-2021,03/12/2021,Colorado St.,Mountain West,@ San Jose St.,W 3-0,3,NA,49,8,120,0.342,42,2,5,39,9,1,4,1,3,54,1
2020-2021,03/13/2021,Colorado St.,Mountain West,@ San Jose St.,L 2-3,5,NA,50,20,155,0.194,48,4,6,63,7,2,8,4,6,60,2
2020-2021,03/19/2021,Colorado St.,Mountain West,Fresno St.,Canceled,NA,NA,NA,NA,NA,NA,NA,NA,NA,NA,NA,NA,NA,NA,NA,NA,NA
2020-2021,03/20/2021,Colorado St.,Mountain West,Fresno St.,W 3-1,4,NA,51,17,135,0.252,49,5,8,66,5,1,14,3,8,64,NA
2020-2021,03/25/2021,Colorado St.,Mountain West,Boise St.,W 3-1,4,NA,62,27,148,0.236,57,4,7,53,9,1,12,NA,7,73,NA
2020-2021,03/27/2021,Colorado St.,Mountain West,Utah St.,W 3-1,4,NA,48,14,117,0.291,43,7,11,53,8,3,6,NA,6,61,1
2020-2021,04/01/2021,Colorado St.,Mountain West,@ New Mexico,W 3-0,3,NA,44,15,105,0.276,36,7,6,47,1,1,8,1,5,56,3
2020-2021,04/03/2021,Colorado St.,Mountain West,@ San Diego St.,L 0-3,3,NA,30,22,105,0.076,29,2,9,40,4,2,8,1,6,38,1
2020-2021,02/12/2021,Fresno St.,Mountain West,@ San Diego St.,W 3-1,4,NA,45,15,122,0.246,42,9,12,36,NA,4,26,1,NA,71,3
2020-2021,02/13/2021,Fresno St.,Mountain West,@ San Diego St.,L 0-3,3,NA,29,22,117,0.06,27,5,8,50,3,1,14,2,8,42,2
2020-2021,02/18/2021,Fresno St.,Mountain West,San Jose St.,W 3-0,3,NA,36,13,107,0.215,32,5,14,42,6,1,8,1,5,46,NA
2020-2021,02/19/2021,Fresno St.,Mountain West,San Jose St.,W 3-2,5,NA,60,16,166,0.265,58,9,15,79,8,2,18,6,11,80,NA
2020-2021,02/26/2021,Fresno St.,Mountain West,Utah St.,W 3-1,4,NA,53,25,150,0.187,48,5,13,74,4,1,20,2,11,69,NA
2020-2021,02/27/2021,Fresno St.,Mountain West,Utah St.,L 1-3,4,NA,44,27,164,0.104,41,10,11,75,10,1,12,3,7,61,NA
2020-2021,03/05/2021,Fresno St.,Mountain West,@ Air Force,L 1-3,4,NA,34,24,147,0.068,32,2,1,60,8,NA,8,3,4,40,2
2020-2021,03/06/2021,Fresno St.,Mountain West,@ Air Force,W 3-2,5,NA,65,30,189,0.185,61,10,12,NA,4,1,24,6,13,NA,1
2020-2021,03/12/2021,Fresno St.,Mountain West,Wyoming,W 3-2,5,NA,67,19,162,0.296,63,10,17,66,2,2,4,3,4,81,NA
2020-2021,03/13/2021,Fresno St.,Mountain West,Wyoming,L 1-3,4,NA,58,27,145,0.214,53,9,8,46,9,2,8,NA,6,73,NA
2020-2021,03/19/2021,Fresno St.,Mountain West,@ Colorado St.,Canceled,NA,NA,NA,NA,NA,NA,NA,NA,NA,NA,NA,NA,NA,NA,NA,NA,NA
2020-2021,03/20/2021,Fresno St.,Mountain West,@ Colorado St.,L 1-3,4,NA,40,27,142,0.092,38,5,6,61,5,2,12,2,8,53,2
2020-2021,03/25/2021,Fresno St.,Mountain West,UNLV,L 0-3,3,NA,28,13,92,0.163,25,1,14,27,8,1,8,4,5,34,NA
2020-2021,03/27/2021,Fresno St.,Mountain West,New Mexico,W 3-1,4,NA,54,19,141,0.248,50,9,9,57,2,NA,NA,NA,NA,80,NA
2020-2021,04/01/2021,Fresno St.,Mountain West,@ Nevada,W 3-0,3,NA,43,14,84,0.345,41,9,8,36,2,NA,12,NA,6,58,NA
2020-2021,04/03/2021,Fresno St.,Mountain West,@ Boise St.,Canceled,NA,NA,NA,NA,NA,NA,NA,NA,NA,NA,NA,NA,NA,NA,NA,NA,NA
2020-2021,02/05/2021,Nevada,Mountain West,New Mexico,L 1-3,4,NA,59,25,169,0.201,55,4,10,72,8,2,16,NA,10,73,NA
2020-2021,02/06/2021,Nevada,Mountain West,New Mexico,L 1-3,4,NA,53,19,149,0.228,48,5,8,55,6,1,12,NA,7,65,NA
2020-2021,02/12/2021,Nevada,Mountain West,Colorado St.,L 1-3,4,NA,49,23,124,0.21,46,5,11,37,6,NA,20,1,10,64,NA
2020-2021,02/13/2021,Nevada,Mountain West,Colorado St.,L 1-3,4,NA,39,21,135,0.133,37,3,12,58,9,5,16,3,13,55,2
2020-2021,02/19/2021,Nevada,Mountain West,Air Force,W 3-1,4,NA,40,18,105,0.21,38,13,12,28,7,2,20,NA,12,65,4
2020-2021,02/20/2021,Nevada,Mountain West,Air Force,L 0-3,3,NA,25,24,86,0.012,24,7,4,29,8,NA,6,2,3,35,2
2020-2021,02/26/2021,Nevada,Mountain West,@ San Diego St.,W 3-1,4,NA,54,12,132,0.318,53,10,6,53,3,4,18,1,13,77,NA
2020-2021,02/27/2021,Nevada,Mountain West,@ San Diego St.,W 3-0,3,NA,35,11,82,0.293,30,8,11,31,5,4,20,1,14,57,NA
2020-2021,03/05/2021,Nevada,Mountain West,@ San Jose St.,L 1-3,4,NA,49,18,151,0.205,47,9,7,48,8,2,18,3,11,69,1
2020-2021,03/06/2021,Nevada,Mountain West,@ San Jose St.,L 0-3,3,NA,21,16,81,0.062,19,3,6,30,12,1,14,2,8,32,NA
2020-2021,03/12/2021,Nevada,Mountain West,Boise St.,L 0-3,3,NA,28,20,119,0.067,28,7,3,42,2,1,10,NA,6,41,NA
2020-2021,03/13/2021,Nevada,Mountain West,Boise St.,L 0-3,3,NA,18,23,79,-0.063,17,4,4,20,12,NA,10,NA,5,27,NA
2020-2021,03/20/2021,Nevada,Mountain West,@ Wyoming,Canceled,NA,NA,NA,NA,NA,NA,NA,NA,NA,NA,NA,NA,NA,NA,NA,NA,NA
2020-2021,03/25/2021,Nevada,Mountain West,@ Utah St.,L 1-3,4,NA,44,27,142,0.12,43,6,10,60,10,3,12,NA,9,59,3
2020-2021,03/27/2021,Nevada,Mountain West,UNLV,L 0-3,3,NA,31,18,100,0.13,30,2,9,27,5,NA,4,NA,2,35,NA
2020-2021,04/01/2021,Nevada,Mountain West,Fresno St.,L 0-3,3,NA,23,15,76,0.105,21,2,7,24,9,1,12,NA,7,32,NA
2020-2021,02/05/2021,New Mexico,Mountain West,@ Nevada,W 3-1,4,NA,61,26,172,0.203,58,8,7,73,4,2,14,NA,9,78,NA
2020-2021,02/06/2021,New Mexico,Mountain West,@ Nevada,W 3-1,4,NA,59,16,141,0.305,56,6,6,67,5,NA,14,NA,7,72,NA
2020-2021,02/12/2021,New Mexico,Mountain West,@ Wyoming,L 0-3,3,NA,15,22,93,-0.075,13,3,7,28,7,2,NA,1,2,20,NA
2020-2021,02/13/2021,New Mexico,Mountain West,@ Wyoming,L 0-3,3,NA,31,24,112,0.063,31,5,8,45,5,1,12,1,7,43,1
2020-2021,02/19/2021,New Mexico,Mountain West,@ San Diego St.,L 0-3,3,NA,27,15,88,0.136,26,1,7,25,6,2,10,NA,7,35,2
2020-2021,02/20/2021,New Mexico,Mountain West,@ San Diego St.,L 1-3,4,NA,34,19,125,0.12,33,9,13,46,7,2,22,1,13,56,1
2020-2021,02/26/2021,New Mexico,Mountain West,@ Air Force,L 1-3,4,NA,30,22,126,0.063,27,4,5,47,4,NA,12,1,6,40,1
2020-2021,02/27/2021,New Mexico,Mountain West,@ Air Force,W 3-2,5,NA,49,20,160,0.181,46,9,8,73,5,1,14,3,8,66,1
2020-2021,03/05/2021,New Mexico,Mountain West,@ Boise St.,L 0-3,3,NA,23,20,88,0.034,22,3,7,32,9,NA,4,NA,2,28,1
2020-2021,03/06/2021,New Mexico,Mountain West,@ Boise St.,L 0-3,3,NA,24,17,99,0.071,23,3,7,34,6,NA,6,1,3,30,NA
2020-2021,03/12/2021,New Mexico,Mountain West,UNLV,Canceled,NA,NA,NA,NA,NA,NA,NA,NA,NA,NA,NA,NA,NA,NA,NA,NA,NA
2020-2021,03/13/2021,New Mexico,Mountain West,UNLV,Canceled,NA,NA,NA,NA,NA,NA,NA,NA,NA,NA,NA,NA,NA,NA,NA,NA,NA
2020-2021,03/25/2021,New Mexico,Mountain West,@ San Jose St.,L 2-3,5,NA,55,18,157,0.236,46,6,8,63,10,4,6,1,7,68,NA
2020-2021,03/27/2021,New Mexico,Mountain West,@ Fresno St.,L 1-3,4,NA,39,27,127,0.094,37,2,9,57,9,2,12,1,8,49,NA
2020-2021,04/01/2021,New Mexico,Mountain West,Colorado St.,L 0-3,3,NA,26,20,100,0.06,25,1,4,37,7,1,6,1,4,31,3
2020-2021,04/03/2021,New Mexico,Mountain West,Utah St.,W 3-2,5,NA,54,28,161,0.161,51,2,10,67,4,2,18,1,11,67,2
2020-2021,02/04/2021,San Diego St.,Mountain West,@ UNLV,L 0-3,3,NA,30,15,102,0.147,27,2,6,34,6,2,8,NA,6,38,1
2020-2021,02/05/2021,San Diego St.,Mountain West,@ UNLV,L 1-3,4,NA,47,16,135,0.23,44,1,8,58,12,1,4,2,3,51,2
2020-2021,02/12/2021,San Diego St.,Mountain West,Fresno St.,L 1-3,4,NA,45,34,126,0.087,44,NA,7,51,9,6,8,NA,10,55,1
2020-2021,02/13/2021,San Diego St.,Mountain West,Fresno St.,W 3-0,3,NA,41,21,121,0.165,38,3,6,58,5,3,12,1,9,53,1
2020-2021,02/19/2021,San Diego St.,Mountain West,New Mexico,W 3-0,3,NA,45,17,99,0.283,44,6,5,39,1,2,8,3,6,57,NA
2020-2021,02/20/2021,San Diego St.,Mountain West,New Mexico,W 3-1,4,NA,57,31,140,0.186,55,7,7,64,9,4,2,2,5,69,1
2020-2021,02/26/2021,San Diego St.,Mountain West,Nevada,L 1-3,4,NA,51,24,139,0.194,50,3,4,54,9,1,8,1,5,59,1
2020-2021,02/27/2021,San Diego St.,Mountain West,Nevada,L 0-3,3,NA,28,21,88,0.08,27,5,8,29,8,1,8,1,5,38,1
2020-2021,03/05/2021,San Diego St.,Mountain West,@ Wyoming,L 0-3,3,NA,41,18,107,0.215,40,1,12,42,2,3,6,1,6,48,1
2020-2021,03/06/2021,San Diego St.,Mountain West,@ Wyoming,L 0-3,3,NA,26,25,103,0.01,22,2,7,44,3,1,12,2,7,35,2
2020-2021,03/11/2021,San Diego St.,Mountain West,Utah St.,L 0-3,3,NA,30,24,102,0.059,28,2,7,34,6,2,6,1,5,37,4
2020-2021,03/12/2021,San Diego St.,Mountain West,Utah St.,W 3-2,5,NA,57,23,143,0.238,53,7,13,65,7,1,10,2,6,70,3
2020-2021,03/20/2021,San Diego St.,Mountain West,@ Boise St.,W 3-2,5,NA,62,23,165,0.236,59,8,10,73,9,4,22,3,15,85,1
2020-2021,03/27/2021,San Diego St.,Mountain West,@ San Jose St.,L 0-3,3,NA,29,15,83,0.169,27,6,8,28,9,1,6,NA,4,39,NA
2020-2021,04/03/2021,San Diego St.,Mountain West,Colorado St.,W 3-0,3,NA,39,10,97,0.299,38,4,9,45,2,1,22,2,12,55,1
2020-2021,02/04/2021,San Jose St.,Mountain West,Boise St.,L 1-3,4,NA,45,23,126,0.175,44,6,11,50,7,1,11,1,6.5,57.5,NA
2020-2021,02/05/2021,San Jose St.,Mountain West,Boise St.,L 1-3,4,NA,54,22,153,0.209,51,6,12,68,5,NA,12,1,6,66,NA
2020-2021,02/12/2021,San Jose St.,Mountain West,@ Air Force,L 1-3,4,NA,45,27,137,0.131,42,4,8,54,4,NA,12,3,6,55,1
2020-2021,02/13/2021,San Jose St.,Mountain West,@ Air Force,W 3-2,5,NA,52,33,136,0.14,46,7,11,53,9,4,10,NA,9,68,1
2020-2021,02/18/2021,San Jose St.,Mountain West,@ Fresno St.,L 0-3,3,NA,30,24,101,0.059,27,6,6,51,5,1,4,2,3,39,NA
2020-2021,02/19/2021,San Jose St.,Mountain West,@ Fresno St.,L 2-3,5,NA,63,24,175,0.223,56,8,7,83,9,1,6,3,4,75,NA
2020-2021,03/05/2021,San Jose St.,Mountain West,Nevada,W 3-1,4,NA,69,20,150,0.327,65,8,11,65,9,2,13,1,8.5,85.5,2
2020-2021,03/06/2021,San Jose St.,Mountain West,Nevada,W 3-0,3,NA,40,12,92,0.304,37,12,5,40,3,NA,10,NA,5,57,1
2020-2021,03/12/2021,San Jose St.,Mountain West,Colorado St.,L 0-3,3,NA,45,18,110,0.245,43,9,7,52,2,2,NA,NA,2,56,NA
2020-2021,03/13/2021,San Jose St.,Mountain West,Colorado St.,W 3-2,5,NA,71,18,164,0.323,NA,7,14,77,4,4,12,NA,10,NA,1
2020-2021,03/19/2021,San Jose St.,Mountain West,@ UNLV,L 1-3,4,NA,44,21,124,0.185,41,3,7,50,9,1,6,6,4,51,1
2020-2021,03/20/2021,San Jose St.,Mountain West,@ UNLV,L 0-3,3,NA,33,15,87,0.207,30,5,12,35,2,2,4,5,4,42,NA
2020-2021,03/25/2021,San Jose St.,Mountain West,New Mexico,W 3-2,5,NA,69,28,171,0.24,61,10,10,75,6,NA,10,1,5,84,1
2020-2021,03/27/2021,San Jose St.,Mountain West,San Diego St.,W 3-0,3,NA,43,11,86,0.372,39,9,6,34,6,2,8,NA,6,58,NA
2020-2021,04/01/2021,San Jose St.,Mountain West,@ Utah St.,L 1-3,4,NA,54,30,151,0.159,48,6,8,60,6,1,10,1,6,66,3
2020-2021,04/03/2021,San Jose St.,Mountain West,@ Wyoming,W 3-2,5,NA,70,24,151,0.305,63,5,14,68,7,NA,10,2,13,NA,NA
2020-2021,02/04/2021,UNLV,Mountain West,San Diego St.,W 3-0,3,NA,44,13,100,0.31,41,6,7,44,2,NA,16,2,8,58,NA
2020-2021,02/05/2021,UNLV,Mountain West,San Diego St.,W 3-1,4,NA,55,15,141,0.284,48,12,11,55,1,2,10,2,7,74,1
2020-2021,02/18/2021,UNLV,Mountain West,@ Colorado St.,W 3-0,3,NA,52,10,116,0.362,47,6,NA,52,2,2,6,3,5,63,NA
2020-2021,02/20/2021,UNLV,Mountain West,@ Colorado St.,W 3-1,4,NA,58,18,169,0.237,56,5,11,84,10,2,22,NA,13,76,1
2020-2021,02/26/2021,UNLV,Mountain West,Boise St.,W 3-2,5,NA,NA,26,186,0.269,NA,2,13,79,2,NA,14,2,7,85,1
2020-2021,02/27/2021,UNLV,Mountain West,Boise St.,W 3-1,4,NA,55,15,128,0.313,50,NA,7,49,1,2,10,4,7,79,2
2020-2021,03/04/2021,UNLV,Mountain West,@ Utah St.,W 3-0,3,NA,38,10,91,0.308,36,7,6,45,2,1,14,1,8,53,2
2020-2021,03/06/2021,UNLV,Mountain West,@ Utah St.,Canceled,NA,NA,NA,NA,NA,NA,NA,NA,NA,NA,NA,NA,NA,NA,NA,NA,NA
2020-2021,03/12/2021,UNLV,Mountain West,@ New Mexico,Canceled,NA,NA,NA,NA,NA,NA,NA,NA,NA,NA,NA,NA,NA,NA,NA,NA,NA
2020-2021,03/13/2021,UNLV,Mountain West,@ New Mexico,Canceled,NA,NA,NA,NA,NA,NA,NA,NA,NA,NA,NA,NA,NA,NA,NA,NA,NA
2020-2021,03/19/2021,UNLV,Mountain West,San Jose St.,W 3-1,4,NA,59,14,140,0.321,50,9,9,50,3,3,8,NA,7,75,1
2020-2021,03/20/2021,UNLV,Mountain West,San Jose St.,W 3-0,3,NA,44,7,91,0.407,39,2,8,33,5,1,12,NA,7,53,NA
2020-2021,03/25/2021,UNLV,Mountain West,@ Fresno St.,W 3-0,3,NA,40,14,84,0.31,33,8,6,47,1,NA,6,2,3,51,NA
2020-2021,03/27/2021,UNLV,Mountain West,@ Nevada,W 3-0,3,NA,41,14,89,0.303,36,5,7,44,2,NA,12,NA,6,52,NA
2020-2021,04/01/2021,UNLV,Mountain West,Wyoming,W 3-0,3,NA,39,12,79,0.342,38,7,7,43,NA,1,14,2,8,54,NA
2020-2021,04/03/2021,UNLV,Mountain West,Air Force,Canceled,NA,NA,NA,NA,NA,NA,NA,NA,NA,NA,NA,NA,NA,NA,NA,NA,NA
2020-2021,04/14/2021,UNLV,Mountain West,"Illinois St. @Omaha, NE (2020 NCAA DI Women's Volleyball Championship)",W 3-1,4,NA,59,21,151,0.252,52,6,7,69,NA,3,6,2,6,71,NA
2020-2021,04/15/2021,UNLV,Mountain West,"#2 Kentucky @Omaha, NE (2020 NCAA DI Women's Volleyball Championship)",L 0-3,3,NA,30,12,75,0.24,29,2,6,15,6,2,6,3,5,37,NA
2020-2021,02/05/2021,Utah St.,Mountain West,Wyoming,L 2-3,5,NA,54,34,166,0.12,49,8,13,75,7,1,18,NA,10,72,NA
2020-2021,02/06/2021,Utah St.,Mountain West,Wyoming,L 0-3,3,NA,36,20,99,0.162,33,4,10,36,8,NA,9,2,4.5,44.5,NA
2020-2021,02/12/2021,Utah St.,Mountain West,@ Boise St.,L 0-3,3,NA,42,26,129,0.124,39,2,7,53,4,2,10,1,7,51,2
2020-2021,02/13/2021,Utah St.,Mountain West,@ Boise St.,L 0-3,3,NA,36,18,108,0.167,34,3,7,45,7,NA,14,1,7,46,3
2020-2021,02/26/2021,Utah St.,Mountain West,@ Fresno St.,L 1-3,4,NA,40,24,145,0.11,36,4,15,61,5,1,19,1,10.5,54.5,NA
2020-2021,02/27/2021,Utah St.,Mountain West,@ Fresno St.,W 3-1,4,NA,54,24,165,0.182,48,10,15,83,10,NA,22,NA,11,75,NA
2020-2021,03/04/2021,Utah St.,Mountain West,UNLV,L 0-3,3,NA,35,15,104,0.192,34,2,13,40,7,NA,4,NA,2,39,NA
2020-2021,03/06/2021,Utah St.,Mountain West,UNLV,Canceled,NA,NA,NA,NA,NA,NA,NA,NA,NA,NA,NA,NA,NA,NA,NA,NA,NA
2020-2021,03/11/2021,Utah St.,Mountain West,@ San Diego St.,W 3-0,3,NA,34,13,86,0.244,31,6,8,35,2,1,16,1,9,49,NA
2020-2021,03/12/2021,Utah St.,Mountain West,@ San Diego St.,L 2-3,5,NA,50,23,152,0.178,46,7,17,51,7,3,10,1,8,65,3
2020-2021,03/19/2021,Utah St.,Mountain West,Air Force,W 3-2,5,NA,51,16,131,0.267,48,11,6,51,13,3,22,3,14,76,1
2020-2021,03/20/2021,Utah St.,Mountain West,Air Force,L 0-3,3,NA,26,24,109,0.018,21,3,5,40,5,NA,14,NA,7,36,2
2020-2021,03/25/2021,Utah St.,Mountain West,Nevada,W 3-1,4,NA,51,27,146,0.164,47,10,9,59,6,1,25,2,13.5,74.5,1
2020-2021,03/27/2021,Utah St.,Mountain West,@ Colorado St.,L 1-3,4,NA,33,22,114,0.096,33,8,9,43,7,NA,12,4,6,47,1
2020-2021,04/01/2021,Utah St.,Mountain West,San Jose St.,W 3-1,4,NA,49,15,134,0.254,47,6,4,57,6,NA,24,NA,12,67,NA
2020-2021,04/03/2021,Utah St.,Mountain West,@ New Mexico,L 2-3,5,NA,62,30,173,0.185,55,4,8,70,2,1,16,1,9,75,NA
2020-2021,02/05/2021,Wyoming,Mountain West,@ Utah St.,W 3-2,5,NA,51,23,165,0.17,46,7,14,64,8,1,32,2,NA,75,1
2020-2021,02/06/2021,Wyoming,Mountain West,@ Utah St.,W 3-0,3,NA,37,13,93,0.258,36,8,8,34,4,3,12,3,9,54,NA
2020-2021,02/12/2021,Wyoming,Mountain West,New Mexico,W 3-0,3,NA,39,8,82,0.378,37,7,7,47,3,4,10,2,9,55,NA
2020-2021,02/13/2021,Wyoming,Mountain West,New Mexico,W 3-0,3,NA,37,14,107,0.215,30,5,5,47,5,4,14,2,11,53,1
2020-2021,02/19/2021,Wyoming,Mountain West,@ Boise St.,L 0-3,3,NA,31,19,107,0.112,30,1,3,38,3,NA,6,3,3,35,NA
2020-2021,02/20/2021,Wyoming,Mountain West,@ Boise St.,L 1-3,4,NA,46,15,147,0.211,42,6,6,60,7,1,22,3,12,64,1
2020-2021,02/26/2021,Wyoming,Mountain West,Colorado St.,L 0-3,3,NA,39,15,106,0.226,35,1,13,29,6,1,8,1,5,45,1
2020-2021,02/27/2021,Wyoming,Mountain West,Colorado St.,W 3-1,4,NA,60,22,160,0.238,54,4,8,65,7,6,16,3,14,78,NA
2020-2021,03/05/2021,Wyoming,Mountain West,San Diego St.,W 3-0,3,NA,43,14,103,0.282,40,2,7,39,1,3,6,3,6,51,1
2020-2021,03/06/2021,Wyoming,Mountain West,San Diego St.,W 3-0,3,NA,38,15,104,0.221,34,3,8,44,2,4,14,3,11,52,NA
2020-2021,03/12/2021,Wyoming,Mountain West,@ Fresno St.,L 2-3,5,NA,60,15,149,0.302,56,2,7,67,10,1,6,2,4,66,NA
2020-2021,03/13/2021,Wyoming,Mountain West,@ Fresno St.,W 3-1,4,NA,49,17,119,0.269,48,9,6,45,9,4,22,NA,15,73,NA
2020-2021,03/20/2021,Wyoming,Mountain West,Nevada,Canceled,NA,NA,NA,NA,NA,NA,NA,NA,NA,NA,NA,NA,NA,NA,NA,NA,NA
2020-2021,03/25/2021,Wyoming,Mountain West,@ Air Force,Canceled,NA,NA,NA,NA,NA,NA,NA,NA,NA,NA,NA,NA,NA,NA,NA,NA,NA
2020-2021,04/01/2021,Wyoming,Mountain West,@ UNLV,L 0-3,3,NA,29,16,93,0.14,27,NA,13,22,7,NA,6,2,3,32,NA
2020-2021,04/03/2021,Wyoming,Mountain West,San Jose St.,L 2-3,5,NA,52,22,152,0.197,46,7,13,46,5,3,12,1,9,68,NA
2020-2021,02/14/2021,Bryant,NEC,@ Providence,L 1-3,4,NA,53,32,150,0.14,44,6,9,53,2,2,16,NA,10,69,NA
2020-2021,03/01/2021(1),Bryant,NEC,Merrimack,W 3-0,3,NA,47,11,82,0.439,42,8,7,35,NA,1,8,2,5,60,1
2020-2021,03/01/2021(2),Bryant,NEC,Merrimack,W 3-0,3,NA,38,11,77,0.351,35,13,11,29,NA,NA,4,NA,2,53,NA
2020-2021,03/08/2021(1),Bryant,NEC,@ Sacred Heart,L 0-3,3,NA,27,18,109,0.083,21,1,4,47,7,1,10,2,6,34,NA
2020-2021,03/08/2021(2),Bryant,NEC,@ Sacred Heart,L 0-3,3,NA,37,21,125,0.128,33,3,11,54,4,NA,22,NA,11,51,1
2020-2021,03/17/2021,Bryant,NEC,@ FDU,W 3-2,5,NA,66,35,176,0.176,61,4,5,80,7,NA,18,2,9,79,4
2020-2021,03/17/2021,Bryant,NEC,@ FDU,W 3-1,4,NA,59,31,176,0.159,55,6,7,90,5,2,NA,2,15,80,3
2020-2021,03/23/2021(1),Bryant,NEC,Central Conn. St.,W 3-2,5,NA,63,23,180,0.222,57,4,8,80,4,3,24,2,15,82,2
2020-2021,03/23/2021(2),Bryant,NEC,Central Conn. St.,L 1-3,4,NA,59,NA,185,0.108,53,2,6,81,2,NA,18,1,9,70,3
2020-2021,03/26/2021(1),Bryant,NEC,@ St. Francis Brooklyn,Canceled,NA,NA,NA,NA,NA,NA,NA,NA,NA,NA,NA,NA,NA,NA,NA,NA,NA
2020-2021,03/26/2021(2),Bryant,NEC,@ St. Francis Brooklyn,Canceled,NA,NA,NA,NA,NA,NA,NA,NA,NA,NA,NA,NA,NA,NA,NA,NA,NA
2020-2021,03/31/2021(1),Bryant,NEC,"LIU @Fairfield, CT",W 3-2,5,NA,70,31,208,0.188,55,4,9,93,2,6,14,NA,13,87,3
2020-2021,03/31/2021(2),Bryant,NEC,"LIU @Fairfield, CT",L 1-3,4,NA,52,20,155,0.206,49,6,7,81,3,2,24,NA,14,72,3
2020-2021,03/02/2021(1),Central Conn. St.,NEC,@ Sacred Heart,L 0-3,3,NA,32,16,99,0.162,30,1,4,52,4,1,8,NA,5,38,2
2020-2021,03/02/2021(2),Central Conn. St.,NEC,@ Sacred Heart,L 0-3,3,NA,37,26,124,0.089,34,1,9,57,5,NA,16,NA,8,46,NA
2020-2021,03/09/2021(1),Central Conn. St.,NEC,Merrimack,W 3-0,3,NA,41,9,83,0.386,37,NA,8,41,NA,3,4,1,5,60,NA
2020-2021,03/09/2021(2),Central Conn. St.,NEC,Merrimack,W 3-0,3,NA,46,11,100,0.35,44,9,6,52,3,2,NA,1,2,57,1
2020-2021,03/12/2021(1),Central Conn. St.,NEC,@ St. Francis Brooklyn,Canceled,NA,NA,NA,NA,NA,NA,NA,NA,NA,NA,NA,NA,NA,NA,NA,NA,NA
2020-2021,03/12/2021(2),Central Conn. St.,NEC,@ St. Francis Brooklyn,Canceled,NA,NA,NA,NA,NA,NA,NA,NA,NA,NA,NA,NA,NA,NA,NA,NA,NA
2020-2021,03/17/2021(1),Central Conn. St.,NEC,LIU,L 0-3,3,NA,34,12,103,0.214,32,NA,4,31,7,5,4,4,7,41,1
2020-2021,03/17/2021(2),Central Conn. St.,NEC,LIU,W 3-2,5,NA,61,28,198,0.167,57,4,5,95,2,NA,24,3,NA,84,4
2020-2021,03/23/2021(1),Central Conn. St.,NEC,@ Bryant,L 2-3,5,NA,68,26,185,0.227,63,4,9,81,4,3,8,NA,7,79,NA
2020-2021,03/23/2021(2),Central Conn. St.,NEC,@ Bryant,W 3-1,4,NA,51,22,162,0.179,47,2,4,78,2,4,16,NA,12,65,1
2020-2021,03/31/2021(1),Central Conn. St.,NEC,FDU,Canceled,NA,NA,NA,NA,NA,NA,NA,NA,NA,NA,NA,NA,NA,NA,NA,NA,NA
2020-2021,03/31/2021(2),Central Conn. St.,NEC,FDU,Canceled,NA,NA,NA,NA,NA,NA,NA,NA,NA,NA,NA,NA,NA,NA,NA,NA,NA
2020-2021,02/23/2021,FDU,NEC,@ Seton Hall,L 0-3,3,NA,29,17,111,0.108,26,3,2,39,3,2,6,2,5,37,NA
2020-2021,03/09/2021(1),FDU,NEC,@ LIU,L 0-3,3,NA,35,12,103,0.223,33,NA,8,44,11,NA,4,NA,2,37,NA
2020-2021,03/09/2021(2),FDU,NEC,@ LIU,L 1-3,4,NA,43,25,164,0.11,42,5,7,77,10,1,10,3,6,54,NA
2020-2021,03/12/2021,FDU,NEC,@ Merrimack,W 3-0,3,NA,44,22,118,0.186,43,7,7,59,3,NA,6,2,3,54,2
2020-2021,03/12/2021,FDU,NEC,@ Merrimack,W 3-1,4,NA,56,21,144,0.243,52,9,5,68,5,1,12,2,7,72,1
2020-2021,03/17/2021,FDU,NEC,Bryant,L 2-3,5,NA,51,23,169,0.166,50,7,NA,62,4,2,24,1,14,72,1
2020-2021,03/17/2021,FDU,NEC,Bryant,L 1-3,4,NA,41,21,161,0.124,40,5,10,78,6,NA,24,1,12,58,2
2020-2021,03/26/2021,FDU,NEC,Sacred Heart,L 0-3,3,NA,39,16,116,0.198,38,5,7,50,4,NA,10,1,5,49,1
2020-2021,03/26/2021,FDU,NEC,Sacred Heart,L 1-3,4,NA,46,22,155,0.155,42,8,6,66,3,NA,16,1,8,62,NA
2020-2021,03/31/2021(1),FDU,NEC,@ Central Conn. St.,Canceled,NA,NA,NA,NA,NA,NA,NA,NA,NA,NA,NA,NA,NA,NA,NA,NA,NA
2020-2021,03/31/2021(2),FDU,NEC,@ Central Conn. St.,Canceled,NA,NA,NA,NA,NA,NA,NA,NA,NA,NA,NA,NA,NA,NA,NA,NA,NA
2020-2021,03/02/2021(1),LIU,NEC,@ St. Francis Brooklyn,W 3-1,4,NA,62,25,143,0.259,58,5,9,61,4,2,2,1,3,70,2
2020-2021,03/02/2021(2),LIU,NEC,@ St. Francis Brooklyn,W 3-1,4,NA,57,22,167,0.21,54,10,8,82,6,4,8,4,8,75,2
2020-2021,03/09/2021(1),LIU,NEC,FDU,W 3-0,3,NA,43,12,104,0.298,41,11,4,51,NA,NA,8,2,4,58,NA
2020-2021,03/09/2021(2),LIU,NEC,FDU,W 3-1,4,NA,53,25,162,0.173,49,10,10,86,5,2,14,1,9,72,NA
2020-2021,03/12/2021(1),LIU,NEC,Sacred Heart,L 2-3,5,NA,71,28,NA,0.176,70,6,9,113,4,3,16,4,11,88,1
2020-2021,03/12/2021(2),LIU,NEC,Sacred Heart,L 2-3,5,NA,55,25,188,0.16,55,5,9,90,8,2,18,6,11,71,1
2020-2021,03/17/2021(1),LIU,NEC,@ Central Conn. St.,W 3-0,3,NA,49,18,108,0.287,44,7,4,47,NA,4,NA,1,4,60,1
2020-2021,03/17/2021(2),LIU,NEC,@ Central Conn. St.,L 2-3,5,NA,61,37,210,0.114,59,2,6,92,4,1,16,6,9,72,1
2020-2021,03/26/2021(1),LIU,NEC,Merrimack,W 3-0,3,NA,47,8,94,0.415,44,6,6,54,1,NA,10,NA,5,58,2
2020-2021,03/26/2021(2),LIU,NEC,Merrimack,W 3-0,3,NA,46,15,112,0.277,44,8,2,63,3,NA,6,1,3,57,1
2020-2021,03/31/2021(1),LIU,NEC,"Bryant @Fairfield, CT",L 2-3,5,NA,50,27,188,0.122,45,2,7,81,4,4,14,NA,11,63,4
2020-2021,03/31/2021(2),LIU,NEC,"Bryant @Fairfield, CT",W 3-1,4,NA,50,25,169,0.148,46,3,6,71,6,3,18,NA,12,65,1
2020-2021,04/14/2021,LIU,NEC,"Pittsburgh @Omaha, NE (2020 NCAA DI Women's Volleyball Championship)",L 0-3,3,NA,24,18,100,0.06,22,2,3,28,7,NA,2,1,1,27,2
2020-2021,02/23/2021,Merrimack,NEC,@ Rhode Island,L 0-3,3,NA,21,13,78,0.103,20,NA,3,34,8,NA,6,NA,3,24,1
2020-2021,02/23/2021,Merrimack,NEC,@ New Hampshire,Canceled,NA,NA,NA,NA,NA,NA,NA,NA,NA,NA,NA,NA,NA,NA,NA,NA,NA
2020-2021,02/25/2021,Merrimack,NEC,@ Northeastern,L 0-3,3,NA,14,12,61,0.033,14,6,6,25,9,NA,8,NA,4,24,1
2020-2021,03/01/2021(1),Merrimack,NEC,@ Bryant,L 0-3,3,NA,15,10,65,0.077,12,NA,5,14,8,NA,8,2,4,19,2
2020-2021,03/01/2021(2),Merrimack,NEC,@ Bryant,L 0-3,3,NA,12,13,61,-0.016,10,NA,7,21,13,1,4,2,3,15,NA
2020-2021,03/09/2021(1),Merrimack,NEC,@ Central Conn. St.,L 0-3,3,NA,17,13,80,0.05,16,NA,4,26,NA,1,8,NA,5,22,1
2020-2021,03/09/2021(2),Merrimack,NEC,@ Central Conn. St.,L 0-3,3,NA,21,16,90,0.056,18,3,4,31,9,4,NA,NA,4,28,NA
2020-2021,03/12/2021,Merrimack,NEC,FDU,L 1-3,4,NA,29,27,135,0.015,28,5,5,59,9,NA,12,NA,6,40,1
2020-2021,03/12/2021,Merrimack,NEC,FDU,L 0-3,3,NA,25,16,111,0.081,21,3,7,46,7,NA,10,NA,5,33,1
2020-2021,03/26/2021(1),Merrimack,NEC,@ LIU,L 0-3,3,NA,16,12,84,0.048,16,1,7,32,6,NA,NA,1,NA,17,1
2020-2021,03/26/2021(2),Merrimack,NEC,@ LIU,L 0-3,3,NA,15,17,99,-0.02,15,3,3,47,8,NA,2,1,1,19,1
2020-2021,03/31/2021,Merrimack,NEC,Sacred Heart,L 0-3,3,NA,25,21,103,0.039,23,3,6,37,5,NA,8,NA,4,32,NA
2020-2021,03/31/2021,Merrimack,NEC,Sacred Heart,L 0-3,3,NA,13,23,103,-0.097,11,3,4,33,3,3,4,3,5,21,2
2020-2021,04/03/2021,Merrimack,NEC,@ Boston College,L 1-3,4,NA,32,11,108,0.194,29,1,8,47,NA,4,8,1,8,41,1
2020-2021,02/13/2021,Sacred Heart,NEC,@ St. John's (NY),L 0-3,3,NA,32,19,92,0.141,29,1,7,30,4,NA,8,NA,4,37,3
2020-2021,02/20/2021(1),Sacred Heart,NEC,@ UAlbany,L 2-3,5,NA,52,26,202,0.129,47,2,5,105,8,NA,16,5,8,62,NA
2020-2021,02/20/2021(2),Sacred Heart,NEC,@ UAlbany,W 3-0,3,NA,40,13,99,0.273,39,5,2,42,5,NA,16,2,8,53,1
2020-2021,02/27/2021,Sacred Heart,NEC,@ Seton Hall,L 1-3,4,NA,53,25,168,0.167,41,4,3,68,8,3,10,NA,8,65,NA
2020-2021,03/02/2021(1),Sacred Heart,NEC,Central Conn. St.,W 3-0,3,NA,45,20,129,0.194,39,4,7,48,1,2,4,NA,4,53,NA
2020-2021,03/02/2021(2),Sacred Heart,NEC,Central Conn. St.,W 3-0,3,NA,36,12,118,0.203,30,5,6,56,1,3,18,1,12,53,NA
2020-2021,03/08/2021(1),Sacred Heart,NEC,Bryant,W 3-0,3,NA,45,10,111,0.315,41,7,10,56,1,NA,8,NA,4,56,1
2020-2021,03/08/2021(2),Sacred Heart,NEC,Bryant,W 3-0,3,NA,38,21,124,0.137,34,4,6,56,3,NA,12,1,6,48,NA
2020-2021,03/12/2021(1),Sacred Heart,NEC,@ LIU,W 3-2,5,NA,NA,21,223,0.238,NA,4,8,NA,6,1,22,6,12,NA,2
2020-2021,03/12/2021(2),Sacred Heart,NEC,@ LIU,W 3-2,5,NA,59,30,190,0.153,56,8,6,95,5,NA,20,2,10,77,1
2020-2021,03/17/2021(1),Sacred Heart,NEC,St. Francis Brooklyn,Ppd,NA,NA,NA,NA,NA,NA,NA,NA,NA,NA,NA,NA,NA,NA,NA,NA,NA
2020-2021,03/17/2021(2),Sacred Heart,NEC,St. Francis Brooklyn,Ppd,NA,NA,NA,NA,NA,NA,NA,NA,NA,NA,NA,NA,NA,NA,NA,NA,NA
2020-2021,03/26/2021,Sacred Heart,NEC,@ FDU,W 3-1,4,NA,58,21,156,0.237,55,3,6,75,8,1,10,NA,6,67,1
2020-2021,03/26/2021,Sacred Heart,NEC,@ FDU,W 3-0,3,NA,46,12,118,0.288,43,4,6,56,5,NA,2,1,1,51,2
2020-2021,03/31/2021,Sacred Heart,NEC,@ Merrimack,W 3-0,3,NA,42,13,102,0.284,37,5,8,51,3,1,4,2,3,50,1
2020-2021,03/31/2021,Sacred Heart,NEC,@ Merrimack,W 3-0,3,NA,42,10,90,0.356,41,3,4,57,3,1,10,NA,6,51,1
2020-2021,No data available in table,Saint Francis,NEC,No data available in table,No data available in table,NA,NA,NA,NA,NA,NA,NA,NA,NA,NA,NA,NA,NA,NA,NA,NA,NA
2020-2021,03/02/2021(1),St. Francis Brooklyn,NEC,LIU,L 1-3,4,NA,36,16,121,0.165,34,4,4,46,5,NA,20,3,10,50,2
2020-2021,03/02/2021(2),St. Francis Brooklyn,NEC,LIU,L 1-3,4,NA,40,18,145,0.152,37,6,11,72,10,NA,17,3,8.5,54.5,NA
2020-2021,03/12/2021(1),St. Francis Brooklyn,NEC,Central Conn. St.,Canceled,NA,NA,NA,NA,NA,NA,NA,NA,NA,NA,NA,NA,NA,NA,NA,NA,NA
2020-2021,03/12/2021(2),St. Francis Brooklyn,NEC,Central Conn. St.,Canceled,NA,NA,NA,NA,NA,NA,NA,NA,NA,NA,NA,NA,NA,NA,NA,NA,NA
2020-2021,03/17/2021(1),St. Francis Brooklyn,NEC,@ Sacred Heart,Ppd,NA,NA,NA,NA,NA,NA,NA,NA,NA,NA,NA,NA,NA,NA,NA,NA,NA
2020-2021,03/17/2021(2),St. Francis Brooklyn,NEC,@ Sacred Heart,Ppd,NA,NA,NA,NA,NA,NA,NA,NA,NA,NA,NA,NA,NA,NA,NA,NA,NA
2020-2021,03/26/2021(1),St. Francis Brooklyn,NEC,Bryant,Canceled,NA,NA,NA,NA,NA,NA,NA,NA,NA,NA,NA,NA,NA,NA,NA,NA,NA
2020-2021,03/26/2021(2),St. Francis Brooklyn,NEC,Bryant,Canceled,NA,NA,NA,NA,NA,NA,NA,NA,NA,NA,NA,NA,NA,NA,NA,NA,NA
2020-2021,02/07/2021,Austin Peay,OVC,Tennessee Tech,W 3-0,3,NA,44,19,119,0.21,40,4,NA,52,3,NA,6,NA,3,51,1
2020-2021,02/08/2021,Austin Peay,OVC,Tennessee Tech,W 3-0,3,NA,42,17,117,0.214,41,2,9,44,5,NA,12,NA,6,50,1
2020-2021,02/14/2021(1),Austin Peay,OVC,@ Tennessee St.,W 3-0,3,NA,45,17,105,0.267,42,8,5,43,2,1,4,3,3,56,NA
2020-2021,02/14/2021(2),Austin Peay,OVC,@ Tennessee St.,W 3-0,3,NA,47,18,120,0.242,45,6,3,55,1,NA,6,3,3,56,NA
2020-2021,02/21/2021,Austin Peay,OVC,Morehead St.,L 0-3,3,NA,34,23,122,0.09,32,1,1,59,7,NA,8,2,4,39,NA
2020-2021,02/22/2021,Austin Peay,OVC,Morehead St.,L 0-3,3,NA,20,10,98,0.102,19,2,2,36,11,2,4,NA,4,26,NA
2020-2021,02/28/2021,Austin Peay,OVC,@ Eastern Ill.,W 3-1,4,NA,72,18,132,0.409,66,3,7,57,2,1,6,NA,4,79,NA
2020-2021,03/01/2021,Austin Peay,OVC,@ Eastern Ill.,W 3-1,4,NA,58,16,137,0.307,55,6,5,58,3,2,12,NA,8,72,1
2020-2021,03/07/2021,Austin Peay,OVC,Murray St.,W 3-1,4,NA,62,20,159,0.264,58,10,5,77,8,1,16,4,9,81,NA
2020-2021,03/08/2021,Austin Peay,OVC,Murray St.,W 3-0,3,NA,45,13,102,0.314,43,6,5,47,1,2,16,NA,10,61,NA
2020-2021,03/14/2021,Austin Peay,OVC,@ Southeast Mo. St.,L 0-3,3,NA,40,15,112,0.223,35,2,9,44,5,3,6,NA,6,48,NA
2020-2021,03/15/2021,Austin Peay,OVC,@ Southeast Mo. St.,L 2-3,5,NA,55,32,183,0.126,50,8,6,80,8,2,8,1,6,69,2
2020-2021,03/21/2021,Austin Peay,OVC,SIUE,Canceled,NA,NA,NA,NA,NA,NA,NA,NA,NA,NA,NA,NA,NA,NA,NA,NA,NA
2020-2021,03/22/2021,Austin Peay,OVC,SIUE,Canceled,NA,NA,NA,NA,NA,NA,NA,NA,NA,NA,NA,NA,NA,NA,NA,NA,NA
2020-2021,03/29/2021(1),Austin Peay,OVC,@ UT Martin,W 3-0,3,NA,48,10,111,0.342,42,3,7,49,4,3,6,NA,6,57,2
2020-2021,03/29/2021(2),Austin Peay,OVC,@ UT Martin,L 2-3,5,NA,67,23,190,0.232,62,5,6,83,6,1,18,1,10,82,2
2020-2021,02/07/2021,Belmont,OVC,SIUE,L 0-3,3,NA,30,18,108,0.111,29,4,8,45,2,NA,NA,1,NA,34,3
2020-2021,02/08/2021,Belmont,OVC,SIUE,L 0-3,3,NA,26,27,120,-0.008,20,2,5,52,3,NA,8,1,4,32,2
2020-2021,02/21/2021,Belmont,OVC,Southeast Mo. St.,L 1-3,4,NA,32,23,137,0.066,29,3,4,57,6,NA,14,NA,7,42,3
2020-2021,02/22/2021,Belmont,OVC,Southeast Mo. St.,L 1-3,4,NA,39,21,137,0.131,37,5,9,63,11,2,14,3,9,53,2
2020-2021,02/24/2021(1),Belmont,OVC,@ UT Martin,L 1-3,4,NA,46,25,129,0.163,42,5,9,45,3,1,8,4,5,56,2
2020-2021,02/24/2021(2),Belmont,OVC,@ UT Martin,L 1-3,4,NA,55,23,157,0.204,53,5,10,60,5,2,4,2,4,64,2
2020-2021,02/28/2021,Belmont,OVC,@ Eastern Ky.,L 0-3,3,NA,30,21,103,0.087,28,1,4,28,5,NA,12,NA,6,37,NA
2020-2021,03/01/2021,Belmont,OVC,@ Eastern Ky.,W 3-2,5,NA,71,20,184,0.277,65,5,9,87,8,2,14,1,9,85,1
2020-2021,03/07/2021,Belmont,OVC,Jacksonville St.,L 1-3,4,NA,41,24,136,0.125,39,3,6,53,7,4,10,1,9,53,1
2020-2021,03/08/2021,Belmont,OVC,Jacksonville St.,L 0-3,3,NA,26,16,99,0.101,24,NA,4,30,4,NA,8,1,4,30,NA
2020-2021,03/13/2021,Belmont,OVC,@ Morehead St.,L 0-3,3,NA,34,17,123,0.138,32,5,7,53,6,2,12,2,8,47,NA
2020-2021,03/14/2021,Belmont,OVC,@ Morehead St.,L 0-3,3,NA,30,18,91,0.132,27,2,7,25,5,2,9,1,6.5,38.5,2
2020-2021,03/21/2021,Belmont,OVC,Tennessee St.,W 3-1,4,NA,55,23,137,0.234,52,8,14,45,4,NA,12,5,6,69,NA
2020-2021,03/22/2021,Belmont,OVC,Tennessee St.,W 3-0,3,NA,42,16,122,0.213,37,3,11,54,2,2,12,1,8,53,NA
2020-2021,03/28/2021,Belmont,OVC,@ Tennessee Tech,L 1-3,4,NA,33,24,135,0.067,29,2,7,48,11,4,14,NA,11,46,NA
2020-2021,03/29/2021,Belmont,OVC,@ Tennessee Tech,L 1-3,4,NA,51,24,127,0.213,47,6,13,52,8,2,14,2,9,66,1
2020-2021,02/07/2021,Eastern Ill.,OVC,Morehead St.,L 1-3,4,NA,43,27,133,0.12,40,9,13,48,7,2,12,NA,8,60,1
2020-2021,02/08/2021,Eastern Ill.,OVC,Morehead St.,L 0-3,3,NA,38,16,99,0.222,35,2,3,36,6,1,12,NA,7,47,2
2020-2021,02/14/2021(1),Eastern Ill.,OVC,@ Tennessee Tech,L 1-3,4,NA,35,27,140,0.057,32,4,11,50,6,2,12,NA,8,47,NA
2020-2021,02/14/2021(2),Eastern Ill.,OVC,@ Tennessee Tech,L 0-3,3,NA,25,26,103,-0.01,22,3,9,26,4,2,13,3,8.5,36.5,NA
2020-2021,02/21/2021,Eastern Ill.,OVC,@ UT Martin,L 0-3,3,NA,28,22,103,0.058,26,4,2,48,5,1,2,2,2,34,1
2020-2021,02/22/2021,Eastern Ill.,OVC,@ UT Martin,L 0-3,3,NA,45,18,123,0.22,41,4,8,44,4,1,4,1,3,52,1
2020-2021,02/28/2021,Eastern Ill.,OVC,Austin Peay,L 1-3,4,NA,45,18,125,0.216,40,2,5,36,3,3,6,NA,6,53,NA
2020-2021,03/01/2021,Eastern Ill.,OVC,Austin Peay,L 1-3,4,NA,43,16,133,0.203,40,3,8,48,6,2,14,NA,9,55,2
2020-2021,03/07/2021,Eastern Ill.,OVC,Tennessee St.,L 2-3,5,NA,59,38,194,0.108,56,5,10,80,6,1,6,NA,4,68,NA
2020-2021,03/08/2021,Eastern Ill.,OVC,Tennessee St.,W 3-0,3,NA,49,22,151,0.179,45,3,5,64,3,NA,8,NA,4,56,NA
2020-2021,03/14/2021,Eastern Ill.,OVC,@ Murray St.,L 1-3,4,NA,44,28,145,0.11,41,4,8,56,2,4,12,1,10,58,2
2020-2021,03/15/2021,Eastern Ill.,OVC,@ Murray St.,W 3-1,4,NA,53,20,141,0.234,52,6,10,59,6,2,14,4,9,68,3
2020-2021,03/21/2021,Eastern Ill.,OVC,Southeast Mo. St.,L 0-3,3,NA,31,11,110,0.182,28,1,9,46,8,NA,2,NA,1,33,1
2020-2021,03/22/2021,Eastern Ill.,OVC,Southeast Mo. St.,L 0-3,3,NA,32,16,97,0.165,32,2,4,35,8,1,8,NA,5,39,3
2020-2021,03/28/2021,Eastern Ill.,OVC,@ SIUE,L 0-3,3,NA,37,19,111,0.162,35,NA,7,45,3,NA,24,1,12,49,3
2020-2021,03/29/2021,Eastern Ill.,OVC,@ SIUE,L 0-3,3,NA,34,22,130,0.092,30,2,7,50,2,4,6,1,7,43,4
2020-2021,02/07/2021,Eastern Ky.,OVC,UT Martin,L 1-3,4,NA,59,24,159,0.22,52,1,12,70,7,1,6,NA,4,64,2
2020-2021,02/08/2021,Eastern Ky.,OVC,UT Martin,W 3-2,5,NA,NA,26,NA,0.247,NA,7,11,NA,2,NA,14,NA,7,NA,NA
2020-2021,02/14/2021,Eastern Ky.,OVC,@ Southeast Mo. St.,L 1-3,4,NA,51,26,149,0.168,46,2,11,60,2,1,14,NA,8,61,NA
2020-2021,02/14/2021,Eastern Ky.,OVC,@ Southeast Mo. St.,L 1-3,4,NA,51,21,160,0.188,45,2,6,68,8,1,10,1,6,59,NA
2020-2021,02/21/2021,Eastern Ky.,OVC,@ Tennessee Tech,L 0-3,3,NA,20,21,77,-0.013,20,3,3,28,NA,NA,NA,NA,NA,23,2
2020-2021,02/22/2021,Eastern Ky.,OVC,@ Tennessee Tech,L 2-3,5,NA,53,NA,169,0.065,48,5,6,63,9,1,16,1,9,67,1
2020-2021,02/28/2021,Eastern Ky.,OVC,Belmont,W 3-0,3,NA,45,15,92,0.326,41,5,4,49,1,2,8,NA,6,56,2
2020-2021,03/01/2021,Eastern Ky.,OVC,Belmont,L 2-3,5,NA,62,26,188,0.191,57,8,2,82,5,2,12,1,8,78,1
2020-2021,03/07/2021,Eastern Ky.,OVC,SIUE,L 0-3,3,NA,37,21,114,0.14,26,1,6,46,3,NA,6,1,3,41,1
2020-2021,03/08/2021,Eastern Ky.,OVC,SIUE,L 2-3,5,NA,61,19,162,0.259,54,1,9,54,1,NA,10,2,5,67,1
2020-2021,03/14/2021,Eastern Ky.,OVC,@ Jacksonville St.,L 0-3,3,NA,26,18,79,0.101,22,6,5,27,10,2,NA,2,2,34,NA
2020-2021,03/15/2021,Eastern Ky.,OVC,@ Jacksonville St.,L 0-3,3,NA,31,19,97,0.124,23,4,4,37,4,1,8,NA,5,40,1
2020-2021,03/21/2021,Eastern Ky.,OVC,Morehead St.,L 1-3,4,NA,44,22,134,0.164,37,NA,9,49,2,2,8,1,6,50,4
2020-2021,03/22/2021,Eastern Ky.,OVC,Morehead St.,L 0-3,3,NA,35,14,99,0.212,32,2,2,32,5,NA,6,1,3,40,2
2020-2021,03/28/2021,Eastern Ky.,OVC,@ Tennessee St.,L 1-3,4,NA,45,25,149,0.134,35,NA,6,49,6,NA,16,2,8,53,1
2020-2021,03/29/2021,Eastern Ky.,OVC,@ Tennessee St.,L 1-3,4,NA,54,30,158,0.152,44,6,3,52,4,1,12,5,7,67,NA
2020-2021,02/07/2021,Jacksonville St.,OVC,Southeast Mo. St.,W 3-1,4,NA,46,21,114,0.219,35,13,7,50,7,4,6,NA,7,66,NA
2020-2021,02/08/2021,Jacksonville St.,OVC,Southeast Mo. St.,W 3-0,3,NA,48,10,108,0.352,43,1,3,49,2,1,8,2,5,54,NA
2020-2021,02/14/2021,Jacksonville St.,OVC,@ SIUE,W 3-1,4,NA,65,17,150,0.32,58,2,8,58,4,NA,2,1,11,78,NA
2020-2021,02/15/2021,Jacksonville St.,OVC,@ SIUE,W 3-0,3,NA,53,13,130,0.308,52,4,6,51,2,1,6,2,4,61,NA
2020-2021,02/21/2021,Jacksonville St.,OVC,@ Tennessee St.,W 3-0,3,NA,45,16,109,0.266,45,7,5,51,1,NA,10,1,5,57,1
2020-2021,02/22/2021,Jacksonville St.,OVC,@ Tennessee St.,W 3-0,3,NA,46,12,100,0.34,41,10,3,37,2,NA,8,1,4,60,3
2020-2021,02/28/2021,Jacksonville St.,OVC,Tennessee Tech,W 3-0,3,NA,44,15,91,0.319,42,5,6,49,4,3,8,NA,7,56,NA
2020-2021,03/01/2021,Jacksonville St.,OVC,Tennessee Tech,W 3-1,4,NA,62,23,136,0.287,58,4,5,59,4,3,10,NA,8,74,1
2020-2021,03/07/2021,Jacksonville St.,OVC,@ Belmont,W 3-1,4,NA,60,19,136,0.301,53,7,7,64,3,1,16,NA,9,76,NA
2020-2021,03/08/2021,Jacksonville St.,OVC,@ Belmont,W 3-0,3,NA,51,13,97,0.392,48,4,7,51,NA,1,12,1,7,62,NA
2020-2021,03/14/2021,Jacksonville St.,OVC,Eastern Ky.,W 3-0,3,NA,42,9,81,0.407,38,10,4,34,6,NA,12,1,6,58,1
2020-2021,03/15/2021,Jacksonville St.,OVC,Eastern Ky.,W 3-0,3,NA,45,12,100,0.33,42,4,6,38,4,1,16,NA,9,58,NA
2020-2021,03/21/2021,Jacksonville St.,OVC,UT Martin,W 3-0,3,NA,50,14,101,0.356,48,4,5,58,3,1,8,1,5,59,2
2020-2021,03/22/2021,Jacksonville St.,OVC,UT Martin,W 3-0,3,NA,41,8,84,0.393,34,10,5,33,1,1,18,NA,10,61,NA
2020-2021,03/28/2021,Jacksonville St.,OVC,@ Morehead St.,W 3-2,5,NA,67,17,184,0.272,62,2,6,80,5,2,18,NA,11,80,1
2020-2021,03/29/2021,Jacksonville St.,OVC,@ Morehead St.,L 0-3,3,NA,37,20,127,0.134,33,1,5,53,3,5,12,1,11,49,2
2020-2021,04/01/2021,Jacksonville St.,OVC,"#3 Southeast Mo. St. @Morehead, KY (20-21 WVB OVC Volleyball Championship)",W 3-0,3,NA,48,19,108,0.269,47,3,6,53,3,NA,10,NA,5,56,2
2020-2021,04/02/2021,Jacksonville St.,OVC,@#1 Morehead St. 20-21 WVB OVC Volleyball Championship,L 0-3,3,NA,34,19,105,0.143,34,1,4,36,5,2,12,1,8,43,NA
2020-2021,02/07/2021,Morehead St.,OVC,@ Eastern Ill.,W 3-1,4,NA,39,18,119,0.176,36,7,7,48,9,1,6,NA,4,50,NA
2020-2021,02/08/2021,Morehead St.,OVC,@ Eastern Ill.,W 3-0,3,NA,45,15,101,0.297,44,6,6,38,2,1,8,NA,5,56,NA
2020-2021,02/13/2021,Morehead St.,OVC,Murray St.,W 3-0,3,NA,46,9,105,0.352,45,8,4,55,2,NA,20,NA,10,64,1
2020-2021,02/14/2021,Morehead St.,OVC,Murray St.,W 3-0,3,NA,46,12,108,0.315,43,5,5,52,2,NA,16,2,8,59,1
2020-2021,02/21/2021,Morehead St.,OVC,@ Austin Peay,W 3-0,3,NA,42,16,121,0.215,41,7,6,61,1,3,12,3,9,58,NA
2020-2021,02/22/2021,Morehead St.,OVC,@ Austin Peay,W 3-0,3,NA,51,16,108,0.324,47,11,4,55,2,3,6,NA,6,68,NA
2020-2021,02/28/2021,Morehead St.,OVC,Tennessee St.,W 3-1,4,NA,52,27,149,0.168,49,5,5,72,2,2,22,1,13,70,NA
2020-2021,03/01/2021,Morehead St.,OVC,Tennessee St.,W 3-0,3,NA,50,11,102,0.382,49,6,5,46,1,2,7,3,5.5,61.5,NA
2020-2021,03/07/2021,Morehead St.,OVC,@ Tennessee Tech,W 3-2,5,NA,61,33,182,0.154,51,9,7,86,5,2,16,1,10,80,NA
2020-2021,03/08/2021,Morehead St.,OVC,@ Tennessee Tech,W 3-0,3,NA,46,7,89,0.438,35,4,5,40,5,NA,14,2,7,57,3
2020-2021,03/13/2021,Morehead St.,OVC,Belmont,W 3-0,3,NA,46,17,125,0.232,45,6,6,65,5,1,14,2,8,60,4
2020-2021,03/14/2021,Morehead St.,OVC,Belmont,W 3-0,3,NA,42,15,85,0.318,41,5,5,39,2,2,12,1,8,55,1
2020-2021,03/21/2021,Morehead St.,OVC,@ Eastern Ky.,W 3-1,4,NA,58,25,138,0.239,52,2,5,62,NA,3,14,1,10,70,1
2020-2021,03/22/2021,Morehead St.,OVC,@ Eastern Ky.,W 3-0,3,NA,49,11,99,0.384,47,5,3,43,2,2,6,1,5,59,NA
2020-2021,03/28/2021,Morehead St.,OVC,Jacksonville St.,L 2-3,5,NA,68,27,191,0.215,62,5,4,86,2,NA,10,NA,5,78,1
2020-2021,03/29/2021,Morehead St.,OVC,Jacksonville St.,W 3-0,3,NA,44,17,122,0.221,43,3,3,57,1,2,16,NA,10,57,1
2020-2021,04/01/2021,Morehead St.,OVC,#4 SIUE 20-21 WVB OVC Volleyball Championship,Canceled,NA,NA,NA,NA,NA,NA,NA,NA,NA,NA,NA,NA,NA,NA,NA,NA,NA
2020-2021,04/02/2021,Morehead St.,OVC,#2 Jacksonville St. 20-21 WVB OVC Volleyball Championship,W 3-0,3,NA,47,11,101,0.356,45,5,2,48,1,3,12,NA,9,61,1
2020-2021,04/14/2021,Morehead St.,OVC,"Creighton @Omaha, NE (2020 NCAA DI Women's Volleyball Championship)",W 3-2,5,NA,59,30,172,0.169,55,7,7,68,5,1,8,3,5,71,1
2020-2021,04/15/2021,Morehead St.,OVC,"#8 Florida @Omaha, NE (2020 NCAA DI Women's Volleyball Championship)",L 0-3,3,NA,27,20,96,0.073,22,3,6,43,8,1,4,NA,3,33,NA
2020-2021,02/07/2021,Murray St.,OVC,Tennessee St.,W 3-0,3,NA,44,17,113,0.239,39,7,7,49,NA,1,2,NA,2,53,NA
2020-2021,02/08/2021,Murray St.,OVC,Tennessee St.,W 3-2,5,NA,57,26,195,0.159,53,11,12,63,1,4,4,NA,6,74,3
2020-2021,02/13/2021,Murray St.,OVC,@ Morehead St.,L 0-3,3,NA,24,20,109,0.037,23,2,1,44,8,NA,NA,1,NA,26,NA
2020-2021,02/14/2021,Murray St.,OVC,@ Morehead St.,L 0-3,3,NA,35,16,118,0.161,32,2,7,43,5,1,4,NA,3,40,NA
2020-2021,02/21/2021,Murray St.,OVC,@ SIUE,L 2-3,5,NA,55,31,184,0.13,51,4,12,97,4,1,4,NA,3,62,1
2020-2021,02/22/2021,Murray St.,OVC,@ SIUE,L 0-3,3,NA,33,26,124,0.056,30,2,4,55,4,1,4,NA,3,38,NA
2020-2021,02/28/2021,Murray St.,OVC,UT Martin,W 3-2,5,NA,57,20,167,0.222,52,3,7,64,4,4,12,3,10,70,2
2020-2021,,Murray St.,OVC,Defensive Totals,,5,NA,61,42,188,0.101,57,4,6,73,3,1,12,NA,7,72,NA
2020-2021,03/01/2021,Murray St.,OVC,UT Martin,W 3-0,3,NA,53,22,132,0.235,49,5,2,64,1,4,6,1,7,65,1
2020-2021,03/07/2021,Murray St.,OVC,@ Austin Peay,L 1-3,4,NA,55,18,158,0.234,49,8,3,71,10,1,6,2,4,67,1
2020-2021,03/08/2021,Murray St.,OVC,@ Austin Peay,L 0-3,3,NA,30,18,99,0.121,26,1,4,40,6,2,6,1,5,36,1
2020-2021,03/14/2021,Murray St.,OVC,Eastern Ill.,W 3-1,4,NA,55,21,151,0.225,52,2,8,65,4,4,1,NA,4.5,61.5,1
2020-2021,03/15/2021,Murray St.,OVC,Eastern Ill.,L 1-3,4,NA,50,20,141,0.213,46,6,8,62,6,4,16,NA,12,68,2
2020-2021,03/21/2021,Murray St.,OVC,Tennessee Tech,L 1-3,4,NA,49,31,175,0.103,47,2,8,73,2,3,6,1,6,57,NA
2020-2021,03/22/2021,Murray St.,OVC,Tennessee Tech,L 2-3,5,NA,54,30,165,0.145,50,8,6,80,10,5,12,2,11,73,1
2020-2021,03/28/2021,Murray St.,OVC,@ Southeast Mo. St.,L 0-3,3,NA,24,19,131,0.038,21,1,5,69,8,4,6,1,7,32,NA
2020-2021,03/29/2021,Murray St.,OVC,@ Southeast Mo. St.,L 0-3,3,NA,24,23,125,0.008,23,4,5,65,7,1,14,1,8,36,NA
2020-2021,02/07/2021,SIUE,OVC,@ Belmont,W 3-0,3,NA,43,5,98,0.388,38,2,8,54,4,3,12,2,9,54,1
2020-2021,02/08/2021,SIUE,OVC,@ Belmont,W 3-0,3,NA,38,17,119,0.176,36,3,7,60,2,3,22,1,14,55,1
2020-2021,02/14/2021,SIUE,OVC,Jacksonville St.,L 1-3,4,NA,55,23,144,0.222,55,4,2,54,2,6,2,NA,7,66,NA
2020-2021,02/15/2021,SIUE,OVC,Jacksonville St.,L 0-3,3,NA,37,10,122,0.221,34,2,5,50,4,NA,12,NA,6,45,2
2020-2021,02/21/2021,SIUE,OVC,Murray St.,W 3-2,5,NA,56,20,162,0.222,52,4,11,96,4,4,16,2,12,72,4
2020-2021,02/22/2021,SIUE,OVC,Murray St.,W 3-0,3,NA,41,16,112,0.223,33,4,6,53,2,4,21,NA,14.5,59.5,1
2020-2021,02/28/2021,SIUE,OVC,@ Southeast Mo. St.,L 1-3,4,NA,40,22,146,0.123,32,2,2,44,3,3,8,NA,7,49,NA
2020-2021,03/01/2021,SIUE,OVC,@ Southeast Mo. St.,L 0-3,3,NA,27,22,98,0.051,25,5,3,43,7,NA,4,2,2,34,NA
2020-2021,03/07/2021,SIUE,OVC,@ Eastern Ky.,W 3-0,3,NA,44,10,102,0.333,40,3,7,52,1,2,10,NA,7,54,1
2020-2021,03/08/2021,SIUE,OVC,@ Eastern Ky.,W 3-2,5,NA,74,22,160,0.325,69,1,6,72,1,NA,16,3,8,83,4
2020-2021,03/14/2021,SIUE,OVC,UT Martin,W 3-0,3,NA,47,16,109,0.284,44,3,8,53,1,3,14,NA,10,60,2
2020-2021,03/15/2021,SIUE,OVC,UT Martin,W 3-0,3,NA,43,12,123,0.252,40,4,10,65,NA,4,18,1,13,60,3
2020-2021,03/21/2021,SIUE,OVC,@ Austin Peay,Canceled,NA,NA,NA,NA,NA,NA,NA,NA,NA,NA,NA,NA,NA,NA,NA,NA,NA
2020-2021,03/22/2021,SIUE,OVC,@ Austin Peay,Canceled,NA,NA,NA,NA,NA,NA,NA,NA,NA,NA,NA,NA,NA,NA,NA,NA,NA
2020-2021,03/28/2021,SIUE,OVC,Eastern Ill.,W 3-0,3,NA,43,19,111,0.216,41,3,5,47,NA,1,13,NA,7.5,53.5,2
2020-2021,03/29/2021,SIUE,OVC,Eastern Ill.,W 3-0,3,NA,40,14,112,0.232,36,2,3,61,2,2,12,NA,8,50,NA
2020-2021,04/01/2021,SIUE,OVC,@#1 Morehead St. 20-21 WVB OVC Volleyball Championship,Canceled,NA,NA,NA,NA,NA,NA,NA,NA,NA,NA,NA,NA,NA,NA,NA,NA,NA
2020-2021,02/07/2021,Southeast Mo. St.,OVC,@ Jacksonville St.,L 1-3,4,NA,41,20,115,0.183,36,7,11,41,13,2,10,NA,7,55,NA
2020-2021,02/08/2021,Southeast Mo. St.,OVC,@ Jacksonville St.,L 0-3,3,NA,49,16,119,0.277,40,2,9,45,1,NA,2,1,1,52,NA
2020-2021,02/14/2021,Southeast Mo. St.,OVC,Eastern Ky.,W 3-1,4,NA,51,28,154,0.149,47,2,6,61,2,NA,24,1,12,65,NA
2020-2021,02/14/2021,Southeast Mo. St.,OVC,Eastern Ky.,W 3-1,4,NA,56,20,164,0.22,51,8,9,71,2,2,12,NA,8,72,NA
2020-2021,02/21/2021,Southeast Mo. St.,OVC,@ Belmont,W 3-1,4,NA,53,25,140,0.2,47,6,8,70,3,1,10,NA,6,65,1
2020-2021,02/22/2021,Southeast Mo. St.,OVC,@ Belmont,W 3-1,4,NA,49,21,144,0.194,42,11,7,71,5,4,10,NA,9,69,NA
2020-2021,02/28/2021,Southeast Mo. St.,OVC,SIUE,W 3-1,4,NA,60,21,154,0.253,56,8,7,72,4,NA,20,1,10,78,NA
2020-2021,03/01/2021,Southeast Mo. St.,OVC,SIUE,W 3-0,3,NA,40,8,95,0.337,39,7,4,43,5,NA,20,2,10,57,NA
2020-2021,03/07/2021,Southeast Mo. St.,OVC,@ UT Martin,W 3-0,3,NA,46,21,120,0.208,41,2,6,60,NA,NA,16,5,8,56,NA
2020-2021,03/08/2021,Southeast Mo. St.,OVC,@ UT Martin,W 3-0,3,NA,39,5,91,0.374,38,11,7,48,3,1,14,1,8,58,NA
2020-2021,03/14/2021,Southeast Mo. St.,OVC,Austin Peay,W 3-0,3,NA,42,13,108,0.269,38,5,6,50,2,NA,10,NA,5,52,NA
2020-2021,03/15/2021,Southeast Mo. St.,OVC,Austin Peay,W 3-2,5,NA,59,24,170,0.206,56,8,9,77,8,NA,22,1,11,78,NA
2020-2021,03/21/2021,Southeast Mo. St.,OVC,@ Eastern Ill.,W 3-0,3,NA,46,16,113,0.265,40,8,5,54,1,1,4,NA,3,57,1
2020-2021,03/22/2021,Southeast Mo. St.,OVC,@ Eastern Ill.,W 3-0,3,NA,43,15,101,0.277,39,8,7,37,2,2,12,NA,8,59,NA
2020-2021,03/28/2021,Southeast Mo. St.,OVC,Murray St.,W 3-0,3,NA,42,20,141,0.156,40,8,11,74,1,NA,8,1,4,54,NA
2020-2021,03/29/2021,Southeast Mo. St.,OVC,Murray St.,W 3-0,3,NA,39,20,131,0.145,37,7,11,70,4,1,12,1,7,53,NA
2020-2021,04/01/2021,Southeast Mo. St.,OVC,"#2 Jacksonville St. @Morehead, KY (20-21 WVB OVC Volleyball Championship)",L 0-3,3,NA,33,15,111,0.162,32,3,10,36,3,1,10,NA,6,42,NA
2020-2021,02/07/2021,Tennessee St.,OVC,@ Murray St.,L 0-3,3,NA,24,15,90,0.1,22,NA,4,44,7,NA,10,1,5,29,NA
2020-2021,02/08/2021,Tennessee St.,OVC,@ Murray St.,L 2-3,5,NA,60,28,168,0.19,54,1,9,84,11,1,14,2,8,69,3
2020-2021,02/14/2021(1),Tennessee St.,OVC,Austin Peay,L 0-3,3,NA,33,16,102,0.167,29,2,4,38,8,1,6,2,4,39,3
2020-2021,02/14/2021(2),Tennessee St.,OVC,Austin Peay,L 0-3,3,NA,29,19,107,0.093,27,1,3,50,6,2,10,1,7,37,NA
2020-2021,02/21/2021,Tennessee St.,OVC,Jacksonville St.,L 0-3,3,NA,27,17,103,0.097,23,1,4,38,7,NA,6,2,3,31,1
2020-2021,02/22/2021,Tennessee St.,OVC,Jacksonville St.,L 0-3,3,NA,31,14,87,0.195,29,2,5,37,10,1,8,5,5,38,NA
2020-2021,02/28/2021,Tennessee St.,OVC,@ Morehead St.,L 1-3,4,NA,34,25,143,0.063,27,2,3,59,5,2,16,NA,10,46,2
2020-2021,03/01/2021,Tennessee St.,OVC,@ Morehead St.,L 0-3,3,NA,18,13,85,0.059,17,1,3,29,6,1,6,1,4,23,3
2020-2021,03/07/2021,Tennessee St.,OVC,@ Eastern Ill.,W 3-2,5,NA,49,14,158,0.222,41,6,5,77,5,1,20,NA,11,66,2
2020-2021,03/08/2021,Tennessee St.,OVC,@ Eastern Ill.,L 0-3,3,NA,35,17,123,0.146,34,3,2,68,3,3,14,NA,10,48,NA
2020-2021,03/14/2021,Tennessee St.,OVC,Tennessee Tech,W 3-2,5,NA,54,19,147,0.238,49,6,9,68,7,NA,6,2,3,63,3
2020-2021,03/15/2021,Tennessee St.,OVC,Tennessee Tech,L 0-3,3,NA,30,19,86,0.128,26,2,5,42,6,NA,4,3,2,34,NA
2020-2021,03/21/2021,Tennessee St.,OVC,@ Belmont,L 1-3,4,NA,36,24,111,0.108,34,4,4,51,8,NA,18,2,9,49,2
2020-2021,03/22/2021,Tennessee St.,OVC,@ Belmont,L 0-3,3,NA,34,21,111,0.117,29,2,8,56,3,2,12,5,8,44,NA
2020-2021,03/28/2021,Tennessee St.,OVC,Eastern Ky.,W 3-1,4,NA,54,16,133,0.286,46,6,4,63,NA,2,15,NA,9.5,69.5,2
2020-2021,03/29/2021,Tennessee St.,OVC,Eastern Ky.,W 3-1,4,NA,57,18,144,0.271,54,4,7,65,6,4,18,3,13,74,NA
2020-2021,02/07/2021,Tennessee Tech,OVC,@ Austin Peay,L 0-3,3,NA,40,17,116,0.198,38,3,6,48,4,3,4,3,5,48,1
2020-2021,02/08/2021,Tennessee Tech,OVC,@ Austin Peay,L 0-3,3,NA,28,16,97,0.124,30,5,5,45,3,5,6,1,8,41,2
2020-2021,02/14/2021(1),Tennessee Tech,OVC,Eastern Ill.,W 3-1,4,NA,49,27,131,0.168,46,6,9,58,4,1,20,NA,11,66,NA
2020-2021,02/14/2021(2),Tennessee Tech,OVC,Eastern Ill.,W 3-0,3,NA,36,20,84,0.19,34,4,6,43,3,NA,14,1,7,47,NA
2020-2021,02/21/2021,Tennessee Tech,OVC,Eastern Ky.,W 3-0,3,NA,33,9,75,0.32,31,NA,10,33,3,3,12,NA,9,56,NA
2020-2021,02/22/2021,Tennessee Tech,OVC,Eastern Ky.,W 3-2,5,NA,54,28,157,0.166,50,9,7,59,5,7,22,NA,NA,81,NA
2020-2021,02/28/2021,Tennessee Tech,OVC,@ Jacksonville St.,L 0-3,3,NA,26,19,94,0.074,23,4,8,30,5,2,6,NA,5,35,2
2020-2021,03/01/2021,Tennessee Tech,OVC,@ Jacksonville St.,L 1-3,4,NA,45,23,133,0.165,43,4,6,44,4,5,8,NA,9,58,1
2020-2021,03/07/2021,Tennessee Tech,OVC,Morehead St.,L 2-3,5,NA,54,32,187,0.118,49,5,9,77,9,3,20,3,13,72,NA
2020-2021,03/08/2021,Tennessee Tech,OVC,Morehead St.,L 0-3,3,NA,31,19,98,0.122,27,5,4,32,4,NA,8,1,4,40,2
2020-2021,03/14/2021,Tennessee Tech,OVC,@ Tennessee St.,L 2-3,5,NA,58,21,167,0.222,53,7,14,56,6,1,6,1,4,69,NA
2020-2021,03/15/2021,Tennessee Tech,OVC,@ Tennessee St.,W 3-0,3,NA,44,12,106,0.302,39,6,12,31,2,1,10,1,6,56,NA
2020-2021,03/21/2021,Tennessee Tech,OVC,@ Murray St.,W 3-1,4,NA,55,27,167,0.168,49,2,NA,70,2,6,16,1,14,71,3
2020-2021,03/22/2021,Tennessee Tech,OVC,@ Murray St.,W 3-2,5,NA,63,25,171,0.222,60,10,NA,76,8,1,NA,1,16,89,1
2020-2021,03/28/2021,Tennessee Tech,OVC,Belmont,W 3-1,4,NA,55,24,136,0.228,49,11,13,69,2,1,8,3,5,71,NA
2020-2021,03/29/2021,Tennessee Tech,OVC,Belmont,W 3-1,4,NA,55,21,142,0.239,50,8,9,45,6,1,22,1,12,75,1
2020-2021,02/07/2021,UT Martin,OVC,@ Eastern Ky.,W 3-1,4,NA,49,18,154,0.201,42,7,7,61,1,2,10,3,7,63,2
2020-2021,02/08/2021,UT Martin,OVC,@ Eastern Ky.,L 2-3,5,NA,59,22,216,0.171,50,2,6,103,7,1,8,1,5,66,2
2020-2021,02/21/2021,UT Martin,OVC,Eastern Ill.,W 3-0,3,NA,44,11,106,0.311,41,5,10,46,4,NA,4,NA,2,51,NA
2020-2021,02/22/2021,UT Martin,OVC,Eastern Ill.,W 3-0,3,NA,41,13,107,0.262,39,4,5,51,4,1,NA,2,1,46,NA
2020-2021,02/24/2021(1),UT Martin,OVC,Belmont,W 3-1,4,NA,55,13,122,0.344,52,3,8,52,5,4,8,4,8,66,NA
2020-2021,02/24/2021(2),UT Martin,OVC,Belmont,W 3-1,4,NA,55,18,143,0.259,53,5,5,70,5,1,12,NA,7,67,NA
2020-2021,02/28/2021,UT Martin,OVC,@ Murray St.,L 2-3,5,NA,61,42,188,0.101,57,4,6,73,3,1,12,NA,7,72,NA
2020-2021,03/01/2021,UT Martin,OVC,@ Murray St.,L 0-3,3,NA,39,21,129,0.14,36,1,3,48,5,3,16,2,11,51,NA
2020-2021,03/07/2021,UT Martin,OVC,Southeast Mo. St.,L 0-3,3,NA,32,22,126,0.079,31,NA,3,51,2,1,14,1,8,40,NA
2020-2021,03/08/2021,UT Martin,OVC,Southeast Mo. St.,L 0-3,3,NA,33,21,110,0.109,32,3,2,40,11,NA,2,1,1,37,NA
2020-2021,03/14/2021,UT Martin,OVC,@ SIUE,L 0-3,3,NA,32,22,107,0.093,31,1,2,45,3,1,4,NA,3,36,NA
2020-2021,03/15/2021,UT Martin,OVC,@ SIUE,L 0-3,3,NA,43,27,128,0.125,39,NA,3,73,4,1,6,NA,4,47,2
2020-2021,03/21/2021,UT Martin,OVC,@ Jacksonville St.,L 0-3,3,NA,31,14,107,0.159,27,3,6,37,4,2,NA,1,2,36,NA
2020-2021,03/22/2021,UT Martin,OVC,@ Jacksonville St.,L 0-3,3,NA,29,20,88,0.102,26,1,4,28,10,NA,2,2,1,31,NA
2020-2021,03/29/2021(1),UT Martin,OVC,Austin Peay,L 0-3,3,NA,44,20,122,0.197,39,4,7,48,3,NA,4,3,2,50,NA
2020-2021,03/29/2021(2),UT Martin,OVC,Austin Peay,W 3-2,5,NA,74,29,197,0.228,NA,6,5,87,5,2,14,1,9,89,NA
2020-2021,01/22/2021,Arizona,Pac-12,@ Utah,L 0-3,3,NA,24,21,102,0.029,20,5,10,37,4,2,6,2,5,34,NA
2020-2021,01/24/2021,Arizona,Pac-12,@ Utah,L 0-3,3,NA,25,16,85,0.106,22,4,6,34,9,NA,4,NA,2,31,2
2020-2021,01/29/2021,Arizona,Pac-12,Washington,L 0-3,3,NA,42,26,117,0.137,38,2,9,38,7,3,6,NA,6,50,NA
2020-2021,01/30/2021,Arizona,Pac-12,Washington,L 2-3,5,NA,70,25,167,0.269,63,4,10,56,5,1,16,1,9,83,NA
2020-2021,02/05/2021,Arizona,Pac-12,Stanford,W 3-0,3,NA,37,14,84,0.274,32,8,2,38,3,NA,12,1,6,51,1
2020-2021,02/07/2021,Arizona,Pac-12,Stanford,W 3-1,4,NA,48,16,138,0.232,42,7,7,66,7,2,13,1,8.5,63.5,1
2020-2021,02/12/2021,Arizona,Pac-12,@ Oregon,L 0-3,3,NA,33,20,109,0.119,28,2,9,43,2,NA,6,2,3,38,NA
2020-2021,02/14/2021,Arizona,Pac-12,@ Oregon,L 0-3,3,NA,30,18,99,0.121,26,3,7,36,5,NA,4,2,2,35,2
2020-2021,02/19/2021,Arizona,Pac-12,Oregon St.,W 3-0,3,NA,38,19,104,0.183,36,5,6,53,3,2,6,NA,5,48,1
2020-2021,02/21/2021,Arizona,Pac-12,Oregon St.,W 3-1,4,NA,55,21,128,0.266,51,6,8,46,3,1,10,NA,6,67,NA
2020-2021,02/26/2021,Arizona,Pac-12,@ UCLA,L 1-3,4,NA,55,23,161,0.199,49,3,7,58,9,NA,18,3,9,67,NA
2020-2021,02/28/2021,Arizona,Pac-12,@ UCLA,L 0-3,3,NA,29,18,98,0.112,27,1,5,40,7,NA,6,2,3,33,NA
2020-2021,03/05/2021,Arizona,Pac-12,Arizona St.,W 3-0,3,NA,49,11,103,0.369,43,6,8,40,6,1,4,NA,3,58,NA
2020-2021,03/07/2021,Arizona,Pac-12,@ Arizona St.,L 2-3,5,NA,59,23,139,0.259,54,4,15,52,9,2,16,3,10,73,1
2020-2021,03/12/2021,Arizona,Pac-12,Colorado,W 3-1,4,NA,49,21,132,0.212,43,10,4,57,7,3,18,4,12,71,NA
2020-2021,03/14/2021,Arizona,Pac-12,Colorado,W 3-1,4,NA,58,23,157,0.223,53,4,8,73,7,4,22,4,15,77,1
2020-2021,03/19/2021,Arizona,Pac-12,@ California,W 3-0,3,NA,33,17,91,0.176,31,9,7,40,4,2,14,NA,9,51,NA
2020-2021,03/21/2021,Arizona,Pac-12,@ California,W 3-0,3,NA,44,20,121,0.198,43,7,6,61,7,NA,8,1,4,55,1
2020-2021,03/26/2021,Arizona,Pac-12,Southern California,L 2-3,5,NA,69,37,178,0.18,65,4,12,70,6,3,12,NA,9,82,2
2020-2021,03/28/2021,Arizona,Pac-12,Southern California,Canceled,NA,NA,NA,NA,NA,NA,NA,NA,NA,NA,NA,NA,NA,NA,NA,NA,NA
2020-2021,04/01/2021,Arizona,Pac-12,@ Washington St.,L 1-3,4,NA,50,32,165,0.109,42,4,5,72,6,2,6,2,5,59,1
2020-2021,04/03/2021,Arizona,Pac-12,@ Washington St.,W 3-0,3,NA,46,22,107,0.224,40,NA,5,44,1,4,16,NA,12,58,1
2020-2021,01/22/2021,Arizona St.,Pac-12,@ Washington,W 3-0,3,NA,49,11,112,0.339,44,3,7,53,6,NA,16,NA,8,60,NA
2020-2021,01/23/2021,Arizona St.,Pac-12,@ Washington,L 1-3,4,NA,56,22,169,0.201,47,6,6,90,8,NA,10,NA,5,67,NA
2020-2021,01/28/2021,Arizona St.,Pac-12,Washington St.,L 2-3,5,NA,50,24,154,0.169,45,9,9,73,8,2,14,1,9,68,1
2020-2021,01/30/2021,Arizona St.,Pac-12,Washington St.,L 1-3,4,NA,44,25,145,0.131,41,3,9,51,6,3,4,2,5,52,NA
2020-2021,02/05/2021,Arizona St.,Pac-12,Utah,L 2-3,5,NA,32,20,152,0.079,30,6,11,61,6,1,28,1,15,53,1
2020-2021,02/07/2021,Arizona St.,Pac-12,Utah,L 0-3,3,NA,33,14,111,0.171,31,5,8,40,7,1,12,NA,7,45,1
2020-2021,02/11/2021,Arizona St.,Pac-12,@ Oregon St.,L 2-3,5,NA,58,25,183,0.18,56,8,11,91,12,3,16,1,11,77,1
2020-2021,02/12/2021,Arizona St.,Pac-12,@ Oregon St.,L 2-3,5,NA,60,32,181,0.155,53,8,10,70,6,2,18,NA,11,79,NA
2020-2021,02/19/2021,Arizona St.,Pac-12,UCLA,L 1-3,4,NA,41,13,124,0.226,40,4,13,47,6,2,18,1,11,56,NA
2020-2021,02/21/2021,Arizona St.,Pac-12,UCLA,L 0-3,3,NA,32,7,100,0.25,28,2,4,32,5,3,16,3,11,45,1
2020-2021,02/26/2021,Arizona St.,Pac-12,@ Southern California,Canceled,NA,NA,NA,NA,NA,NA,NA,NA,NA,NA,NA,NA,NA,NA,NA,NA,NA
2020-2021,02/28/2021,Arizona St.,Pac-12,@ Southern California,Canceled,NA,NA,NA,NA,NA,NA,NA,NA,NA,NA,NA,NA,NA,NA,NA,NA,NA
2020-2021,03/05/2021,Arizona St.,Pac-12,@ Arizona,L 0-3,3,NA,32,14,89,0.202,32,6,5,35,6,NA,4,NA,2,40,NA
2020-2021,03/07/2021,Arizona St.,Pac-12,Arizona,W 3-2,5,NA,51,22,134,0.216,48,9,14,52,4,2,14,NA,9,69,NA
2020-2021,03/12/2021,Arizona St.,Pac-12,California,W 3-0,3,NA,37,13,89,0.27,33,9,6,41,7,1,8,1,5,51,1
2020-2021,03/14/2021,Arizona St.,Pac-12,California,W 3-0,3,NA,43,12,103,0.301,40,5,7,46,NA,1,16,1,9,57,1
2020-2021,03/19/2021,Arizona St.,Pac-12,@ Stanford,L 0-3,3,NA,29,12,104,0.163,27,2,7,41,6,2,6,NA,5,36,NA
2020-2021,03/21/2021,Arizona St.,Pac-12,@ Stanford,W 3-2,5,NA,58,27,179,0.173,54,3,15,91,7,3,14,3,10,71,1
2020-2021,03/26/2021,Arizona St.,Pac-12,@ Colorado,L 2-3,5,NA,60,17,136,0.316,53,8,7,63,13,1,10,NA,6,74,1
2020-2021,03/28/2021,Arizona St.,Pac-12,@ Colorado,L 0-3,3,NA,42,18,117,0.205,37,8,10,47,8,1,10,NA,6,56,NA
2020-2021,04/01/2021,Arizona St.,Pac-12,Oregon,W 3-2,5,NA,49,23,152,0.171,43,4,18,76,5,4,16,2,12,65,NA
2020-2021,04/03/2021,Arizona St.,Pac-12,Oregon,L 0-3,3,NA,32,17,104,0.144,30,3,5,47,4,1,4,NA,3,38,NA
2020-2021,01/22/2021,California,Pac-12,@ UCLA,L 1-3,4,NA,52,21,141,0.22,46,NA,13,52,4,NA,12,1,6,58,1
2020-2021,01/24/2021,California,Pac-12,@ UCLA,L 0-3,3,NA,33,19,93,0.151,29,1,9,34,4,1,6,NA,4,38,NA
2020-2021,01/29/2021,California,Pac-12,Utah,L 1-3,4,NA,34,24,122,0.082,30,2,2,50,9,2,14,3,9,45,3
2020-2021,01/31/2021,California,Pac-12,Utah,L 0-3,3,NA,31,24,93,0.075,31,4,2,31,7,2,NA,1,2,37,NA
2020-2021,02/05/2021,California,Pac-12,@ Colorado,L 2-3,5,NA,53,26,148,0.182,46,5,12,51,8,1,4,1,3,61,1
2020-2021,02/07/2021,California,Pac-12,@ Colorado,L 0-3,3,NA,27,17,94,0.106,26,NA,3,41,11,1,6,1,4,31,1
2020-2021,02/12/2021,California,Pac-12,Stanford,W 3-2,5,NA,53,30,176,0.131,49,12,9,82,5,NA,12,2,6,71,NA
2020-2021,02/14/2021,California,Pac-12,@ Stanford,L 0-3,3,NA,27,22,102,0.049,24,2,3,32,6,NA,4,1,2,31,NA
2020-2021,02/19/2021,California,Pac-12,Southern California,L 1-3,4,NA,44,21,131,0.176,40,7,7,47,11,2,8,1,6,57,2
2020-2021,02/20/2021,California,Pac-12,Southern California,L 1-3,4,NA,41,22,118,0.161,39,10,3,48,12,1,10,1,6,57,3
2020-2021,02/26/2021,California,Pac-12,@ Washington St.,L 0-3,3,NA,26,18,85,0.094,23,3,4,26,6,2,2,NA,3,32,NA
2020-2021,02/28/2021,California,Pac-12,@ Washington St.,L 0-3,3,NA,27,18,74,0.122,24,2,5,27,13,4,2,4,5,34,NA
2020-2021,03/05/2021,California,Pac-12,Oregon St.,L 2-3,5,NA,46,28,174,0.103,42,8,9,71,4,1,10,1,6,60,NA
2020-2021,03/07/2021,California,Pac-12,Oregon St.,L 0-3,3,NA,34,16,95,0.189,32,3,7,26,8,1,6,4,4,41,NA
2020-2021,03/12/2021,California,Pac-12,@ Arizona St.,L 0-3,3,NA,29,18,94,0.117,28,7,9,36,9,1,10,2,6,42,1
2020-2021,03/14/2021,California,Pac-12,@ Arizona St.,L 0-3,3,NA,36,20,108,0.148,35,NA,6,45,5,NA,8,3,4,40,NA
2020-2021,03/19/2021,California,Pac-12,Arizona,L 0-3,3,NA,23,21,87,0.023,21,4,9,35,9,1,10,NA,6,33,1
2020-2021,03/21/2021,California,Pac-12,Arizona,L 0-3,3,NA,31,17,120,0.117,30,7,7,49,7,NA,6,2,3,41,1
2020-2021,03/26/2021,California,Pac-12,@ Oregon,L 0-3,3,NA,27,24,114,0.026,26,4,7,43,7,NA,8,5,4,35,NA
2020-2021,03/28/2021,California,Pac-12,@ Oregon,L 0-3,3,NA,27,19,105,0.076,27,NA,3,46,5,1,14,5,8,35,NA
2020-2021,04/01/2021,California,Pac-12,Washington,L 0-3,3,NA,31,18,85,0.153,31,1,7,32,9,1,6,3,4,36,NA
2020-2021,04/03/2021,California,Pac-12,Washington,L 0-3,3,NA,30,17,95,0.137,29,3,9,35,6,NA,2,2,1,34,3
2020-2021,01/22/2021,Colorado,Pac-12,Oregon St.,W 3-0,3,NA,33,14,91,0.209,27,8,6,39,3,1,14,NA,8,49,1
2020-2021,01/24/2021,Colorado,Pac-12,Oregon St.,W 3-1,4,NA,47,16,134,0.231,42,5,4,56,4,1,20,2,11,63,1
2020-2021,02/05/2021,Colorado,Pac-12,California,W 3-2,5,NA,62,11,132,0.386,55,8,10,56,5,2,16,2,10,80,3
2020-2021,02/07/2021,Colorado,Pac-12,California,W 3-0,3,NA,41,9,95,0.337,33,11,4,40,NA,2,12,NA,8,60,1
2020-2021,02/11/2021,Colorado,Pac-12,@ Washington St.,L 1-3,4,NA,45,26,151,0.126,38,4,10,45,6,3,10,8,8,57,NA
2020-2021,02/13/2021,Colorado,Pac-12,@ Washington St.,L 0-3,3,NA,36,21,102,0.147,29,5,3,33,5,2,4,3,4,45,1
2020-2021,02/19/2021,Colorado,Pac-12,Washington,L 2-3,5,NA,73,23,185,0.27,68,6,9,77,4,3,16,2,11,90,2
2020-2021,02/21/2021,Colorado,Pac-12,Washington,L 0-3,3,NA,38,22,111,0.144,34,NA,3,45,5,1,10,1,6,44,NA
2020-2021,02/26/2021,Colorado,Pac-12,@ Oregon,L 0-3,3,NA,34,12,122,0.18,33,2,3,52,1,1,6,4,4,40,NA
2020-2021,02/28/2021,Colorado,Pac-12,@ Oregon,L 1-3,4,NA,44,27,173,0.098,40,3,10,76,2,1,16,NA,9,56,1
2020-2021,03/05/2021,Colorado,Pac-12,UCLA,L 1-3,4,NA,51,21,144,0.208,46,3,9,53,5,NA,20,NA,10,64,NA
2020-2021,03/07/2021,Colorado,Pac-12,UCLA,W 3-1,4,NA,66,26,169,0.237,60,6,12,63,2,4,18,2,13,85,NA
2020-2021,03/12/2021,Colorado,Pac-12,@ Arizona,L 1-3,4,NA,47,28,138,0.138,44,7,10,52,10,1,6,1,4,58,NA
2020-2021,03/14/2021,Colorado,Pac-12,@ Arizona,L 1-3,4,NA,48,24,158,0.152,46,7,10,67,4,1,14,3,8,63,NA
2020-2021,03/19/2021,Colorado,Pac-12,Utah,W 3-2,5,NA,67,27,171,0.234,61,8,7,80,9,1,18,2,10,85,1
2020-2021,03/21/2021,Colorado,Pac-12,@ Utah,L 0-3,3,NA,30,21,120,0.075,27,2,5,44,6,NA,12,2,6,38,NA
2020-2021,03/26/2021,Colorado,Pac-12,Arizona St.,W 3-2,5,NA,54,15,139,0.281,49,13,10,54,8,2,6,1,5,72,NA
2020-2021,03/28/2021,Colorado,Pac-12,Arizona St.,W 3-0,3,NA,41,15,111,0.234,35,8,6,50,8,2,10,2,7,56,1
2020-2021,04/01/2021,Colorado,Pac-12,@ Southern California,L 1-3,4,NA,52,19,142,0.232,41,NA,16,58,5,3,10,3,8,60,NA
2020-2021,04/03/2021,Colorado,Pac-12,@ Southern California,L 0-3,3,NA,24,11,86,0.151,23,2,7,33,9,3,10,3,8,34,NA
2020-2021,01/22/2021,Oregon,Pac-12,@ Washington St.,L 1-3,4,NA,49,21,137,0.204,46,5,10,61,8,4,6,1,7,61,1
2020-2021,01/24/2021,Oregon,Pac-12,@ Washington St.,W 3-2,5,NA,58,25,190,0.174,53,5,6,88,6,NA,20,6,NA,80,1
2020-2021,01/29/2021,Oregon,Pac-12,UCLA,L 1-3,4,NA,39,22,145,0.117,37,4,6,53,1,NA,6,4,3,46,2
2020-2021,01/31/2021,Oregon,Pac-12,UCLA,W 3-0,3,NA,49,13,116,0.31,45,3,6,50,4,1,10,3,6,58,2
2020-2021,02/05/2021,Oregon,Pac-12,@ Southern California,W 3-2,5,NA,48,22,152,0.171,43,8,12,56,6,4,16,NA,12,68,NA
2020-2021,02/07/2021,Oregon,Pac-12,@ Southern California,W 3-2,5,NA,51,19,147,0.218,45,7,12,61,2,NA,18,5,9,67,1
2020-2021,02/12/2021,Oregon,Pac-12,Arizona,W 3-0,3,NA,43,10,103,0.32,38,2,5,50,2,3,12,1,9,54,NA
2020-2021,02/14/2021,Oregon,Pac-12,Arizona,W 3-0,3,NA,43,9,92,0.37,39,5,7,48,3,1,14,2,8,56,NA
2020-2021,02/18/2021,Oregon,Pac-12,@ Utah,Canceled,NA,NA,NA,NA,NA,NA,NA,NA,NA,NA,NA,NA,NA,NA,NA,NA,NA
2020-2021,02/20/2021,Oregon,Pac-12,@ Utah,Canceled,NA,NA,NA,NA,NA,NA,NA,NA,NA,NA,NA,NA,NA,NA,NA,NA,NA
2020-2021,02/26/2021,Oregon,Pac-12,Colorado,W 3-0,3,NA,61,15,138,0.333,56,1,11,66,2,2,12,4,8,70,1
2020-2021,02/28/2021,Oregon,Pac-12,Colorado,W 3-1,4,NA,56,22,163,0.209,54,2,9,88,3,4,22,5,15,73,1
2020-2021,03/05/2021,Oregon,Pac-12,Washington,L 0-3,3,NA,41,23,121,0.149,35,1,5,45,2,NA,4,NA,2,44,2
2020-2021,03/07/2021,Oregon,Pac-12,Washington,W 3-2,5,NA,NA,26,NA,0.276,NA,1,10,89,7,2,18,2,11,NA,1
2020-2021,03/19/2021,Oregon,Pac-12,Oregon St.,W 3-2,5,NA,66,26,184,0.217,60,1,5,75,3,2,18,1,11,78,1
2020-2021,03/21/2021,Oregon,Pac-12,@ Oregon St.,W 3-0,3,NA,48,16,123,0.26,44,4,9,44,NA,3,10,1,8,60,NA
2020-2021,03/26/2021,Oregon,Pac-12,California,W 3-0,3,NA,37,12,96,0.26,34,7,6,55,4,1,23,4,12.5,56.5,2
2020-2021,03/28/2021,Oregon,Pac-12,California,W 3-0,3,NA,48,18,118,0.254,41,5,3,49,NA,1,22,3,12,65,1
2020-2021,04/01/2021,Oregon,Pac-12,@ Arizona St.,L 2-3,5,NA,56,25,165,0.188,50,5,18,70,4,1,26,1,14,75,3
2020-2021,04/03/2021,Oregon,Pac-12,@ Arizona St.,W 3-0,3,NA,48,10,112,0.339,43,4,6,52,3,4,2,2,5,57,1
2020-2021,04/15/2021,Oregon,Pac-12,"Notre Dame @Omaha, NE (2020 NCAA DI Women's Volleyball Championship)",W 3-0,3,NA,47,9,105,0.362,45,8,9,58,2,NA,8,1,4,59,NA
2020-2021,04/18/2021,Oregon,Pac-12,"#7 Purdue @Omaha, NE (2020 NCAA DI Women's Volleyball Championship)",L 1-3,4,NA,51,31,167,0.12,49,2,3,70,2,1,16,2,9,62,2
2020-2021,01/22/2021,Oregon St.,Pac-12,@ Colorado,L 0-3,3,NA,30,27,106,0.028,25,3,6,38,8,1,6,NA,4,37,NA
2020-2021,01/24/2021,Oregon St.,Pac-12,@ Colorado,L 1-3,4,NA,52,33,149,0.128,49,4,9,65,5,3,8,2,7,63,NA
2020-2021,01/29/2021,Oregon St.,Pac-12,Southern California,W 3-1,4,NA,43,12,114,0.272,42,8,8,48,8,2,18,2,11,62,1
2020-2021,01/31/2021,Oregon St.,Pac-12,Southern California,L 1-3,4,NA,40,26,121,0.116,37,2,12,55,12,2,16,1,10,52,1
2020-2021,02/04/2021,Oregon St.,Pac-12,@ Washington,L 1-3,4,NA,36,29,115,0.061,34,8,6,44,NA,2,6,1,5,49,NA
2020-2021,02/06/2021,Oregon St.,Pac-12,@ Washington,L 0-3,3,NA,36,16,86,0.233,35,1,3,39,9,NA,8,1,4,41,2
2020-2021,02/11/2021,Oregon St.,Pac-12,Arizona St.,W 3-2,5,NA,63,28,200,0.175,55,12,6,93,8,2,22,2,13,88,1
2020-2021,02/12/2021,Oregon St.,Pac-12,Arizona St.,W 3-2,5,NA,59,33,175,0.149,52,6,6,77,8,3,22,NA,14,79,1
2020-2021,02/19/2021,Oregon St.,Pac-12,@ Arizona,L 0-3,3,NA,35,24,119,0.092,34,3,6,44,5,2,15,NA,9.5,47.5,2
2020-2021,02/21/2021,Oregon St.,Pac-12,@ Arizona,L 1-3,4,NA,45,31,128,0.109,44,3,6,44,6,NA,8,NA,4,52,NA
2020-2021,03/05/2021,Oregon St.,Pac-12,@ California,W 3-2,5,NA,58,26,168,0.19,56,4,13,82,8,5,14,NA,12,74,1
2020-2021,03/07/2021,Oregon St.,Pac-12,@ California,W 3-0,3,NA,44,15,90,0.322,43,8,4,40,3,1,8,2,5,57,NA
2020-2021,03/12/2021,Oregon St.,Pac-12,Washington St.,L 1-3,4,NA,49,24,137,0.182,45,2,6,55,2,3,15,4,10.5,61.5,2
2020-2021,03/14/2021,Oregon St.,Pac-12,Washington St.,L 0-3,3,NA,31,22,96,0.094,29,2,6,34,6,1,8,4,5,38,1
2020-2021,03/19/2021,Oregon St.,Pac-12,@ Oregon,L 2-3,5,NA,63,33,193,0.155,59,3,4,86,1,4,15,5,11.5,77.5,1
2020-2021,03/21/2021,Oregon St.,Pac-12,Oregon,L 0-3,3,NA,36,20,109,0.147,30,NA,1,47,4,1,10,4,6,42,1
2020-2021,03/26/2021,Oregon St.,Pac-12,@ UCLA,L 0-3,3,NA,34,22,100,0.12,29,1,5,26,4,1,4,2,3,38,NA
2020-2021,03/28/2021,Oregon St.,Pac-12,@ UCLA,L 1-3,4,NA,44,19,132,0.189,39,2,6,49,9,2,14,4,9,55,1
2020-2021,04/01/2021,Oregon St.,Pac-12,Utah,Canceled,NA,NA,NA,NA,NA,NA,NA,NA,NA,NA,NA,NA,NA,NA,NA,NA,NA
2020-2021,04/03/2021,Oregon St.,Pac-12,Utah,Canceled,NA,NA,NA,NA,NA,NA,NA,NA,NA,NA,NA,NA,NA,NA,NA,NA,NA
2020-2021,01/22/2021,Southern California,Pac-12,Stanford,Canceled,NA,NA,NA,NA,NA,NA,NA,NA,NA,NA,NA,NA,NA,NA,NA,NA,NA
2020-2021,01/24/2021,Southern California,Pac-12,Stanford,Canceled,NA,NA,NA,NA,NA,NA,NA,NA,NA,NA,NA,NA,NA,NA,NA,NA,NA
2020-2021,01/29/2021,Southern California,Pac-12,@ Oregon St.,L 1-3,4,NA,51,24,131,0.206,49,8,15,53,8,NA,6,NA,3,62,NA
2020-2021,01/31/2021,Southern California,Pac-12,@ Oregon St.,W 3-1,4,NA,48,23,141,0.177,45,12,16,48,2,2,16,3,10,70,2
2020-2021,02/05/2021,Southern California,Pac-12,Oregon,L 2-3,5,NA,61,34,166,0.163,56,6,NA,71,8,NA,18,2,9,76,NA
2020-2021,02/07/2021,Southern California,Pac-12,Oregon,L 2-3,5,NA,60,27,160,0.206,57,2,NA,66,7,NA,18,2,9,71,3
2020-2021,02/12/2021,Southern California,Pac-12,@ Utah,L 0-3,3,NA,28,18,82,0.122,26,4,5,25,11,NA,2,NA,1,33,1
2020-2021,02/14/2021,Southern California,Pac-12,@ Utah,L 2-3,5,NA,61,31,173,0.173,53,2,12,63,10,NA,16,3,15,78,1
2020-2021,02/19/2021,Southern California,Pac-12,@ California,W 3-1,4,NA,55,13,126,0.333,49,11,8,50,7,3,8,NA,7,73,1
2020-2021,02/20/2021,Southern California,Pac-12,@ California,W 3-1,4,NA,48,19,122,0.238,44,12,6,44,10,1,16,NA,9,69,NA
2020-2021,02/26/2021,Southern California,Pac-12,Arizona St.,Canceled,NA,NA,NA,NA,NA,NA,NA,NA,NA,NA,NA,NA,NA,NA,NA,NA,NA
2020-2021,02/28/2021,Southern California,Pac-12,Arizona St.,Canceled,NA,NA,NA,NA,NA,NA,NA,NA,NA,NA,NA,NA,NA,NA,NA,NA,NA
2020-2021,03/05/2021,Southern California,Pac-12,Washington St.,Canceled,NA,NA,NA,NA,NA,NA,NA,NA,NA,NA,NA,NA,NA,NA,NA,NA,NA
2020-2021,03/07/2021,Southern California,Pac-12,Washington St.,Canceled,NA,NA,NA,NA,NA,NA,NA,NA,NA,NA,NA,NA,NA,NA,NA,NA,NA
2020-2021,03/12/2021,Southern California,Pac-12,@ Washington,L 2-3,5,NA,70,25,163,0.276,63,6,17,71,8,1,14,NA,8,84,2
2020-2021,03/14/2021,Southern California,Pac-12,@ Washington,L 0-3,3,NA,31,21,89,0.112,29,3,6,37,9,2,2,NA,3,37,NA
2020-2021,03/19/2021,Southern California,Pac-12,UCLA,L 1-3,4,NA,44,20,119,0.202,40,4,9,43,6,1,14,2,8,56,NA
2020-2021,03/21/2021,Southern California,Pac-12,@ UCLA,W 3-2,5,NA,66,24,175,0.24,63,4,6,69,4,2,22,1,13,83,NA
2020-2021,03/26/2021,Southern California,Pac-12,@ Arizona,W 3-2,5,NA,53,22,151,0.205,50,6,5,63,4,2,16,1,10,69,3
2020-2021,03/28/2021,Southern California,Pac-12,@ Arizona,Canceled,NA,NA,NA,NA,NA,NA,NA,NA,NA,NA,NA,NA,NA,NA,NA,NA,NA
2020-2021,04/01/2021,Southern California,Pac-12,Colorado,W 3-1,4,NA,58,24,149,0.228,55,5,9,66,NA,NA,14,2,7,70,NA
2020-2021,04/03/2021,Southern California,Pac-12,Colorado,W 3-0,3,NA,48,24,110,0.218,45,9,9,48,2,1,10,2,6,63,1
2020-2021,01/22/2021,Stanford,Pac-12,@ Southern California,Canceled,NA,NA,NA,NA,NA,NA,NA,NA,NA,NA,NA,NA,NA,NA,NA,NA,NA
2020-2021,01/24/2021,Stanford,Pac-12,@ Southern California,Canceled,NA,NA,NA,NA,NA,NA,NA,NA,NA,NA,NA,NA,NA,NA,NA,NA,NA
2020-2021,02/05/2021,Stanford,Pac-12,@ Arizona,L 0-3,3,NA,25,20,87,0.057,24,3,7,29,8,NA,8,NA,4,32,2
2020-2021,02/07/2021,Stanford,Pac-12,@ Arizona,L 1-3,4,NA,49,25,147,0.163,46,7,16,67,7,1,14,NA,8,64,NA
2020-2021,02/12/2021,Stanford,Pac-12,@ California,L 2-3,5,NA,58,24,177,0.192,53,5,15,82,12,3,26,2,16,79,1
2020-2021,02/14/2021,Stanford,Pac-12,California,W 3-0,3,NA,44,10,90,0.378,40,6,8,37,2,NA,20,1,10,60,1
2020-2021,02/19/2021,Stanford,Pac-12,Washington St.,Canceled,NA,NA,NA,NA,NA,NA,NA,NA,NA,NA,NA,NA,NA,NA,NA,NA,NA
2020-2021,03/05/2021,Stanford,Pac-12,@ Utah,L 1-3,4,NA,48,23,140,0.179,45,5,4,50,7,2,13,NA,8.5,61.5,1
2020-2021,03/07/2021,Stanford,Pac-12,@ Utah,L 1-3,4,NA,40,22,136,0.132,38,3,9,55,5,2,18,3,11,54,1
2020-2021,03/19/2021,Stanford,Pac-12,Arizona St.,W 3-0,3,NA,49,11,114,0.333,49,6,11,50,2,NA,12,1,6,61,NA
2020-2021,03/21/2021,Stanford,Pac-12,Arizona St.,L 2-3,5,NA,55,28,186,0.145,49,7,12,83,3,NA,30,1,15,77,NA
2020-2021,03/26/2021,Stanford,Pac-12,@ Washington,L 1-3,4,NA,54,19,151,0.232,53,8,11,59,5,2,16,NA,10,72,2
2020-2021,03/28/2021,Stanford,Pac-12,@ Washington,L 2-3,5,NA,58,28,NA,0.148,54,4,16,84,6,1,NA,NA,NA,79,2
2020-2021,01/22/2021,UCLA,Pac-12,California,W 3-1,4,NA,73,23,153,0.327,64,4,19,55,NA,2,20,2,12,89,1
2020-2021,01/24/2021,UCLA,Pac-12,California,W 3-0,3,NA,41,12,98,0.296,39,4,5,33,1,3,16,2,11,56,3
2020-2021,01/29/2021,UCLA,Pac-12,@ Oregon,W 3-1,4,NA,61,21,148,0.27,60,1,10,77,4,3,12,1,9,71,NA
2020-2021,01/31/2021,UCLA,Pac-12,@ Oregon,L 0-3,3,NA,38,18,118,0.169,38,4,4,47,3,1,2,1,2,44,1
2020-2021,02/04/2021,UCLA,Pac-12,@ Washington St.,L 2-3,5,NA,52,22,133,0.226,49,8,11,54,5,3,10,2,8,68,1
2020-2021,02/06/2021,UCLA,Pac-12,@ Washington St.,W 3-1,4,NA,49,23,131,0.198,44,4,9,51,6,4,12,NA,10,63,NA
2020-2021,02/12/2021,UCLA,Pac-12,Washington,W 3-2,5,NA,62,33,164,0.177,61,9,10,65,5,4,16,1,12,83,3
2020-2021,02/14/2021,UCLA,Pac-12,Washington,L 0-3,3,NA,28,24,94,0.043,28,2,8,40,3,NA,8,2,4,34,NA
2020-2021,02/19/2021,UCLA,Pac-12,@ Arizona St.,W 3-1,4,NA,64,17,137,0.343,58,6,20,62,4,2,12,1,8,78,1
2020-2021,02/21/2021,UCLA,Pac-12,@ Arizona St.,W 3-0,3,NA,57,21,118,0.305,54,5,5,54,2,NA,6,NA,3,65,NA
2020-2021,02/26/2021,UCLA,Pac-12,Arizona,W 3-1,4,NA,60,23,152,0.243,51,9,6,66,3,6,12,3,12,81,NA
2020-2021,02/28/2021,UCLA,Pac-12,Arizona,W 3-0,3,NA,45,13,109,0.294,42,7,10,46,1,3,10,NA,8,60,NA
2020-2021,03/05/2021,UCLA,Pac-12,@ Colorado,W 3-1,4,NA,61,18,141,0.305,60,5,5,63,3,4,8,2,8,74,1
2020-2021,03/07/2021,UCLA,Pac-12,@ Colorado,L 1-3,4,NA,50,20,146,0.205,45,2,4,67,6,2,16,1,10,62,3
2020-2021,03/12/2021,UCLA,Pac-12,Utah,W 3-1,4,NA,62,20,150,0.28,56,5,7,64,3,3,12,4,9,76,1
2020-2021,03/14/2021,UCLA,Pac-12,Utah,L 1-3,4,NA,41,23,146,0.123,40,4,4,53,5,1,10,3,6,51,1
2020-2021,03/19/2021,UCLA,Pac-12,@ Southern California,W 3-1,4,NA,54,20,128,0.266,46,6,7,47,4,4,18,3,13,73,2
2020-2021,03/21/2021,UCLA,Pac-12,Southern California,L 2-3,5,NA,75,20,173,0.318,69,4,7,73,4,2,14,4,9,88,2
2020-2021,03/26/2021,UCLA,Pac-12,Oregon St.,W 3-0,3,NA,43,11,89,0.36,41,4,7,39,1,3,8,4,7,54,NA
2020-2021,03/28/2021,UCLA,Pac-12,Oregon St.,W 3-1,4,NA,54,19,128,0.273,54,9,5,59,2,4,10,NA,9,72,1
2020-2021,04/14/2021,UCLA,Pac-12,"Rider @Omaha, NE (2020 NCAA DI Women's Volleyball Championship)",W 3-0,3,NA,40,6,60,0.567,38,8,6,34,NA,NA,18,3,9,57,NA
2020-2021,04/15/2021,UCLA,Pac-12,"#16 BYU @Omaha, NE (2020 NCAA DI Women's Volleyball Championship)",L 0-3,3,NA,42,27,131,0.115,39,4,3,46,4,1,12,5,7,53,NA
2020-2021,01/22/2021,Utah,Pac-12,Arizona,W 3-0,3,NA,40,15,96,0.26,29,4,11,50,5,3,4,2,5,49,NA
2020-2021,01/24/2021,Utah,Pac-12,Arizona,W 3-0,3,NA,40,8,87,0.368,34,9,5,39,4,2,8,NA,6,55,NA
2020-2021,01/29/2021,Utah,Pac-12,@ California,W 3-1,4,NA,60,21,136,0.287,52,9,12,61,2,3,6,NA,6,75,1
2020-2021,01/31/2021,Utah,Pac-12,@ California,W 3-0,3,NA,43,9,87,0.391,40,7,5,31,4,1,12,5,7,57,2
2020-2021,02/05/2021,Utah,Pac-12,@ Arizona St.,W 3-2,5,NA,67,32,170,0.206,64,6,14,90,6,3,6,1,6,79,1
2020-2021,02/07/2021,Utah,Pac-12,@ Arizona St.,W 3-0,3,NA,44,12,101,0.317,41,7,4,57,5,1,8,2,5,56,1
2020-2021,02/12/2021,Utah,Pac-12,Southern California,W 3-0,3,NA,40,9,77,0.403,34,11,6,28,4,2,10,1,7,58,1
2020-2021,02/14/2021,Utah,Pac-12,Southern California,W 3-2,5,NA,59,30,162,0.179,51,10,9,69,2,2,22,NA,13,82,NA
2020-2021,02/18/2021,Utah,Pac-12,Oregon,Canceled,NA,NA,NA,NA,NA,NA,NA,NA,NA,NA,NA,NA,NA,NA,NA,NA,NA
2020-2021,02/20/2021,Utah,Pac-12,Oregon,Canceled,NA,NA,NA,NA,NA,NA,NA,NA,NA,NA,NA,NA,NA,NA,NA,NA,NA
2020-2021,02/25/2021,Utah,Pac-12,@ Washington,L 0-3,3,NA,39,15,108,0.222,36,2,10,36,4,NA,12,2,6,47,NA
2020-2021,02/27/2021,Utah,Pac-12,@ Washington,L 1-3,4,NA,46,26,133,0.15,44,5,11,66,3,2,12,1,8,59,NA
2020-2021,03/05/2021,Utah,Pac-12,Stanford,W 3-1,4,NA,59,17,136,0.309,57,7,7,56,5,NA,14,1,7,73,1
2020-2021,03/07/2021,Utah,Pac-12,Stanford,W 3-1,4,NA,54,31,150,0.153,50,5,5,64,3,NA,17,NA,8.5,67.5,2
2020-2021,03/12/2021,Utah,Pac-12,@ UCLA,L 1-3,4,NA,58,18,148,0.27,53,3,9,60,5,2,20,1,12,73,1
2020-2021,03/14/2021,Utah,Pac-12,@ UCLA,W 3-1,4,NA,62,16,145,0.317,58,5,7,67,4,1,28,NA,15,82,NA
2020-2021,03/19/2021,Utah,Pac-12,@ Colorado,L 2-3,5,NA,64,22,176,0.239,55,9,2,70,8,1,24,NA,13,86,NA
2020-2021,03/21/2021,Utah,Pac-12,Colorado,W 3-0,3,NA,43,19,114,0.211,38,6,2,63,2,3,8,2,7,56,1
2020-2021,03/26/2021,Utah,Pac-12,Washington St.,Canceled,NA,NA,NA,NA,NA,NA,NA,NA,NA,NA,NA,NA,NA,NA,NA,NA,NA
2020-2021,03/28/2021,Utah,Pac-12,Washington St.,W 3-0,3,NA,48,17,119,0.261,44,2,8,47,2,NA,12,2,6,56,NA
2020-2021,04/01/2021,Utah,Pac-12,@ Oregon St.,Canceled,NA,NA,NA,NA,NA,NA,NA,NA,NA,NA,NA,NA,NA,NA,NA,NA,NA
2020-2021,04/03/2021,Utah,Pac-12,@ Oregon St.,Canceled,NA,NA,NA,NA,NA,NA,NA,NA,NA,NA,NA,NA,NA,NA,NA,NA,NA
2020-2021,04/15/2021,Utah,Pac-12,"Pittsburgh @Omaha, NE (2020 NCAA DI Women's Volleyball Championship)",L 0-3,3,NA,41,16,123,0.203,37,NA,5,46,5,NA,10,2,5,46,NA
2020-2021,01/22/2021,Washington,Pac-12,Arizona St.,L 0-3,3,NA,37,13,116,0.207,36,6,10,44,3,NA,14,1,7,50,2
2020-2021,01/23/2021,Washington,Pac-12,Arizona St.,W 3-1,4,NA,63,15,176,0.273,59,8,15,77,6,1,18,2,10,81,1
2020-2021,01/29/2021,Washington,Pac-12,@ Arizona,W 3-0,3,NA,37,14,93,0.247,34,7,9,36,2,3,12,1,9,53,NA
2020-2021,01/30/2021,Washington,Pac-12,@ Arizona,W 3-2,5,NA,67,20,145,0.324,66,5,7,66,4,NA,18,NA,9,81,NA
2020-2021,02/04/2021,Washington,Pac-12,Oregon St.,W 3-1,4,NA,50,17,120,0.275,41,NA,7,39,8,2,20,1,12,78,1
2020-2021,02/06/2021,Washington,Pac-12,Oregon St.,W 3-0,3,NA,47,12,101,0.347,45,9,10,30,1,NA,10,NA,5,61,1
2020-2021,02/12/2021,Washington,Pac-12,@ UCLA,L 2-3,5,NA,53,30,156,0.147,50,5,11,53,9,1,NA,2,NA,75,1
2020-2021,02/14/2021,Washington,Pac-12,@ UCLA,W 3-0,3,NA,38,13,102,0.245,32,3,9,38,2,NA,24,NA,12,53,1
2020-2021,02/19/2021,Washington,Pac-12,@ Colorado,W 3-2,5,NA,72,20,177,0.294,67,4,8,78,6,NA,16,4,8,84,NA
2020-2021,02/21/2021,Washington,Pac-12,@ Colorado,W 3-0,3,NA,45,20,118,0.212,40,5,9,44,NA,1,14,2,8,58,1
2020-2021,02/25/2021,Washington,Pac-12,Utah,W 3-0,3,NA,46,13,99,0.333,40,4,7,49,2,NA,12,NA,6,56,1
2020-2021,02/27/2021,Washington,Pac-12,Utah,W 3-1,4,NA,58,18,150,0.267,54,3,12,47,5,3,28,1,NA,78,NA
2020-2021,03/05/2021,Washington,Pac-12,@ Oregon,W 3-0,3,NA,43,7,101,0.356,38,2,4,49,1,3,18,2,12,57,NA
2020-2021,03/07/2021,Washington,Pac-12,@ Oregon,L 2-3,5,NA,61,23,188,0.202,55,7,5,80,1,1,20,NA,11,79,NA
2020-2021,03/12/2021,Washington,Pac-12,Southern California,W 3-2,5,NA,57,14,153,0.281,53,8,15,55,6,3,12,1,9,74,NA
2020-2021,03/14/2021,Washington,Pac-12,Southern California,W 3-0,3,NA,38,8,88,0.341,36,9,11,31,3,3,22,NA,14,61,NA
2020-2021,03/19/2021,Washington,Pac-12,@ Washington St.,Canceled,NA,NA,NA,NA,NA,NA,NA,NA,NA,NA,NA,NA,NA,NA,NA,NA,NA
2020-2021,03/21/2021,Washington,Pac-12,Washington St.,Canceled,NA,NA,NA,NA,NA,NA,NA,NA,NA,NA,NA,NA,NA,NA,NA,NA,NA
2020-2021,03/26/2021,Washington,Pac-12,Stanford,W 3-1,4,NA,62,19,151,0.285,59,5,12,66,8,1,12,1,7,74,NA
2020-2021,03/28/2021,Washington,Pac-12,Stanford,W 3-2,5,NA,62,29,192,0.172,58,6,14,NA,4,2,24,NA,14,82,NA
2020-2021,04/01/2021,Washington,Pac-12,@ California,W 3-0,3,NA,38,11,85,0.318,36,9,8,30,1,NA,16,3,8,55,NA
2020-2021,04/03/2021,Washington,Pac-12,@ California,W 3-0,3,NA,38,13,93,0.269,35,6,4,40,3,NA,10,NA,5,49,NA
2020-2021,04/15/2021,Washington,Pac-12,"Dayton @Omaha, NE (2020 NCAA DI Women's Volleyball Championship)",W 3-2,5,NA,60,25,167,0.21,58,9,6,71,6,2,10,1,7,76,NA
2020-2021,04/18/2021,Washington,Pac-12,"#11 Louisville @Omaha, NE (2020 NCAA DI Women's Volleyball Championship)",W 3-2,5,NA,65,30,172,0.203,60,8,5,72,5,4,18,4,13,86,NA
2020-2021,04/19/2021,Washington,Pac-12,"Pittsburgh @Omaha, NE (2020 NCAA DI Women's Volleyball Championship)",W 3-2,5,NA,59,22,151,0.245,54,9,6,57,7,1,22,5,12,80,NA
2020-2021,04/22/2021,Washington,Pac-12,"#2 Kentucky @Omaha, NE (2020 NCAA DI Women's Volleyball Championship)",L 1-3,4,NA,50,21,141,0.206,48,7,4,50,6,2,14,4,9,66,1
2020-2021,01/22/2021,Washington St.,Pac-12,Oregon,W 3-1,4,NA,52,22,149,0.201,44,8,11,60,5,1,16,1,9,69,NA
2020-2021,01/24/2021,Washington St.,Pac-12,Oregon,L 2-3,5,NA,57,NA,193,0.093,48,6,5,94,5,2,16,4,10,73,NA
2020-2021,01/28/2021,Washington St.,Pac-12,@ Arizona St.,W 3-2,5,NA,64,27,173,0.214,58,8,12,73,9,5,16,NA,13,85,NA
2020-2021,01/30/2021,Washington St.,Pac-12,@ Arizona St.,W 3-1,4,NA,54,17,130,0.285,50,6,9,65,3,4,22,1,15,75,1
2020-2021,02/04/2021,Washington St.,Pac-12,UCLA,W 3-2,5,NA,65,18,140,0.336,54,5,15,48,8,3,14,1,10,80,NA
2020-2021,02/06/2021,Washington St.,Pac-12,UCLA,L 1-3,4,NA,39,24,118,0.127,32,6,8,47,4,5,14,2,12,57,NA
2020-2021,02/11/2021,Washington St.,Pac-12,Colorado,W 3-1,4,NA,52,22,125,0.24,44,6,6,67,4,6,16,2,14,72,NA
2020-2021,02/13/2021,Washington St.,Pac-12,Colorado,W 3-0,3,NA,45,9,93,0.387,41,5,5,41,5,3,14,NA,10,60,NA
2020-2021,02/19/2021,Washington St.,Pac-12,@ Stanford,Canceled,NA,NA,NA,NA,NA,NA,NA,NA,NA,NA,NA,NA,NA,NA,NA,NA,NA
2020-2021,02/26/2021,Washington St.,Pac-12,California,W 3-0,3,NA,47,6,81,0.506,41,6,12,34,3,1,14,1,8,61,NA
2020-2021,02/28/2021,Washington St.,Pac-12,California,W 3-0,3,NA,36,13,79,0.291,30,13,7,23,2,4,10,1,9,58,NA
2020-2021,03/05/2021,Washington St.,Pac-12,@ Southern California,Canceled,NA,NA,NA,NA,NA,NA,NA,NA,NA,NA,NA,NA,NA,NA,NA,NA,NA
2020-2021,03/07/2021,Washington St.,Pac-12,@ Southern California,Canceled,NA,NA,NA,NA,NA,NA,NA,NA,NA,NA,NA,NA,NA,NA,NA,NA,NA
2020-2021,03/12/2021,Washington St.,Pac-12,@ Oregon St.,W 3-1,4,NA,62,17,141,0.319,51,2,10,49,2,NA,10,2,5,69,1
2020-2021,03/14/2021,Washington St.,Pac-12,@ Oregon St.,W 3-0,3,NA,37,13,94,0.255,31,6,6,31,2,3,20,2,13,56,1
2020-2021,03/19/2021,Washington St.,Pac-12,Washington,Canceled,NA,NA,NA,NA,NA,NA,NA,NA,NA,NA,NA,NA,NA,NA,NA,NA,NA
2020-2021,03/21/2021,Washington St.,Pac-12,@ Washington,Canceled,NA,NA,NA,NA,NA,NA,NA,NA,NA,NA,NA,NA,NA,NA,NA,NA,NA
2020-2021,03/26/2021,Washington St.,Pac-12,@ Utah,Canceled,NA,NA,NA,NA,NA,NA,NA,NA,NA,NA,NA,NA,NA,NA,NA,NA,NA
2020-2021,03/28/2021,Washington St.,Pac-12,@ Utah,L 0-3,3,NA,38,22,115,0.139,33,2,5,44,2,2,10,1,7,47,NA
2020-2021,04/01/2021,Washington St.,Pac-12,Arizona,W 3-1,4,NA,52,19,151,0.219,46,6,7,76,4,NA,14,2,14,72,NA
2020-2021,04/03/2021,Washington St.,Pac-12,Arizona,L 0-3,3,NA,34,23,109,0.101,27,1,4,36,NA,4,2,2,5,40,NA
2020-2021,04/15/2021,Washington St.,Pac-12,"Western Ky. @Omaha, NE (2020 NCAA DI Women's Volleyball Championship)",L 2-3,5,NA,60,24,147,0.245,57,10,4,54,8,NA,12,3,6,76,1
2020-2021,02/19/2021,American,Patriot,Navy,Ppd,NA,NA,NA,NA,NA,NA,NA,NA,NA,NA,NA,NA,NA,NA,NA,NA,NA
2020-2021,02/21/2021,American,Patriot,@ Navy,Ppd,NA,NA,NA,NA,NA,NA,NA,NA,NA,NA,NA,NA,NA,NA,NA,NA,NA
2020-2021,03/05/2021,American,Patriot,Bucknell,W 3-1,4,NA,57,21,162,0.222,50,6,8,70,8,2,16,1,10,73,1
2020-2021,03/07/2021,American,Patriot,@ Bucknell,L 2-3,5,NA,58,26,182,0.176,51,3,10,86,6,4,16,2,12,73,2
2020-2021,03/12/2021,American,Patriot,Lafayette,W 3-0,3,NA,45,9,93,0.387,43,3,2,41,3,NA,10,2,5,53,1
2020-2021,03/14/2021,American,Patriot,@ Lafayette,Ppd,NA,NA,NA,NA,NA,NA,NA,NA,NA,NA,NA,NA,NA,NA,NA,NA,NA
2020-2021,03/19/2021,American,Patriot,Loyola Maryland,L 1-3,4,NA,34,14,131,0.153,32,2,10,72,NA,NA,18,3,9,45,2
2020-2021,03/20/2021,American,Patriot,@ Navy,Ppd,NA,NA,NA,NA,NA,NA,NA,NA,NA,NA,NA,NA,NA,NA,NA,NA,NA
2020-2021,03/24/2021,American,Patriot,Navy,L 0-3,3,NA,26,21,93,0.054,24,1,7,38,7,NA,2,NA,1,28,1
2020-2021,03/26/2021,American,Patriot,@ Loyola Maryland,W 3-1,4,NA,55,15,157,0.255,48,5,15,76,4,2,10,NA,7,67,1
2020-2021,03/28/2021,American,Patriot,@ Navy,W 3-1,4,NA,46,19,125,0.216,43,8,10,44,7,NA,14,1,7,61,1
2020-2021,04/02/2021,American,Patriot,@#1 Colgate 20-21 WVB Patriot Leauge Volleyball Championship,L 2-3,5,NA,62,18,159,0.277,57,4,12,56,7,3,16,2,11,77,NA
2020-2021,02/19/2021,Army West Point,Patriot,@ Colgate,L 2-3,5,NA,60,32,164,0.171,51,6,15,65,5,3,6,NA,6,72,2
2020-2021,02/21/2021,Army West Point,Patriot,Colgate,W 3-0,3,NA,42,14,120,0.233,34,4,7,51,2,1,2,1,2,48,NA
2020-2021,02/26/2021,Army West Point,Patriot,@ Navy,Ppd,NA,NA,NA,NA,NA,NA,NA,NA,NA,NA,NA,NA,NA,NA,NA,NA,NA
2020-2021,02/28/2021,Army West Point,Patriot,Navy,Ppd,NA,NA,NA,NA,NA,NA,NA,NA,NA,NA,NA,NA,NA,NA,NA,NA,NA
2020-2021,03/12/2021,Army West Point,Patriot,@ Holy Cross,L 1-3,4,NA,58,32,179,0.145,56,3,14,81,5,2,12,3,8,69,NA
2020-2021,03/14/2021,Army West Point,Patriot,Holy Cross,W 3-0,3,NA,41,10,135,0.23,37,5,6,75,2,2,14,3,9,55,NA
2020-2021,03/19/2021,Army West Point,Patriot,Holy Cross,W 3-2,5,NA,NA,37,194,0.186,NA,6,9,99,5,NA,14,3,7,NA,NA
2020-2021,03/21/2021,Army West Point,Patriot,@ Holy Cross,W 3-1,4,NA,59,19,171,0.234,52,4,7,85,4,2,8,2,6,69,1
2020-2021,,Army West Point,Patriot,Defensive Totals,,4,NA,48,23,166,0.151,44,4,9,77,4,1,10,NA,6,58,NA
2020-2021,03/28/2021,Army West Point,Patriot,@ Lafayette,Canceled,NA,NA,NA,NA,NA,NA,NA,NA,NA,NA,NA,NA,NA,NA,NA,NA,NA
2020-2021,04/02/2021,Army West Point,Patriot,"#2 Holy Cross @Hamilton, NY (20-21 WVB Patriot Leauge Volleyball Championship)",W 3-2,5,NA,55,34,201,0.104,45,5,13,94,3,NA,14,NA,7,67,2
2020-2021,04/03/2021,Army West Point,Patriot,@#1 Colgate 20-21 WVB Patriot Leauge Volleyball Championship,W 3-1,4,NA,61,27,146,0.233,56,8,11,58,3,1,8,3,5,74,NA
2020-2021,04/14/2021,Army West Point,Patriot,"Notre Dame @Omaha, NE (2020 NCAA DI Women's Volleyball Championship)",L 1-3,4,NA,44,NA,173,0.006,38,2,4,70,10,1,6,NA,4,50,NA
2020-2021,03/05/2021,Bucknell,Patriot,@ American,L 1-3,4,NA,45,21,144,0.167,40,8,6,70,6,1,22,4,12,65,1
2020-2021,03/07/2021,Bucknell,Patriot,American,W 3-2,5,NA,63,28,187,0.187,56,6,12,82,3,2,22,3,13,82,1
2020-2021,03/12/2021,Bucknell,Patriot,Lehigh,L 1-3,4,NA,57,23,162,0.21,54,5,7,79,2,1,10,2,6,68,1
2020-2021,03/14/2021,Bucknell,Patriot,@ Lehigh,L 0-3,3,NA,30,14,92,0.174,27,4,6,32,8,NA,2,NA,1,35,NA
2020-2021,03/28/2021,Bucknell,Patriot,@ Colgate,Canceled,NA,NA,NA,NA,NA,NA,NA,NA,NA,NA,NA,NA,NA,NA,NA,NA,NA
2020-2021,02/19/2021,Colgate,Patriot,Army West Point,W 3-2,5,NA,42,17,147,0.17,27,5,7,53,6,NA,14,NA,NA,62,NA
2020-2021,02/21/2021,Colgate,Patriot,@ Army West Point,L 0-3,3,NA,32,21,120,0.092,31,2,6,48,4,1,8,1,5,39,NA
2020-2021,02/26/2021,Colgate,Patriot,Lehigh,W 3-0,3,NA,41,11,92,0.326,36,8,6,41,4,1,10,NA,6,55,1
2020-2021,02/28/2021,Colgate,Patriot,@ Lehigh,W 3-0,3,NA,41,13,99,0.283,38,7,8,43,1,NA,8,2,4,52,2
2020-2021,03/05/2021,Colgate,Patriot,Holy Cross,W 3-1,4,NA,64,22,161,0.261,61,9,9,69,4,NA,12,NA,6,79,NA
2020-2021,03/07/2021,Colgate,Patriot,@ Holy Cross,W 3-0,3,NA,48,10,96,0.396,46,7,9,47,2,1,6,1,4,59,1
2020-2021,03/12/2021,Colgate,Patriot,@ Holy Cross,Canceled,NA,NA,NA,NA,NA,NA,NA,NA,NA,NA,NA,NA,NA,NA,NA,NA,NA
2020-2021,03/19/2021,Colgate,Patriot,@ Lafayette,W 3-2,5,NA,60,23,153,0.242,49,2,NA,68,5,7,4,NA,9,71,NA
2020-2021,03/21/2021,Colgate,Patriot,Lafayette,W 3-0,3,NA,50,9,96,0.427,46,3,8,48,4,2,6,1,5,58,1
2020-2021,03/28/2021,Colgate,Patriot,Bucknell,Canceled,NA,NA,NA,NA,NA,NA,NA,NA,NA,NA,NA,NA,NA,NA,NA,NA,NA
2020-2021,04/02/2021,Colgate,Patriot,#4 American 20-21 WVB Patriot Leauge Volleyball Championship,W 3-2,5,NA,56,33,153,0.15,52,7,7,60,4,NA,14,4,7,70,NA
2020-2021,04/03/2021,Colgate,Patriot,#3 Army West Point 20-21 WVB Patriot Leauge Volleyball Championship,L 1-3,4,NA,45,18,131,0.206,44,3,9,52,8,6,16,4,14,62,NA
2020-2021,02/26/2021,Holy Cross,Patriot,@ Lafayette,W 3-1,4,NA,44,12,128,0.25,36,4,12,74,11,4,8,1,8,56,NA
2020-2021,,Holy Cross,Patriot,Defensive Totals,,4,NA,47,20,176,0.153,40,11,9,57,4,NA,4,NA,2,60,NA
2020-2021,02/28/2021,Holy Cross,Patriot,Lafayette,W 3-1,4,NA,52,22,146,0.205,49,8,8,74,5,1,19,NA,10.5,70.5,NA
2020-2021,03/05/2021,Holy Cross,Patriot,@ Colgate,L 1-3,4,NA,51,20,150,0.207,48,4,6,68,9,2,2,NA,3,58,1
2020-2021,03/07/2021,Holy Cross,Patriot,Colgate,L 0-3,3,NA,27,10,92,0.185,25,2,7,38,7,NA,2,NA,1,30,1
2020-2021,03/12/2021,Holy Cross,Patriot,Colgate,Canceled,NA,NA,NA,NA,NA,NA,NA,NA,NA,NA,NA,NA,NA,NA,NA,NA,NA
2020-2021,03/12/2021,Holy Cross,Patriot,Army West Point,W 3-1,4,NA,47,20,162,0.167,44,5,7,77,3,3,8,3,7,59,3
2020-2021,03/14/2021,Holy Cross,Patriot,@ Army West Point,L 0-3,3,NA,27,21,138,0.043,24,2,5,72,5,NA,6,2,3,32,NA
2020-2021,03/19/2021,Holy Cross,Patriot,@ Army West Point,L 2-3,5,NA,40,19,169,0.124,37,5,6,70,6,3,16,NA,11,56,NA
2020-2021,03/21/2021,Holy Cross,Patriot,Army West Point,L 1-3,4,NA,48,23,166,0.151,44,4,9,77,4,1,10,NA,6,58,NA
2020-2021,,Holy Cross,Patriot,Defensive Totals,,4,NA,59,19,171,0.234,52,4,7,85,4,2,8,2,6,69,1
2020-2021,03/26/2021,Holy Cross,Patriot,Lehigh,W 3-0,3,NA,46,16,117,0.256,43,3,4,52,3,2,6,NA,5,54,NA
2020-2021,03/27/2021,Holy Cross,Patriot,Lehigh,W 3-1,4,NA,45,20,155,0.161,42,6,8,83,5,2,16,1,10,61,NA
2020-2021,04/02/2021,Holy Cross,Patriot,"#3 Army West Point @Hamilton, NY (20-21 WVB Patriot Leauge Volleyball Championship)",L 2-3,5,NA,38,27,171,0.064,35,3,5,94,5,1,NA,1,NA,56,5
2020-2021,02/26/2021,Lafayette,Patriot,Holy Cross,L 1-3,4,NA,47,20,176,0.153,40,11,9,57,4,NA,4,NA,2,60,NA
2020-2021,,Lafayette,Patriot,Defensive Totals,,4,NA,44,12,128,0.25,36,4,12,74,11,4,8,1,8,56,NA
2020-2021,02/28/2021,Lafayette,Patriot,@ Holy Cross,L 1-3,4,NA,46,25,161,0.13,44,5,10,63,8,4,6,2,7,58,1
2020-2021,03/05/2021,Lafayette,Patriot,Lehigh,W 3-1,4,NA,57,19,158,0.241,54,8,1,76,5,5,8,NA,9,74,NA
2020-2021,03/07/2021,Lafayette,Patriot,@ Lehigh,W 3-1,4,NA,59,22,152,0.243,53,4,5,75,3,3,8,NA,7,70,2
2020-2021,03/12/2021,Lafayette,Patriot,@ American,L 0-3,3,NA,40,20,111,0.18,39,3,5,34,3,NA,2,1,1,44,1
2020-2021,03/14/2021,Lafayette,Patriot,American,Ppd,NA,NA,NA,NA,NA,NA,NA,NA,NA,NA,NA,NA,NA,NA,NA,NA,NA
2020-2021,03/19/2021,Lafayette,Patriot,Colgate,L 2-3,5,NA,39,26,156,0.083,28,5,5,53,2,2,12,NA,8,52,NA
2020-2021,03/21/2021,Lafayette,Patriot,@ Colgate,L 0-3,3,NA,36,14,107,0.206,33,4,6,33,3,1,4,NA,3,43,2
2020-2021,03/28/2021,Lafayette,Patriot,Army West Point,Canceled,NA,NA,NA,NA,NA,NA,NA,NA,NA,NA,NA,NA,NA,NA,NA,NA,NA
2020-2021,02/26/2021,Lehigh,Patriot,@ Colgate,L 0-3,3,NA,22,15,93,0.075,19,4,7,22,8,1,8,NA,5,31,3
2020-2021,02/28/2021,Lehigh,Patriot,Colgate,L 0-3,3,NA,30,21,101,0.089,27,1,5,40,7,NA,4,2,2,33,1
2020-2021,03/05/2021,Lehigh,Patriot,@ Lafayette,L 1-3,4,NA,46,22,148,0.162,44,5,8,69,8,2,10,NA,7,58,NA
2020-2021,03/07/2021,Lehigh,Patriot,Lafayette,L 1-3,4,NA,50,28,166,0.133,47,3,8,64,4,3,12,1,9,62,NA
2020-2021,03/12/2021,Lehigh,Patriot,@ Loyola Maryland,Ppd,NA,NA,NA,NA,NA,NA,NA,NA,NA,NA,NA,NA,NA,NA,NA,NA,NA
2020-2021,03/12/2021,Lehigh,Patriot,@ Bucknell,W 3-1,4,NA,62,17,164,0.274,59,2,11,73,5,3,20,3,13,77,NA
2020-2021,03/14/2021,Lehigh,Patriot,Loyola Maryland,Ppd,NA,NA,NA,NA,NA,NA,NA,NA,NA,NA,NA,NA,NA,NA,NA,NA,NA
2020-2021,03/14/2021,Lehigh,Patriot,Bucknell,W 3-0,3,NA,46,7,89,0.438,42,8,8,46,4,2,12,NA,8,62,NA
2020-2021,03/21/2021,Lehigh,Patriot,@ Loyola Maryland,W 3-2,5,NA,61,25,NA,0.175,57,3,8,90,4,1,22,2,12,76,1
2020-2021,03/26/2021,Lehigh,Patriot,@ Holy Cross,L 0-3,3,NA,36,26,119,0.084,33,3,2,51,3,NA,8,3,4,43,1
2020-2021,03/27/2021,Lehigh,Patriot,@ Holy Cross,L 1-3,4,NA,37,33,165,0.024,37,5,4,78,6,1,12,3,7,49,1
2020-2021,02/26/2021,Loyola Maryland,Patriot,Navy,L 2-3,5,NA,58,28,195,0.154,55,6,13,90,4,1,12,2,7,71,2
2020-2021,02/27/2021,Loyola Maryland,Patriot,@ Navy,L 2-3,5,NA,48,28,162,0.123,47,4,4,63,6,2,18,NA,11,63,3
2020-2021,03/05/2021,Loyola Maryland,Patriot,Navy,Ppd,NA,NA,NA,NA,NA,NA,NA,NA,NA,NA,NA,NA,NA,NA,NA,NA,NA
2020-2021,03/06/2021,Loyola Maryland,Patriot,@ Navy,Ppd,NA,NA,NA,NA,NA,NA,NA,NA,NA,NA,NA,NA,NA,NA,NA,NA,NA
2020-2021,03/12/2021,Loyola Maryland,Patriot,Lehigh,Ppd,NA,NA,NA,NA,NA,NA,NA,NA,NA,NA,NA,NA,NA,NA,NA,NA,NA
2020-2021,03/14/2021,Loyola Maryland,Patriot,@ Lehigh,Ppd,NA,NA,NA,NA,NA,NA,NA,NA,NA,NA,NA,NA,NA,NA,NA,NA,NA
2020-2021,03/19/2021,Loyola Maryland,Patriot,@ American,W 3-1,4,NA,57,27,167,0.18,51,NA,11,75,2,1,6,NA,4,73,2
2020-2021,03/21/2021,Loyola Maryland,Patriot,Lehigh,L 2-3,5,NA,64,29,200,0.175,63,4,7,NA,3,2,8,1,6,74,2
2020-2021,03/26/2021,Loyola Maryland,Patriot,American,L 1-3,4,NA,55,32,172,0.134,53,4,8,79,5,NA,14,3,7,66,1
2020-2021,03/27/2021,Loyola Maryland,Patriot,Navy,L 2-3,5,NA,47,27,175,0.114,42,5,13,79,2,3,20,1,13,65,3
2020-2021,02/19/2021,Navy,Patriot,@ American,Ppd,NA,NA,NA,NA,NA,NA,NA,NA,NA,NA,NA,NA,NA,NA,NA,NA,NA
2020-2021,02/21/2021,Navy,Patriot,American,Ppd,NA,NA,NA,NA,NA,NA,NA,NA,NA,NA,NA,NA,NA,NA,NA,NA,NA
2020-2021,02/26/2021,Navy,Patriot,@ Loyola Maryland,W 3-2,5,NA,65,21,189,0.233,59,4,7,100,6,1,20,1,11,80,3
2020-2021,02/26/2021,Navy,Patriot,Army West Point,Ppd,NA,NA,NA,NA,NA,NA,NA,NA,NA,NA,NA,NA,NA,NA,NA,NA,NA
2020-2021,02/27/2021,Navy,Patriot,Loyola Maryland,W 3-2,5,NA,60,31,172,0.169,58,6,7,73,4,4,12,2,10,76,NA
2020-2021,02/28/2021,Navy,Patriot,@ Army West Point,Ppd,NA,NA,NA,NA,NA,NA,NA,NA,NA,NA,NA,NA,NA,NA,NA,NA,NA
2020-2021,03/05/2021,Navy,Patriot,@ Loyola Maryland,Ppd,NA,NA,NA,NA,NA,NA,NA,NA,NA,NA,NA,NA,NA,NA,NA,NA,NA
2020-2021,03/06/2021,Navy,Patriot,Loyola Maryland,Ppd,NA,NA,NA,NA,NA,NA,NA,NA,NA,NA,NA,NA,NA,NA,NA,NA,NA
2020-2021,03/20/2021,Navy,Patriot,American,Ppd,NA,NA,NA,NA,NA,NA,NA,NA,NA,NA,NA,NA,NA,NA,NA,NA,NA
2020-2021,03/24/2021,Navy,Patriot,@ American,W 3-0,3,NA,39,11,91,0.308,38,7,8,42,1,1,16,1,9,55,2
2020-2021,03/27/2021,Navy,Patriot,@ Loyola Maryland,W 3-2,5,NA,61,27,182,0.187,58,2,13,87,5,NA,22,3,11,74,4
2020-2021,03/28/2021,Navy,Patriot,American,L 1-3,4,NA,47,21,120,0.217,44,7,10,52,8,2,4,NA,4,58,1
2020-2021,10/21/2020,Alabama,SEC,Missouri,L 1-3,4,NA,51,21,141,0.213,46,8,17,53,4,4,2,1,5,64,NA
2020-2021,10/22/2020,Alabama,SEC,Missouri,L 0-3,3,NA,36,20,88,0.182,32,5,11,30,4,NA,2,1,1,42,1
2020-2021,10/30/2020,Alabama,SEC,@ Florida,L 0-3,3,NA,40,18,114,0.193,38,2,5,42,5,2,2,NA,3,45,NA
2020-2021,10/31/2020,Alabama,SEC,@ Florida,L 0-3,3,NA,38,27,116,0.095,37,NA,6,47,4,1,4,NA,3,41,1
2020-2021,11/07/2020,Alabama,SEC,@ Georgia,W 3-1,4,NA,53,29,139,0.173,50,7,8,49,1,4,6,1,7,67,3
2020-2021,11/08/2020,Alabama,SEC,@ Georgia,L 0-3,3,NA,33,23,90,0.111,31,4,7,36,8,2,6,1,5,42,3
2020-2021,11/15/2020,Alabama,SEC,LSU,W 3-1,4,NA,65,16,158,0.31,52,7,12,61,4,1,8,1,5,77,1
2020-2021,11/16/2020,Alabama,SEC,LSU,L 0-3,3,NA,26,15,83,0.133,25,3,11,32,13,NA,2,1,1,30,2
2020-2021,01/29/2021,Alabama,SEC,South Carolina,L 1-3,4,NA,49,29,142,0.141,41,5,11,47,1,5,8,NA,9,63,1
2020-2021,01/30/2021,Alabama,SEC,South Carolina,L 2-3,5,NA,48,25,138,0.167,44,4,10,45,3,5,16,4,13,65,2
2020-2021,02/05/2021,Alabama,SEC,@ Ole Miss,W 3-2,5,NA,61,26,166,0.211,59,3,12,65,6,4,20,NA,14,78,1
2020-2021,02/06/2021,Alabama,SEC,@ Ole Miss,W 3-2,5,NA,65,29,159,0.226,59,10,10,50,4,2,10,2,7,82,NA
2020-2021,02/12/2021,Alabama,SEC,@ Arkansas,L 0-3,3,NA,20,24,106,-0.038,19,2,1,45,11,3,12,1,9,31,1
2020-2021,02/13/2021,Alabama,SEC,@ Arkansas,L 1-3,4,NA,38,18,122,0.164,37,8,8,59,11,1,22,2,12,58,2
2020-2021,02/17/2021,Alabama,SEC,Auburn,Canceled,NA,NA,NA,NA,NA,NA,NA,NA,NA,NA,NA,NA,NA,NA,NA,NA,NA
2020-2021,02/18/2021,Alabama,SEC,Auburn,Canceled,NA,NA,NA,NA,NA,NA,NA,NA,NA,NA,NA,NA,NA,NA,NA,NA,NA
2020-2021,02/26/2021,Alabama,SEC,Mississippi St.,W 3-1,4,NA,58,25,166,0.199,54,11,8,80,6,2,8,1,6,75,2
2020-2021,02/27/2021,Alabama,SEC,Mississippi St.,W 3-1,4,NA,61,16,134,0.336,57,7,7,53,6,1,10,NA,6,74,1
2020-2021,03/05/2021,Alabama,SEC,@ Texas A&M,L 1-3,4,NA,44,30,141,0.099,38,12,15,59,11,5,16,1,13,69,NA
2020-2021,03/06/2021,Alabama,SEC,@ Texas A&M,L 0-3,3,NA,44,18,137,0.19,41,3,2,71,3,NA,6,3,3,50,2
2020-2021,03/19/2021,Alabama,SEC,Tennessee,W 3-1,4,NA,52,21,118,0.263,45,3,11,51,3,3,10,1,8,63,NA
2020-2021,03/20/2021,Alabama,SEC,Tennessee,L 1-3,4,NA,39,27,133,0.09,39,8,9,59,2,5,8,NA,9,56,2
2020-2021,03/24/2021,Alabama,SEC,@ Kentucky,L 0-3,3,NA,33,19,97,0.144,31,5,5,35,9,NA,4,1,2,40,NA
2020-2021,03/25/2021,Alabama,SEC,@ Kentucky,L 0-3,3,NA,25,21,89,0.045,24,NA,5,32,4,NA,4,1,2,27,1
2020-2021,10/17/2020,Arkansas,SEC,@ Mississippi St.,W 3-2,5,NA,62,25,174,0.213,57,5,12,78,2,3,14,4,10,77,NA
2020-2021,10/18/2020,Arkansas,SEC,@ Mississippi St.,W 3-2,5,NA,71,30,191,0.215,66,4,11,92,9,NA,22,2,11,86,1
2020-2021,10/31/2020,Arkansas,SEC,Ole Miss,W 3-1,4,NA,53,23,139,0.216,48,13,9,58,5,NA,10,1,5,71,2
2020-2021,11/01/2020,Arkansas,SEC,Ole Miss,W 3-0,3,NA,47,8,101,0.386,40,8,8,46,3,NA,8,2,4,59,NA
2020-2021,11/04/2020,Arkansas,SEC,@ Missouri,L 2-3,5,NA,53,16,159,0.233,49,8,10,69,11,2,12,NA,8,69,2
2020-2021,11/05/2020,Arkansas,SEC,@ Missouri,L 0-3,3,NA,44,16,120,0.233,38,5,8,45,3,2,4,NA,4,53,NA
2020-2021,11/13/2020,Arkansas,SEC,Texas A&M,W 3-1,4,NA,52,21,135,0.23,50,9,10,52,7,1,8,1,5,66,1
2020-2021,11/14/2020,Arkansas,SEC,Texas A&M,W 3-1,4,NA,59,20,180,0.217,54,4,14,81,3,1,9,3,5.5,68.5,1
2020-2021,01/29/2021,Arkansas,SEC,Kentucky,L 0-3,3,NA,32,21,92,0.12,29,4,9,19,3,1,4,2,3,39,NA
2020-2021,01/30/2021,Arkansas,SEC,Kentucky,L 0-3,3,NA,32,23,124,0.073,31,1,6,48,3,NA,9,2,4.5,37.5,NA
2020-2021,02/04/2021,Arkansas,SEC,@ Georgia,W 3-1,4,NA,54,27,155,0.174,53,9,19,66,2,8,6,1,11,74,1
2020-2021,02/05/2021,Arkansas,SEC,@ Georgia,W 3-0,3,NA,47,17,116,0.259,41,4,10,54,4,6,2,1,7,58,1
2020-2021,02/12/2021,Arkansas,SEC,Alabama,W 3-0,3,NA,38,16,108,0.204,35,11,5,53,2,1,22,NA,12,61,2
2020-2021,02/13/2021,Arkansas,SEC,Alabama,W 3-1,4,NA,53,22,144,0.215,50,11,13,59,8,1,20,NA,11,75,NA
2020-2021,02/18/2021,Arkansas,SEC,@ LSU,W 3-1,4,NA,48,15,126,0.262,45,5,13,47,4,NA,20,NA,10,63,1
2020-2021,02/19/2021,Arkansas,SEC,@ LSU,L 1-3,4,NA,54,21,154,0.214,53,4,6,64,5,1,20,3,11,69,2
2020-2021,03/05/2021,Arkansas,SEC,@ Florida,L 0-3,3,NA,32,18,99,0.141,27,NA,8,29,5,NA,8,1,4,36,NA
2020-2021,03/06/2021,Arkansas,SEC,@ Florida,L 0-3,3,NA,30,17,105,0.124,30,3,11,37,3,NA,10,1,5,38,NA
2020-2021,03/13/2021,Arkansas,SEC,Tennessee,L 1-3,4,NA,47,20,147,0.184,43,4,7,58,4,NA,4,1,2,53,NA
2020-2021,03/14/2021,Arkansas,SEC,Tennessee,W 3-1,4,NA,61,20,135,0.304,58,6,10,51,3,NA,6,1,3,70,1
2020-2021,03/19/2021,Arkansas,SEC,South Carolina,W 3-2,5,NA,63,19,159,0.277,57,9,18,62,5,1,18,3,10,82,NA
2020-2021,03/20/2021,Arkansas,SEC,South Carolina,W 3-0,3,NA,43,11,98,0.327,38,4,9,41,5,1,16,1,9,56,2
2020-2021,03/24/2021,Arkansas,SEC,@ Auburn,Canceled,NA,NA,NA,NA,NA,NA,NA,NA,NA,NA,NA,NA,NA,NA,NA,NA,NA
2020-2021,03/25/2021,Arkansas,SEC,@ Auburn,Canceled,NA,NA,NA,NA,NA,NA,NA,NA,NA,NA,NA,NA,NA,NA,NA,NA,NA
2020-2021,10/21/2020,Auburn,SEC,Florida,L 0-3,3,NA,27,26,111,0.009,23,1,10,42,2,1,6,NA,4,32,4
2020-2021,10/22/2020,Auburn,SEC,Florida,L 0-3,3,NA,27,20,92,0.076,26,2,5,38,5,NA,14,NA,7,36,3
2020-2021,10/28/2020,Auburn,SEC,@ South Carolina,L 0-3,3,NA,26,25,103,0.01,23,4,6,33,7,NA,12,NA,6,36,NA
2020-2021,10/29/2020,Auburn,SEC,@ South Carolina,L 1-3,4,NA,44,20,148,0.162,42,3,12,63,6,1,32,2,17,64,NA
2020-2021,11/07/2020,Auburn,SEC,@ Kentucky,L 0-3,3,NA,25,12,87,0.149,23,2,1,27,7,NA,14,NA,7,34,NA
2020-2021,11/08/2020,Auburn,SEC,@ Kentucky,L 0-3,3,NA,29,17,107,0.112,28,1,8,30,5,2,4,1,4,34,NA
2020-2021,11/18/2020,Auburn,SEC,Tennessee,L 0-3,3,NA,25,11,86,0.163,25,2,9,30,7,NA,10,2,5,32,NA
2020-2021,11/19/2020,Auburn,SEC,Tennessee,L 0-3,3,NA,31,17,99,0.141,30,NA,14,42,5,1,6,1,4,35,NA
2020-2021,01/30/2021,Auburn,SEC,Texas A&M,Canceled,NA,NA,NA,NA,NA,NA,NA,NA,NA,NA,NA,NA,NA,NA,NA,NA,NA
2020-2021,01/31/2021,Auburn,SEC,Texas A&M,Canceled,NA,NA,NA,NA,NA,NA,NA,NA,NA,NA,NA,NA,NA,NA,NA,NA,NA
2020-2021,02/04/2021,Auburn,SEC,@ LSU,Ppd,NA,NA,NA,NA,NA,NA,NA,NA,NA,NA,NA,NA,NA,NA,NA,NA,NA
2020-2021,02/05/2021,Auburn,SEC,@ LSU,Ppd,NA,NA,NA,NA,NA,NA,NA,NA,NA,NA,NA,NA,NA,NA,NA,NA,NA
2020-2021,02/17/2021,Auburn,SEC,@ Alabama,Canceled,NA,NA,NA,NA,NA,NA,NA,NA,NA,NA,NA,NA,NA,NA,NA,NA,NA
2020-2021,02/18/2021,Auburn,SEC,@ Alabama,Canceled,NA,NA,NA,NA,NA,NA,NA,NA,NA,NA,NA,NA,NA,NA,NA,NA,NA
2020-2021,02/27/2021,Auburn,SEC,@ Ole Miss,Canceled,NA,NA,NA,NA,NA,NA,NA,NA,NA,NA,NA,NA,NA,NA,NA,NA,NA
2020-2021,02/28/2021,Auburn,SEC,@ Ole Miss,Canceled,NA,NA,NA,NA,NA,NA,NA,NA,NA,NA,NA,NA,NA,NA,NA,NA,NA
2020-2021,03/06/2021,Auburn,SEC,Georgia,Canceled,NA,NA,NA,NA,NA,NA,NA,NA,NA,NA,NA,NA,NA,NA,NA,NA,NA
2020-2021,03/07/2021,Auburn,SEC,Georgia,Canceled,NA,NA,NA,NA,NA,NA,NA,NA,NA,NA,NA,NA,NA,NA,NA,NA,NA
2020-2021,03/12/2021,Auburn,SEC,@ Missouri,Canceled,NA,NA,NA,NA,NA,NA,NA,NA,NA,NA,NA,NA,NA,NA,NA,NA,NA
2020-2021,03/13/2021,Auburn,SEC,@ Missouri,Canceled,NA,NA,NA,NA,NA,NA,NA,NA,NA,NA,NA,NA,NA,NA,NA,NA,NA
2020-2021,03/19/2021,Auburn,SEC,Mississippi St.,Canceled,NA,NA,NA,NA,NA,NA,NA,NA,NA,NA,NA,NA,NA,NA,NA,NA,NA
2020-2021,03/20/2021,Auburn,SEC,Mississippi St.,Canceled,NA,NA,NA,NA,NA,NA,NA,NA,NA,NA,NA,NA,NA,NA,NA,NA,NA
2020-2021,03/24/2021,Auburn,SEC,Arkansas,Canceled,NA,NA,NA,NA,NA,NA,NA,NA,NA,NA,NA,NA,NA,NA,NA,NA,NA
2020-2021,03/25/2021,Auburn,SEC,Arkansas,Canceled,NA,NA,NA,NA,NA,NA,NA,NA,NA,NA,NA,NA,NA,NA,NA,NA,NA
2020-2021,10/21/2020,Florida,SEC,@ Auburn,W 3-0,3,NA,33,12,89,0.236,30,2,7,44,1,3,12,2,9,44,NA
2020-2021,10/22/2020,Florida,SEC,@ Auburn,W 3-0,3,NA,41,15,106,0.245,40,5,10,38,2,NA,10,1,5,51,NA
2020-2021,10/30/2020,Florida,SEC,Alabama,W 3-0,3,NA,47,7,99,0.404,46,5,7,45,2,2,12,1,8,60,1
2020-2021,10/31/2020,Florida,SEC,Alabama,W 3-0,3,NA,37,13,103,0.233,35,4,8,41,NA,2,NA,3,NA,60.5,1
2020-2021,11/11/2020,Florida,SEC,@ South Carolina,W 3-0,3,NA,44,14,94,0.319,40,2,6,47,2,1,16,1,9,55,2
2020-2021,11/12/2020,Florida,SEC,@ South Carolina,L 2-3,5,NA,61,19,151,0.278,59,4,7,57,6,2,16,1,10,75,NA
2020-2021,11/20/2020,Florida,SEC,Georgia,L 1-3,4,NA,48,27,138,0.152,44,6,11,63,5,2,24,4,14,68,2
2020-2021,11/21/2020,Florida,SEC,Georgia,W 3-1,4,NA,57,17,156,0.256,54,4,10,68,6,NA,16,2,8,69,2
2020-2021,01/29/2021,Florida,SEC,@ Ole Miss,W 3-0,3,NA,39,8,72,0.431,37,5,10,20,4,NA,8,2,4,48,1
2020-2021,01/30/2021,Florida,SEC,@ Ole Miss,W 3-0,3,NA,35,12,79,0.291,33,NA,5,33,6,2,4,1,4,53,NA
2020-2021,02/06/2021,Florida,SEC,Missouri,Ppd,NA,NA,NA,NA,NA,NA,NA,NA,NA,NA,NA,NA,NA,NA,NA,NA,NA
2020-2021,02/07/2021,Florida,SEC,Missouri,Ppd,NA,NA,NA,NA,NA,NA,NA,NA,NA,NA,NA,NA,NA,NA,NA,NA,NA
2020-2021,02/10/2021,Florida,SEC,LSU,W 3-0,3,NA,48,16,110,0.291,47,6,5,55,4,1,20,1,11,65,3
2020-2021,02/11/2021,Florida,SEC,LSU,W 3-1,4,NA,65,23,140,0.3,63,7,7,67,3,NA,10,1,5,77,1
2020-2021,02/19/2021,Florida,SEC,@ Mississippi St.,Ppd,NA,NA,NA,NA,NA,NA,NA,NA,NA,NA,NA,NA,NA,NA,NA,NA,NA
2020-2021,02/25/2021,Florida,SEC,@ Tennessee,W 3-0,3,NA,45,15,115,0.261,39,5,8,53,NA,2,14,NA,9,59,NA
2020-2021,02/26/2021,Florida,SEC,@ Tennessee,W 3-0,3,NA,47,16,118,0.263,38,5,8,55,2,8,6,NA,11,63,NA
2020-2021,03/05/2021,Florida,SEC,Arkansas,W 3-0,3,NA,44,12,88,0.364,43,5,10,46,NA,2,23,1,13.5,62.5,1
2020-2021,03/06/2021,Florida,SEC,Arkansas,W 3-0,3,NA,43,13,94,0.319,43,3,8,50,3,4,14,NA,11,57,1
2020-2021,03/12/2021,Florida,SEC,Missouri,W 3-2,5,NA,NA,22,151,0.344,NA,6,14,68,2,5,20,4,15,NA,NA
2020-2021,03/13/2021,Florida,SEC,Missouri,W 3-0,3,NA,47,7,78,0.513,45,3,7,32,3,2,12,NA,8,58,NA
2020-2021,03/19/2021,Florida,SEC,Kentucky,W 3-2,5,NA,60,19,140,0.293,57,9,6,61,5,1,12,NA,7,76,NA
2020-2021,03/20/2021,Florida,SEC,Kentucky,L 0-3,3,NA,35,21,107,0.131,28,NA,5,38,4,1,10,NA,6,41,NA
2020-2021,03/24/2021,Florida,SEC,@ Texas A&M,W 3-0,3,NA,37,15,85,0.259,36,5,7,24,3,3,8,1,7,49,NA
2020-2021,03/25/2021,Florida,SEC,@ Texas A&M,W 3-1,4,NA,56,17,128,0.305,49,9,9,59,4,2,18,NA,11,76,1
2020-2021,04/15/2021,Florida,SEC,"Morehead St. @Omaha, NE (2020 NCAA DI Women's Volleyball Championship)",W 3-0,3,NA,41,11,99,0.303,38,8,11,42,3,NA,16,5,8,57,NA
2020-2021,04/18/2021,Florida,SEC,"#9 Ohio St. @Omaha, NE (2020 NCAA DI Women's Volleyball Championship)",W 3-1,4,NA,53,19,144,0.236,48,5,4,62,3,1,32,4,17,75,NA
2020-2021,04/19/2021,Florida,SEC,"#1 Wisconsin @Omaha, NE (2020 NCAA DI Women's Volleyball Championship)",L 2-3,5,NA,63,31,188,0.17,59,7,12,88,4,1,22,2,12,82,NA
2020-2021,10/17/2020,Georgia,SEC,South Carolina,L 0-3,3,NA,38,22,111,0.144,32,2,6,35,3,1,10,1,6,46,NA
2020-2021,10/18/2020,Georgia,SEC,South Carolina,W 3-1,4,NA,60,20,124,0.323,53,11,12,45,3,3,8,3,7,78,1
2020-2021,10/28/2020,Georgia,SEC,@ Tennessee,L 1-3,4,NA,45,24,146,0.144,32,NA,10,57,6,3,10,NA,8,53,NA
2020-2021,10/29/2020,Georgia,SEC,@ Tennessee,W 3-2,5,NA,59,29,189,0.159,51,6,9,78,2,5,8,NA,9,74,NA
2020-2021,11/07/2020,Georgia,SEC,Alabama,L 1-3,4,NA,49,22,131,0.206,43,1,11,48,7,8,12,1,14,64,2
2020-2021,11/08/2020,Georgia,SEC,Alabama,W 3-0,3,NA,33,20,92,0.141,28,8,8,26,4,5,10,4,10,51,1
2020-2021,11/20/2020,Georgia,SEC,@ Florida,W 3-1,4,NA,47,21,141,0.184,44,5,11,52,6,2,18,1,11,63,1
2020-2021,11/21/2020,Georgia,SEC,@ Florida,L 1-3,4,NA,55,20,155,0.226,51,6,7,68,4,NA,18,1,9,70,1
2020-2021,02/04/2021,Georgia,SEC,Arkansas,L 1-3,4,NA,42,25,141,0.121,42,2,10,62,9,NA,8,4,14,58,NA
2020-2021,02/05/2021,Georgia,SEC,Arkansas,L 0-3,3,NA,33,16,110,0.155,27,4,9,44,4,8,NA,1,8,45,NA
2020-2021,02/13/2021,Georgia,SEC,Kentucky,L 0-3,3,NA,21,25,90,-0.044,20,3,2,30,7,4,NA,2,4,28,NA
2020-2021,02/14/2021,Georgia,SEC,Kentucky,L 0-3,3,NA,25,16,102,0.088,24,2,6,42,6,NA,8,1,4,31,NA
2020-2021,02/19/2021,Georgia,SEC,@ Missouri,L 0-3,3,NA,34,17,92,0.185,33,4,11,34,7,NA,4,NA,2,40,NA
2020-2021,02/20/2021,Georgia,SEC,@ Missouri,L 0-3,3,NA,40,16,91,0.264,38,5,14,34,4,2,6,NA,5,50,1
2020-2021,03/06/2021,Georgia,SEC,@ Auburn,Canceled,NA,NA,NA,NA,NA,NA,NA,NA,NA,NA,NA,NA,NA,NA,NA,NA,NA
2020-2021,03/07/2021,Georgia,SEC,@ Auburn,Canceled,NA,NA,NA,NA,NA,NA,NA,NA,NA,NA,NA,NA,NA,NA,NA,NA,NA
2020-2021,03/12/2021,Georgia,SEC,Texas A&M,L 1-3,4,NA,51,20,164,0.189,44,5,11,72,3,3,10,2,8,64,NA
2020-2021,03/13/2021,Georgia,SEC,Texas A&M,W 3-2,5,NA,65,22,177,0.243,58,7,13,68,2,5,24,1,17,89,2
2020-2021,03/19/2021,Georgia,SEC,@ LSU,L 2-3,5,NA,54,25,154,0.188,51,8,9,43,5,1,14,1,8,70,NA
2020-2021,03/20/2021,Georgia,SEC,@ LSU,L 1-3,4,NA,44,26,160,0.113,40,4,10,60,1,1,16,2,9,57,1
2020-2021,03/24/2021,Georgia,SEC,Ole Miss,W 3-2,5,NA,59,24,158,0.222,54,9,16,59,5,2,12,NA,8,76,NA
2020-2021,03/25/2021,Georgia,SEC,Ole Miss,W 3-2,5,NA,73,21,139,0.374,69,7,NA,44,9,NA,18,NA,9,89,2
2020-2021,03/31/2021,Georgia,SEC,@ Mississippi St.,L 0-3,3,NA,37,25,120,0.1,35,4,7,46,3,2,10,NA,7,48,NA
2020-2021,04/01/2021,Georgia,SEC,@ Mississippi St.,W 3-0,3,NA,38,13,99,0.253,36,6,11,39,3,NA,24,1,12,56,3
2020-2021,10/16/2020,Kentucky,SEC,Tennessee,W 3-0,3,NA,52,6,102,0.451,46,5,7,44,1,NA,12,2,6,63,NA
2020-2021,10/17/2020,Kentucky,SEC,Tennessee,W 3-1,4,NA,58,19,142,0.275,56,2,12,63,6,3,13,NA,9.5,69.5,NA
2020-2021,10/28/2020,Kentucky,SEC,@ Missouri,W 3-1,4,NA,62,14,134,0.358,57,7,9,46,7,2,22,NA,13,82,1
2020-2021,10/29/2020,Kentucky,SEC,@ Missouri,W 3-1,4,NA,63,21,138,0.304,55,7,8,55,1,4,8,NA,8,78,1
2020-2021,11/07/2020,Kentucky,SEC,Auburn,W 3-0,3,NA,54,14,104,0.385,51,7,4,43,2,1,10,NA,6,67,NA
2020-2021,11/08/2020,Kentucky,SEC,Auburn,W 3-0,3,NA,44,11,89,0.371,42,5,4,48,1,2,6,2,5,54,NA
2020-2021,11/13/2020,Kentucky,SEC,@ Mississippi St.,W 3-0,3,NA,38,8,84,0.357,34,5,6,40,1,NA,16,NA,8,51,NA
2020-2021,11/14/2020,Kentucky,SEC,@ Mississippi St.,W 3-0,3,NA,40,11,88,0.33,37,6,10,33,2,1,10,2,6,52,1
2020-2021,01/29/2021,Kentucky,SEC,@ Arkansas,W 3-0,3,NA,42,7,71,0.493,41,3,10,33,4,1,18,1,10,55,NA
2020-2021,01/30/2021,Kentucky,SEC,@ Arkansas,W 3-0,3,NA,44,14,113,0.265,42,3,6,57,1,NA,22,1,11,58,NA
2020-2021,02/13/2021,Kentucky,SEC,@ Georgia,W 3-0,3,NA,40,10,84,0.357,30,7,6,37,3,NA,22,NA,11,58,NA
2020-2021,02/14/2021,Kentucky,SEC,@ Georgia,W 3-0,3,NA,46,11,101,0.347,41,6,6,50,2,1,8,NA,5,57,NA
2020-2021,02/21/2021,Kentucky,SEC,South Carolina,Ppd,NA,NA,NA,NA,NA,NA,NA,NA,NA,NA,NA,NA,NA,NA,NA,NA,NA
2020-2021,02/26/2021,Kentucky,SEC,@ Texas A&M,Ppd,NA,NA,NA,NA,NA,NA,NA,NA,NA,NA,NA,NA,NA,NA,NA,NA,NA
2020-2021,02/27/2021,Kentucky,SEC,@ Texas A&M,Ppd,NA,NA,NA,NA,NA,NA,NA,NA,NA,NA,NA,NA,NA,NA,NA,NA,NA
2020-2021,03/05/2021,Kentucky,SEC,LSU,W 3-0,3,NA,51,7,95,0.463,48,7,1,41,NA,NA,18,1,9,67,1
2020-2021,03/06/2021,Kentucky,SEC,LSU,W 3-0,3,NA,46,10,93,0.387,42,3,5,40,6,1,21,1,11.5,60.5,NA
2020-2021,03/12/2021,Kentucky,SEC,Ole Miss,W 3-0,3,NA,41,8,82,0.402,37,6,9,29,2,NA,16,NA,8,55,NA
2020-2021,03/13/2021,Kentucky,SEC,Ole Miss,W 3-1,4,NA,64,15,128,0.383,55,5,6,51,2,NA,16,4,8,77,NA
2020-2021,03/19/2021,Kentucky,SEC,@ Florida,L 2-3,5,NA,NA,21,170,0.312,67,5,12,57,9,NA,16,1,8,87,1
2020-2021,03/20/2021,Kentucky,SEC,@ Florida,W 3-0,3,NA,45,16,109,0.266,41,4,7,44,NA,NA,14,1,7,56,NA
2020-2021,03/24/2021,Kentucky,SEC,Alabama,W 3-0,3,NA,42,6,86,0.419,40,9,6,39,5,NA,13,NA,6.5,57.5,NA
2020-2021,03/25/2021,Kentucky,SEC,Alabama,W 3-0,3,NA,43,5,81,0.469,39,4,8,36,NA,NA,18,1,9,56,NA
2020-2021,04/15/2021,Kentucky,SEC,"UNLV @Omaha, NE (2020 NCAA DI Women's Volleyball Championship)",W 3-0,3,NA,50,13,79,0.468,47,6,8,32,2,NA,10,4,5,61,NA
2020-2021,04/18/2021,Kentucky,SEC,"Western Ky. @Omaha, NE (2020 NCAA DI Women's Volleyball Championship)",W 3-0,3,NA,47,11,80,0.45,45,2,6,33,1,1,14,NA,8,57,NA
2020-2021,04/19/2021,Kentucky,SEC,"#7 Purdue @Omaha, NE (2020 NCAA DI Women's Volleyball Championship)",W 3-0,3,NA,50,19,121,0.256,48,5,7,47,3,NA,12,3,6,61,NA
2020-2021,04/22/2021,Kentucky,SEC,"#6 Washington @Omaha, NE (2020 NCAA DI Women's Volleyball Championship)",W 3-1,4,NA,65,17,141,0.34,65,6,6,62,7,3,10,2,8,79,1
2020-2021,04/24/2021,Kentucky,SEC,"#4 Texas @Omaha, NE (2020 NCAA DI Women's Volleyball Championship)",W 3-1,4,NA,70,17,152,0.349,67,4,6,55,4,5,8,1,9,83,NA
2020-2021,10/17/2020,LSU,SEC,@ Texas A&M,L 0-3,3,NA,31,25,118,0.051,28,2,4,53,4,5,4,NA,7,40,NA
2020-2021,10/18/2020,LSU,SEC,@ Texas A&M,L 2-3,5,NA,61,32,182,0.159,47,5,7,77,5,2,18,4,11,77,NA
2020-2021,10/21/2020,LSU,SEC,Mississippi St.,W 3-1,4,NA,61,23,162,0.235,59,7,5,82,4,NA,18,2,9,77,2
2020-2021,10/22/2020,LSU,SEC,Mississippi St.,W 3-1,4,NA,56,17,144,0.271,54,7,6,70,3,3,2,1,4,67,1
2020-2021,11/15/2020,LSU,SEC,@ Alabama,L 1-3,4,NA,52,15,136,0.272,50,4,6,63,7,4,10,1,9,65,1
2020-2021,11/16/2020,LSU,SEC,@ Alabama,W 3-0,3,NA,31,10,78,0.269,28,13,11,36,3,3,6,2,6,50,1
2020-2021,01/29/2021,LSU,SEC,@ Missouri,L 2-3,5,NA,57,20,144,0.257,53,4,13,63,4,3,10,NA,8,69,NA
2020-2021,01/30/2021,LSU,SEC,@ Missouri,L 2-3,5,NA,58,23,163,0.215,54,8,15,71,7,5,6,NA,8,74,NA
2020-2021,02/04/2021,LSU,SEC,Auburn,Ppd,NA,NA,NA,NA,NA,NA,NA,NA,NA,NA,NA,NA,NA,NA,NA,NA,NA
2020-2021,02/05/2021,LSU,SEC,Auburn,Ppd,NA,NA,NA,NA,NA,NA,NA,NA,NA,NA,NA,NA,NA,NA,NA,NA,NA
2020-2021,02/10/2021,LSU,SEC,@ Florida,L 0-3,3,NA,37,23,124,0.113,32,4,3,41,6,3,12,NA,9,50,NA
2020-2021,02/11/2021,LSU,SEC,@ Florida,L 1-3,4,NA,45,21,142,0.169,37,3,3,47,7,4,12,NA,10,58,NA
2020-2021,02/18/2021,LSU,SEC,Arkansas,L 1-3,4,NA,53,21,129,0.248,48,4,16,52,5,NA,10,2,5,62,1
2020-2021,02/19/2021,LSU,SEC,Arkansas,W 3-1,4,NA,65,24,169,0.243,62,5,7,67,4,3,8,2,7,77,1
2020-2021,02/27/2021,LSU,SEC,Ole Miss,W 3-0,3,NA,48,19,108,0.269,43,4,5,45,1,2,8,1,6,58,NA
2020-2021,02/28/2021,LSU,SEC,Ole Miss,L 2-3,5,NA,62,NA,NA,0.109,57,6,8,72,2,2,12,2,8,76,2
2020-2021,03/05/2021,LSU,SEC,@ Kentucky,L 0-3,3,NA,37,13,93,0.258,33,NA,4,32,7,1,4,2,3,40,NA
2020-2021,03/06/2021,LSU,SEC,@ Kentucky,L 0-3,3,NA,33,19,94,0.149,31,6,6,32,3,1,4,NA,3,42,NA
2020-2021,03/13/2021,LSU,SEC,South Carolina,W 3-2,5,NA,62,17,144,0.313,57,8,12,58,2,2,16,NA,10,80,NA
2020-2021,03/14/2021,LSU,SEC,South Carolina,W 3-0,3,NA,43,15,120,0.233,35,4,4,60,5,1,6,1,4,51,NA
2020-2021,03/19/2021,LSU,SEC,Georgia,W 3-2,5,NA,67,22,140,0.321,63,5,10,64,8,4,16,1,12,84,1
2020-2021,03/20/2021,LSU,SEC,Georgia,W 3-1,4,NA,55,28,153,0.176,54,1,8,79,4,5,12,NA,11,67,1
2020-2021,03/24/2021,LSU,SEC,@ Tennessee,L 1-3,4,NA,50,25,127,0.197,46,3,9,51,3,4,8,2,8,61,NA
2020-2021,03/25/2021,LSU,SEC,@ Tennessee,L 2-3,5,NA,58,30,163,0.172,54,NA,8,76,5,6,6,NA,9,67,NA
2020-2021,10/17/2020,Mississippi St.,SEC,Arkansas,L 2-3,5,NA,57,23,170,0.2,52,2,12,72,5,3,18,NA,12,71,1
2020-2021,10/18/2020,Mississippi St.,SEC,Arkansas,L 2-3,5,NA,64,25,194,0.201,60,9,12,80,4,3,28,NA,17,90,NA
2020-2021,10/21/2020,Mississippi St.,SEC,@ LSU,L 1-3,4,NA,42,23,157,0.121,40,4,5,67,7,NA,6,1,3,49,NA
2020-2021,10/22/2020,Mississippi St.,SEC,@ LSU,L 1-3,4,NA,48,20,152,0.184,41,3,8,58,7,2,8,1,6,57,3
2020-2021,11/04/2020,Mississippi St.,SEC,@ Texas A&M,W 3-1,4,NA,56,25,137,0.226,53,7,4,58,7,3,14,1,10,73,NA
2020-2021,11/05/2020,Mississippi St.,SEC,@ Texas A&M,W 3-2,5,NA,56,28,169,0.166,52,5,9,68,6,1,10,1,6,67,1
2020-2021,11/13/2020,Mississippi St.,SEC,Kentucky,L 0-3,3,NA,27,23,95,0.042,24,1,8,27,5,NA,6,1,3,31,NA
2020-2021,11/14/2020,Mississippi St.,SEC,Kentucky,L 0-3,3,NA,26,19,79,0.089,24,2,7,32,6,NA,6,1,3,31,3
2020-2021,02/04/2021,Mississippi St.,SEC,@ South Carolina,L 0-3,3,NA,36,20,108,0.148,35,3,2,29,3,2,6,1,5,44,NA
2020-2021,02/05/2021,Mississippi St.,SEC,@ South Carolina,L 2-3,5,NA,59,21,157,0.242,56,6,8,56,11,NA,24,1,12,77,2
2020-2021,02/11/2021,Mississippi St.,SEC,Ole Miss,W 3-0,3,NA,40,15,102,0.245,35,8,7,48,1,3,8,NA,7,55,1
2020-2021,02/12/2021,Mississippi St.,SEC,Ole Miss,W 3-1,4,NA,54,14,138,0.29,52,4,16,43,6,2,12,1,8,66,1
2020-2021,02/19/2021,Mississippi St.,SEC,Florida,Ppd,NA,NA,NA,NA,NA,NA,NA,NA,NA,NA,NA,NA,NA,NA,NA,NA,NA
2020-2021,02/26/2021,Mississippi St.,SEC,@ Alabama,L 1-3,4,NA,45,20,153,0.163,43,6,7,74,11,3,12,NA,9,60,1
2020-2021,02/27/2021,Mississippi St.,SEC,@ Alabama,L 1-3,4,NA,50,17,128,0.258,47,6,9,48,7,3,4,NA,5,61,NA
2020-2021,03/05/2021,Mississippi St.,SEC,@ Tennessee,L 1-3,4,NA,53,26,146,0.185,47,3,10,67,2,4,6,1,7,63,NA
2020-2021,03/06/2021,Mississippi St.,SEC,@ Tennessee,L 0-3,3,NA,39,24,117,0.128,39,3,7,55,5,4,2,NA,5,47,NA
2020-2021,03/19/2021,Mississippi St.,SEC,@ Auburn,Canceled,NA,NA,NA,NA,NA,NA,NA,NA,NA,NA,NA,NA,NA,NA,NA,NA,NA
2020-2021,03/20/2021,Mississippi St.,SEC,@ Auburn,Canceled,NA,NA,NA,NA,NA,NA,NA,NA,NA,NA,NA,NA,NA,NA,NA,NA,NA
2020-2021,03/24/2021,Mississippi St.,SEC,Missouri,L 0-3,3,NA,25,18,101,0.069,23,NA,4,36,7,NA,10,NA,5,30,NA
2020-2021,03/25/2021,Mississippi St.,SEC,Missouri,L 0-3,3,NA,39,19,110,0.182,35,2,10,39,6,1,4,NA,3,44,1
2020-2021,03/31/2021,Mississippi St.,SEC,Georgia,W 3-0,3,NA,41,15,110,0.236,39,3,8,49,4,2,16,1,10,54,NA
2020-2021,04/01/2021,Mississippi St.,SEC,Georgia,L 0-3,3,NA,34,22,100,0.12,32,3,8,40,6,1,4,2,3,40,NA
2020-2021,10/21/2020,Missouri,SEC,@ Alabama,W 3-1,4,NA,53,17,135,0.267,48,4,14,58,8,2,14,2,9,66,1
2020-2021,10/22/2020,Missouri,SEC,@ Alabama,W 3-0,3,NA,39,4,85,0.412,35,4,7,27,5,3,16,2,11,54,1
2020-2021,10/28/2020,Missouri,SEC,Kentucky,L 1-3,4,NA,64,28,147,0.245,59,7,7,54,7,1,6,NA,4,75,NA
2020-2021,10/29/2020,Missouri,SEC,Kentucky,L 1-3,4,NA,44,16,127,0.22,40,1,7,43,7,2,12,NA,8,53,1
2020-2021,11/04/2020,Missouri,SEC,Arkansas,W 3-2,5,NA,71,21,174,0.287,64,11,11,77,8,1,10,NA,6,88,NA
2020-2021,11/05/2020,Missouri,SEC,Arkansas,W 3-0,3,NA,54,16,125,0.304,51,3,5,54,5,1,12,NA,7,64,NA
2020-2021,11/20/2020,Missouri,SEC,@ Ole Miss,W 3-2,5,NA,58,18,143,0.28,50,8,7,54,7,2,12,3,8,74,NA
2020-2021,11/21/2020,Missouri,SEC,@ Ole Miss,W 3-1,4,NA,49,11,103,0.369,45,7,12,27,5,2,14,1,9,65,1
2020-2021,01/29/2021,Missouri,SEC,LSU,W 3-2,5,NA,67,25,165,0.255,56,4,9,59,4,3,10,NA,8,79,1
2020-2021,01/30/2021,Missouri,SEC,LSU,W 3-2,5,NA,58,24,161,0.211,46,7,3,73,8,1,8,NA,5,70,1
2020-2021,02/06/2021,Missouri,SEC,@ Florida,Ppd,NA,NA,NA,NA,NA,NA,NA,NA,NA,NA,NA,NA,NA,NA,NA,NA,NA
2020-2021,02/07/2021,Missouri,SEC,@ Florida,Ppd,NA,NA,NA,NA,NA,NA,NA,NA,NA,NA,NA,NA,NA,NA,NA,NA,NA
2020-2021,02/12/2021,Missouri,SEC,@ Tennessee,L 2-3,5,NA,59,25,163,0.209,47,4,13,68,2,4,4,NA,6,69,NA
2020-2021,02/13/2021,Missouri,SEC,@ Tennessee,L 0-3,3,NA,40,20,119,0.168,33,3,9,47,3,1,6,NA,4,47,NA
2020-2021,02/19/2021,Missouri,SEC,Georgia,W 3-0,3,NA,40,9,87,0.356,37,7,8,34,4,1,10,NA,6,53,NA
2020-2021,02/20/2021,Missouri,SEC,Georgia,W 3-0,3,NA,40,10,89,0.337,35,4,3,32,5,2,10,NA,7,51,1
2020-2021,02/26/2021,Missouri,SEC,@ South Carolina,W 3-0,3,NA,41,9,92,0.348,37,4,7,39,4,3,8,1,7,52,1
2020-2021,02/27/2021,Missouri,SEC,@ South Carolina,L 1-3,4,NA,63,21,155,0.271,59,2,14,53,6,1,14,3,8,73,1
2020-2021,03/12/2021,Missouri,SEC,@ Florida,L 2-3,5,NA,66,25,176,0.233,58,2,8,43,6,1,6,NA,4,72,NA
2020-2021,03/12/2021,Missouri,SEC,Auburn,Canceled,NA,NA,NA,NA,NA,NA,NA,NA,NA,NA,NA,NA,NA,NA,NA,NA,NA
2020-2021,03/13/2021,Missouri,SEC,@ Florida,L 0-3,3,NA,30,21,96,0.094,26,3,4,19,3,1,4,NA,3,36,NA
2020-2021,03/13/2021,Missouri,SEC,Auburn,Canceled,NA,NA,NA,NA,NA,NA,NA,NA,NA,NA,NA,NA,NA,NA,NA,NA,NA
2020-2021,03/19/2021,Missouri,SEC,Texas A&M,W 3-0,3,NA,37,10,98,0.276,32,10,5,39,3,NA,18,NA,9,56,NA
2020-2021,03/20/2021,Missouri,SEC,Texas A&M,W 3-2,5,NA,64,18,153,0.301,58,9,11,57,4,NA,18,NA,9,82,1
2020-2021,03/24/2021,Missouri,SEC,@ Mississippi St.,W 3-0,3,NA,45,15,106,0.283,41,7,12,47,NA,NA,8,NA,4,56,1
2020-2021,03/25/2021,Missouri,SEC,@ Mississippi St.,W 3-0,3,NA,39,14,96,0.26,36,6,5,45,2,3,10,NA,8,53,NA
2020-2021,04/14/2021,Missouri,SEC,"South Dakota @Omaha, NE (2020 NCAA DI Women's Volleyball Championship)",W 3-0,3,NA,47,14,95,0.347,44,4,7,40,3,1,10,1,6,57,NA
2020-2021,04/15/2021,Missouri,SEC,"#9 Ohio St. @Omaha, NE (2020 NCAA DI Women's Volleyball Championship)",L 0-3,3,NA,36,18,110,0.164,33,2,8,41,4,1,6,NA,4,42,NA
2020-2021,10/22/2020,Ole Miss,SEC,Texas A&M,L 1-3,4,NA,43,28,128,0.117,41,5,12,54,2,2,8,1,6,54,2
2020-2021,10/23/2020,Ole Miss,SEC,Texas A&M,L 1-3,4,NA,43,23,127,0.157,41,8,14,47,4,NA,6,NA,3,54,NA
2020-2021,10/31/2020,Ole Miss,SEC,@ Arkansas,L 1-3,4,NA,41,17,127,0.189,38,5,14,49,13,1,22,3,12,58,NA
2020-2021,11/01/2020,Ole Miss,SEC,@ Arkansas,L 0-3,3,NA,32,12,95,0.211,31,3,8,41,8,NA,2,4,1,36,NA
2020-2021,11/20/2020,Ole Miss,SEC,Missouri,L 2-3,5,NA,48,23,128,0.195,45,7,8,57,8,NA,10,2,5,60,3
2020-2021,11/21/2020,Ole Miss,SEC,Missouri,L 1-3,4,NA,52,25,116,0.233,50,5,10,36,7,1,12,3,7,64,1
2020-2021,01/29/2021,Ole Miss,SEC,Florida,L 0-3,3,NA,30,22,79,0.101,30,4,7,20,5,1,2,1,2,36,1
2020-2021,01/30/2021,Ole Miss,SEC,Florida,L 0-3,3,NA,27,16,80,0.138,26,6,8,28,NA,NA,4,NA,2,35,2
2020-2021,02/05/2021,Ole Miss,SEC,Alabama,L 2-3,5,NA,62,27,165,0.212,60,6,11,62,3,1,16,3,9,77,NA
2020-2021,02/06/2021,Ole Miss,SEC,Alabama,L 2-3,5,NA,70,23,149,0.315,66,4,19,53,10,3,20,1,13,87,NA
2020-2021,02/11/2021,Ole Miss,SEC,@ Mississippi St.,L 0-3,3,NA,28,22,106,0.057,26,1,4,42,8,1,6,NA,4,33,NA
2020-2021,02/12/2021,Ole Miss,SEC,@ Mississippi St.,L 1-3,4,NA,59,30,144,0.201,52,6,9,61,4,2,8,NA,6,71,NA
2020-2021,02/27/2021,Ole Miss,SEC,Auburn,Canceled,NA,NA,NA,NA,NA,NA,NA,NA,NA,NA,NA,NA,NA,NA,NA,NA,NA
2020-2021,02/27/2021,Ole Miss,SEC,@ LSU,L 0-3,3,NA,35,17,103,0.175,33,1,6,37,4,1,14,2,8,44,1
2020-2021,02/28/2021,Ole Miss,SEC,Auburn,Canceled,NA,NA,NA,NA,NA,NA,NA,NA,NA,NA,NA,NA,NA,NA,NA,NA,NA
2020-2021,02/28/2021,Ole Miss,SEC,@ LSU,W 3-2,5,NA,63,31,177,0.181,58,2,9,77,6,3,30,2,18,83,NA
2020-2021,03/06/2021,Ole Miss,SEC,@ South Carolina,L 0-3,3,NA,37,10,81,0.333,34,3,9,16,9,3,6,NA,6,46,3
2020-2021,03/07/2021,Ole Miss,SEC,@ South Carolina,L 1-3,4,NA,45,25,118,0.169,41,4,13,41,6,NA,12,1,6,55,NA
2020-2021,03/12/2021,Ole Miss,SEC,@ Kentucky,L 0-3,3,NA,29,20,83,0.108,29,2,8,29,6,NA,2,NA,1,32,NA
2020-2021,03/13/2021,Ole Miss,SEC,@ Kentucky,L 1-3,4,NA,49,20,129,0.225,46,2,7,43,5,NA,16,3,8,59,NA
2020-2021,03/24/2021,Ole Miss,SEC,@ Georgia,L 2-3,5,NA,52,23,139,0.209,50,5,10,58,9,7,14,2,14,71,2
2020-2021,03/25/2021,Ole Miss,SEC,@ Georgia,L 2-3,5,NA,59,18,127,0.323,55,9,13,42,7,1,20,1,11,79,2
2020-2021,10/17/2020,South Carolina,SEC,@ Georgia,W 3-0,3,NA,44,12,99,0.323,38,3,9,38,2,1,26,NA,14,61,1
2020-2021,10/18/2020,South Carolina,SEC,@ Georgia,L 1-3,4,NA,51,16,123,0.285,45,3,7,38,11,4,20,NA,14,68,2
2020-2021,10/28/2020,South Carolina,SEC,Auburn,W 3-0,3,NA,37,16,90,0.233,36,7,4,42,4,3,8,1,7,51,NA
2020-2021,10/29/2020,South Carolina,SEC,Auburn,W 3-1,4,NA,55,29,155,0.168,52,6,10,71,3,3,10,3,8,69,2
2020-2021,11/06/2020,South Carolina,SEC,@ Tennessee,L 1-3,4,NA,46,28,155,0.116,40,2,11,61,2,4,6,1,7,55,NA
2020-2021,11/07/2020,South Carolina,SEC,@ Tennessee,W 3-0,3,NA,42,10,111,0.288,39,3,4,46,1,2,16,NA,10,55,NA
2020-2021,11/11/2020,South Carolina,SEC,Florida,L 0-3,3,NA,31,19,105,0.114,26,2,7,29,2,1,6,3,4,37,1
2020-2021,11/12/2020,South Carolina,SEC,Florida,W 3-2,5,NA,70,21,169,0.29,64,6,8,59,4,2,16,3,10,86,1
2020-2021,01/29/2021,South Carolina,SEC,@ Alabama,W 3-1,4,NA,55,23,132,0.242,53,1,7,56,5,4,18,1,13,69,1
2020-2021,01/30/2021,South Carolina,SEC,@ Alabama,W 3-2,5,NA,64,27,152,0.243,56,3,9,51,4,3,16,3,11,78,2
2020-2021,02/04/2021,South Carolina,SEC,Mississippi St.,W 3-0,3,NA,49,11,95,0.4,48,3,4,40,3,2,10,3,7,59,NA
2020-2021,02/05/2021,South Carolina,SEC,Mississippi St.,W 3-2,5,NA,62,23,147,0.265,59,11,8,64,6,2,6,3,5,78,3
2020-2021,02/10/2021,South Carolina,SEC,Texas A&M,L 1-3,4,NA,51,23,127,0.22,49,6,7,59,12,1,10,1,6,63,NA
2020-2021,02/11/2021,South Carolina,SEC,Texas A&M,L 1-3,4,NA,48,25,129,0.178,47,10,9,53,7,2,6,2,5,63,3
2020-2021,02/21/2021,South Carolina,SEC,@ Kentucky,Ppd,NA,NA,NA,NA,NA,NA,NA,NA,NA,NA,NA,NA,NA,NA,NA,NA,NA
2020-2021,02/26/2021,South Carolina,SEC,Missouri,L 0-3,3,NA,34,19,95,0.158,32,4,9,33,4,NA,8,2,4,42,1
2020-2021,02/27/2021,South Carolina,SEC,Missouri,W 3-1,4,NA,57,19,136,0.279,55,6,6,55,2,4,14,NA,11,74,3
2020-2021,03/06/2021,South Carolina,SEC,Ole Miss,W 3-0,3,NA,45,14,79,0.392,43,9,7,28,3,2,8,1,6,60,1
2020-2021,03/07/2021,South Carolina,SEC,Ole Miss,W 3-1,4,NA,48,19,110,0.264,47,6,16,31,4,2,20,NA,12,66,2
2020-2021,03/13/2021,South Carolina,SEC,@ LSU,L 2-3,5,NA,53,27,147,0.177,51,2,7,58,8,1,6,NA,4,59,1
2020-2021,03/14/2021,South Carolina,SEC,@ LSU,L 0-3,3,NA,42,15,126,0.214,38,5,10,54,4,NA,4,NA,2,49,3
2020-2021,03/19/2021,South Carolina,SEC,@ Arkansas,L 2-3,5,NA,54,25,147,0.197,51,5,9,66,9,1,8,4,5,64,1
2020-2021,03/20/2021,South Carolina,SEC,@ Arkansas,L 0-3,3,NA,36,17,102,0.186,36,5,11,39,4,1,14,1,8,49,NA
2020-2021,10/16/2020,Tennessee,SEC,@ Kentucky,L 0-3,3,NA,31,13,99,0.182,30,1,3,35,5,NA,4,2,2,34,1
2020-2021,10/17/2020,Tennessee,SEC,@ Kentucky,L 1-3,4,NA,43,28,148,0.101,40,6,6,59,2,2,16,NA,10,59,4
2020-2021,10/28/2020,Tennessee,SEC,Georgia,W 3-1,4,NA,58,20,142,0.268,43,6,10,71,NA,1,22,NA,12,76,NA
2020-2021,10/29/2020,Tennessee,SEC,Georgia,L 2-3,5,NA,63,27,182,0.198,58,2,7,86,6,5,14,NA,12,77,NA
2020-2021,11/06/2020,Tennessee,SEC,South Carolina,W 3-1,4,NA,54,13,139,0.295,47,2,8,68,2,2,20,NA,12,68,NA
2020-2021,11/07/2020,Tennessee,SEC,South Carolina,L 0-3,3,NA,47,23,134,0.179,44,1,4,53,3,NA,8,NA,4,52,NA
2020-2021,11/18/2020,Tennessee,SEC,@ Auburn,W 3-0,3,NA,48,16,104,0.308,43,7,13,46,2,NA,6,NA,3,58,NA
2020-2021,11/19/2020,Tennessee,SEC,@ Auburn,W 3-0,3,NA,39,10,102,0.284,35,5,5,46,NA,NA,12,1,6,50,NA
2020-2021,02/05/2021,Tennessee,SEC,@ Texas A&M,Ppd,NA,NA,NA,NA,NA,NA,NA,NA,NA,NA,NA,NA,NA,NA,NA,NA,NA
2020-2021,02/06/2021,Tennessee,SEC,@ Texas A&M,Ppd,NA,NA,NA,NA,NA,NA,NA,NA,NA,NA,NA,NA,NA,NA,NA,NA,NA
2020-2021,02/12/2021,Tennessee,SEC,Missouri,W 3-2,5,NA,71,21,169,0.296,61,2,NA,73,4,5,9,NA,9.5,82.5,NA
2020-2021,02/13/2021,Tennessee,SEC,Missouri,W 3-0,3,NA,41,9,104,0.308,36,3,9,50,3,4,10,NA,9,53,NA
2020-2021,02/25/2021,Tennessee,SEC,Florida,L 0-3,3,NA,34,19,113,0.133,32,NA,6,47,5,4,4,NA,6,40,NA
2020-2021,02/26/2021,Tennessee,SEC,Florida,L 0-3,3,NA,39,20,121,0.157,34,2,4,51,5,7,4,1,9,50,NA
2020-2021,03/05/2021,Tennessee,SEC,Mississippi St.,W 3-1,4,NA,57,15,149,0.282,45,2,5,58,3,9,8,1,13,72,NA
2020-2021,03/06/2021,Tennessee,SEC,Mississippi St.,W 3-0,3,NA,38,8,107,0.28,35,5,6,46,3,7,6,1,10,53,NA
2020-2021,03/13/2021,Tennessee,SEC,@ Arkansas,W 3-1,4,NA,61,17,144,0.306,58,4,11,71,4,2,12,1,8,73,NA
2020-2021,03/14/2021,Tennessee,SEC,@ Arkansas,L 1-3,4,NA,50,15,123,0.285,45,3,8,46,6,2,22,1,13,66,2
2020-2021,03/19/2021,Tennessee,SEC,@ Alabama,L 1-3,4,NA,44,17,124,0.218,39,3,18,35,3,1,14,1,8,55,NA
2020-2021,03/20/2021,Tennessee,SEC,@ Alabama,W 3-1,4,NA,57,16,146,0.281,49,2,15,56,8,1,22,1,12,71,1
2020-2021,03/24/2021,Tennessee,SEC,LSU,W 3-1,4,NA,56,23,146,0.226,46,3,12,47,3,3,8,NA,7,66,NA
2020-2021,03/25/2021,Tennessee,SEC,LSU,W 3-2,5,NA,60,29,179,0.173,56,5,14,69,NA,6,18,NA,15,80,NA
2020-2021,10/17/2020,Texas A&M,SEC,LSU,W 3-0,3,NA,40,18,117,0.188,33,4,5,56,2,3,16,NA,11,55,NA
2020-2021,10/18/2020,Texas A&M,SEC,LSU,W 3-2,5,NA,69,25,180,0.244,56,5,7,84,5,2,28,2,16,90,NA
2020-2021,10/22/2020,Texas A&M,SEC,@ Ole Miss,W 3-1,4,NA,49,20,134,0.216,46,2,12,49,5,4,14,1,11,62,1
2020-2021,10/23/2020,Texas A&M,SEC,@ Ole Miss,W 3-1,4,NA,54,10,117,0.376,49,4,10,56,8,NA,10,NA,5,63,NA
2020-2021,11/04/2020,Texas A&M,SEC,Mississippi St.,L 1-3,4,NA,50,29,140,0.15,47,7,3,52,7,NA,10,NA,5,62,NA
2020-2021,11/05/2020,Texas A&M,SEC,Mississippi St.,L 2-3,5,NA,62,29,173,0.191,59,6,7,77,5,4,16,5,12,80,NA
2020-2021,11/13/2020,Texas A&M,SEC,@ Arkansas,L 1-3,4,NA,48,24,137,0.175,44,7,4,55,9,2,14,5,9,64,NA
2020-2021,11/14/2020,Texas A&M,SEC,@ Arkansas,L 1-3,4,NA,56,31,184,0.136,54,3,6,NA,4,2,18,3,11,70,3
2020-2021,01/30/2021,Texas A&M,SEC,@ Auburn,Canceled,NA,NA,NA,NA,NA,NA,NA,NA,NA,NA,NA,NA,NA,NA,NA,NA,NA
2020-2021,01/31/2021,Texas A&M,SEC,@ Auburn,Canceled,NA,NA,NA,NA,NA,NA,NA,NA,NA,NA,NA,NA,NA,NA,NA,NA,NA
2020-2021,02/05/2021,Texas A&M,SEC,Tennessee,Ppd,NA,NA,NA,NA,NA,NA,NA,NA,NA,NA,NA,NA,NA,NA,NA,NA,NA
2020-2021,02/06/2021,Texas A&M,SEC,Tennessee,Ppd,NA,NA,NA,NA,NA,NA,NA,NA,NA,NA,NA,NA,NA,NA,NA,NA,NA
2020-2021,02/10/2021,Texas A&M,SEC,@ South Carolina,W 3-1,4,NA,48,21,137,0.197,47,12,4,46,6,1,12,1,7,67,1
2020-2021,02/11/2021,Texas A&M,SEC,@ South Carolina,W 3-1,4,NA,48,18,122,0.246,46,7,7,52,10,4,12,NA,10,65,NA
2020-2021,02/26/2021,Texas A&M,SEC,Kentucky,Ppd,NA,NA,NA,NA,NA,NA,NA,NA,NA,NA,NA,NA,NA,NA,NA,NA,NA
2020-2021,02/27/2021,Texas A&M,SEC,Kentucky,Ppd,NA,NA,NA,NA,NA,NA,NA,NA,NA,NA,NA,NA,NA,NA,NA,NA,NA
2020-2021,03/05/2021,Texas A&M,SEC,Alabama,W 3-1,4,NA,51,19,138,0.232,49,11,17,60,12,2,20,NA,12,74,NA
2020-2021,03/06/2021,Texas A&M,SEC,Alabama,W 3-0,3,NA,52,11,145,0.283,49,3,4,71,3,1,6,2,4,59,2
2020-2021,03/12/2021,Texas A&M,SEC,@ Georgia,W 3-1,4,NA,62,22,171,0.234,51,3,12,84,5,NA,8,NA,4,69,NA
2020-2021,03/13/2021,Texas A&M,SEC,@ Georgia,L 2-3,5,NA,59,27,164,0.195,51,2,7,73,7,2,22,NA,13,74,2
2020-2021,03/19/2021,Texas A&M,SEC,@ Missouri,L 0-3,3,NA,29,19,96,0.104,27,3,7,41,10,2,4,NA,4,36,1
2020-2021,03/20/2021,Texas A&M,SEC,@ Missouri,L 2-3,5,NA,60,20,143,0.28,50,4,12,58,9,1,6,NA,4,68,NA
2020-2021,03/24/2021,Texas A&M,SEC,Florida,L 0-3,3,NA,37,26,95,0.116,32,3,5,27,5,1,8,NA,5,45,NA
2020-2021,03/25/2021,Texas A&M,SEC,Florida,L 1-3,4,NA,45,24,138,0.152,43,4,9,53,9,NA,8,NA,4,53,NA
2020-2021,No data available in table,Alabama A&M,SWAC,No data available in table,No data available in table,NA,NA,NA,NA,NA,NA,NA,NA,NA,NA,NA,NA,NA,NA,NA,NA,NA
2020-2021,No data available in table,Alabama St.,SWAC,No data available in table,No data available in table,NA,NA,NA,NA,NA,NA,NA,NA,NA,NA,NA,NA,NA,NA,NA,NA,NA
2020-2021,01/31/2021,Alcorn,SWAC,Prairie View,L 0-3,3,NA,36,24,108,0.111,35,1,6,51,5,1,8,1,5,42,NA
2020-2021,02/01/2021,Alcorn,SWAC,Texas Southern,Ppd,NA,NA,NA,NA,NA,NA,NA,NA,NA,NA,NA,NA,NA,NA,NA,NA,NA
2020-2021,02/07/2021,Alcorn,SWAC,@ Mississippi Val.,W 3-0,3,NA,25,19,73,0.082,22,NA,6,30,8,NA,4,NA,2,43,1
2020-2021,02/08/2021,Alcorn,SWAC,@ Jackson St.,L 0-3,3,NA,23,17,79,0.076,16,8,5,38,9,2,2,NA,3,34,NA
2020-2021,02/21/2021,Alcorn,SWAC,Southern U.,Ppd,NA,NA,NA,NA,NA,NA,NA,NA,NA,NA,NA,NA,NA,NA,NA,NA,NA
2020-2021,03/01/2021,Alcorn,SWAC,@ Grambling,L 1-3,4,NA,31,23,164,0.049,25,4,4,71,4,4,8,NA,8,43,5
2020-2021,03/02/2021,Alcorn,SWAC,@ Ark.-Pine Bluff,L 0-3,3,NA,26,20,116,0.052,24,NA,5,51,5,2,NA,1,2,28,NA
2020-2021,03/05/2021,Alcorn,SWAC,Southern U.,L 1-3,4,NA,51,NA,176,0.085,45,6,7,70,3,1,8,3,5,62,NA
2020-2021,03/14/2021,Alcorn,SWAC,Jackson St.,L 0-3,3,NA,23,26,92,-0.033,19,1,3,43,5,1,NA,NA,1,25,5
2020-2021,03/15/2021,Alcorn,SWAC,Mississippi Val.,W 3-0,3,NA,31,13,77,0.234,31,6,3,34,4,1,4,1,3,40,4
2020-2021,03/18/2021,Alcorn,SWAC,Texas Southern,W 3-1,4,NA,44,17,125,0.216,43,4,8,63,2,NA,6,4,3,51,9
2020-2021,03/26/2021,Alcorn,SWAC,"#3 Ark.-Pine Bluff @Birmingham, Ala. (20-21 WVB SWAC Volleyball Championship)",L 0-3,3,NA,31,22,108,0.083,31,3,5,53,4,NA,8,5,4,38,1
2020-2021,01/24/2021,Ark.-Pine Bluff,SWAC,Texas Southern,W 3-1,4,NA,49,20,165,0.176,43,10,8,87,4,6,8,3,10,69,NA
2020-2021,01/25/2021,Ark.-Pine Bluff,SWAC,Prairie View,L 0-3,3,NA,43,23,144,0.139,41,2,7,72,4,5,2,4,6,51,NA
2020-2021,01/31/2021,Ark.-Pine Bluff,SWAC,@ Southern U.,W 3-0,3,NA,31,15,95,0.168,26,7,2,48,3,7,3,2,8.5,46.5,NA
2020-2021,02/05/2021,Ark.-Pine Bluff,SWAC,Philander Smith,W 3-0,3,NA,39,6,94,0.351,35,4,5,58,1,2,6,1,5,48,NA
2020-2021,02/08/2021,Ark.-Pine Bluff,SWAC,@ Grambling,L 1-3,4,NA,43,23,182,0.11,35,8,7,83,7,4,12,2,10,61,2
2020-2021,02/25/2021,Ark.-Pine Bluff,SWAC,@ Jackson St.,L 1-3,4,NA,39,26,126,0.103,38,7,5,62,9,7,2,NA,8,54,NA
2020-2021,03/02/2021,Ark.-Pine Bluff,SWAC,Alcorn,W 3-0,3,NA,38,4,98,0.347,37,5,7,62,NA,5,2,4,6,49,NA
2020-2021,03/08/2021,Ark.-Pine Bluff,SWAC,Grambling,W 3-0,3,NA,46,15,130,0.238,44,8,5,79,2,1,8,3,5,59,NA
2020-2021,03/10/2021,Ark.-Pine Bluff,SWAC,Southern U.,W 3-1,4,NA,60,22,155,0.245,NA,7,11,96,2,7,6,2,10,NA,NA
2020-2021,03/21/2021,Ark.-Pine Bluff,SWAC,@ Prairie View,L 0-3,3,NA,28,13,123,0.122,26,NA,5,57,7,2,14,1,9,37,1
2020-2021,03/22/2021,Ark.-Pine Bluff,SWAC,@ Texas Southern,W 3-0,3,NA,40,17,117,0.197,35,4,1,56,4,NA,10,1,5,49,2
2020-2021,03/26/2021,Ark.-Pine Bluff,SWAC,"#6 Alcorn @Birmingham, Ala. (20-21 WVB SWAC Volleyball Championship)",W 3-0,3,NA,41,17,117,0.205,36,4,4,50,3,NA,6,1,3,48,1
2020-2021,03/27/2021,Ark.-Pine Bluff,SWAC,#2 Prairie View 20-21 WVB SWAC Volleyball Championship,W 3-2,5,NA,57,24,199,0.166,56,8,13,98,7,5,12,NA,11,76,NA
2020-2021,03/28/2021,Ark.-Pine Bluff,SWAC,#1 Jackson St. 20-21 WVB SWAC Volleyball Championship,Canceled,NA,NA,NA,NA,NA,NA,NA,NA,NA,NA,NA,NA,NA,NA,NA,NA,NA
2020-2021,01/24/2021,Grambling,SWAC,Prairie View,L 2-3,5,NA,48,23,174,0.144,40,3,6,85,4,1,10,NA,6,57,8
2020-2021,01/28/2021,Grambling,SWAC,@ Northwestern St.,L 0-3,3,NA,13,19,89,-0.067,12,2,2,39,NA,NA,4,1,2,17,2
2020-2021,02/01/2021,Grambling,SWAC,@ Southern U.,L 1-3,4,NA,45,20,148,0.169,42,5,9,66,10,5,NA,1,5,55,NA
2020-2021,02/08/2021,Grambling,SWAC,Ark.-Pine Bluff,W 3-1,4,NA,44,25,191,0.099,33,7,5,85,8,1,6,1,4,55,2
2020-2021,02/11/2021,Grambling,SWAC,Jarvis Christian,W 3-0,3,NA,40,13,109,0.248,30,6,4,45,2,2,8,NA,6,52,4
2020-2021,02/28/2021,Grambling,SWAC,Southern U.,W 3-0,3,NA,38,23,132,0.114,30,4,5,61,1,3,2,NA,4,46,4
2020-2021,03/01/2021,Grambling,SWAC,Alcorn,W 3-1,4,NA,49,18,162,0.191,38,4,8,74,4,NA,16,NA,8,61,5
2020-2021,03/04/2021,Grambling,SWAC,@ Louisiana Tech,L 0-3,3,NA,27,15,109,0.11,26,2,3,48,4,1,2,NA,2,31,3
2020-2021,03/08/2021,Grambling,SWAC,@ Ark.-Pine Bluff,L 0-3,3,NA,24,12,119,0.101,21,2,3,62,8,NA,2,3,1,27,NA
2020-2021,03/11/2021,Grambling,SWAC,Jackson St.,L 1-3,4,NA,46,25,167,0.126,43,4,4,78,7,NA,6,NA,3,53,1
2020-2021,03/13/2021,Grambling,SWAC,Texas Southern,L 2-3,5,NA,59,31,NA,0.131,47,4,7,99,8,2,6,2,5,68,3
2020-2021,03/14/2021,Grambling,SWAC,@ Mississippi Val.,W 3-1,4,NA,40,17,126,0.183,36,5,6,68,5,5,6,NA,8,53,4
2020-2021,03/17/2021,Grambling,SWAC,Mississippi Val.,W 3-0,3,NA,29,13,88,0.182,26,4,1,47,2,3,22,NA,NA,47,1
2020-2021,03/21/2021,Grambling,SWAC,@ Texas Southern,W 3-2,5,NA,40,31,140,0.064,32,3,5,50,9,NA,NA,1,13,56,1
2020-2021,03/22/2021,Grambling,SWAC,@ Prairie View,L 0-3,3,NA,31,17,125,0.112,29,NA,3,57,4,2,12,NA,8,39,NA
2020-2021,03/26/2021,Grambling,SWAC,"#5 Southern U. @Birmingham, Ala. (20-21 WVB SWAC Volleyball Championship)",L 0-3,3,NA,30,28,108,0.019,27,4,4,45,8,NA,16,NA,8,42,NA
2020-2021,02/07/2021,Jackson St.,SWAC,@ Southern U.,W 3-2,5,NA,48,27,161,0.13,41,9,11,81,5,2,14,5,9,66,NA
2020-2021,02/08/2021,Jackson St.,SWAC,Alcorn,W 3-0,3,NA,37,7,84,0.357,33,9,5,36,8,4,NA,NA,4,50,NA
2020-2021,02/21/2021,Jackson St.,SWAC,Prairie View,W 3-0,3,NA,46,17,110,0.264,42,6,8,36,2,2,14,NA,9,61,NA
2020-2021,02/23/2021,Jackson St.,SWAC,Texas Southern,W 3-0,3,NA,38,16,105,0.21,35,6,6,47,3,3,12,NA,9,53,NA
2020-2021,02/25/2021,Jackson St.,SWAC,Ark.-Pine Bluff,W 3-1,4,NA,44,22,133,0.165,37,9,10,59,7,5,6,1,8,61,NA
2020-2021,03/09/2021,Jackson St.,SWAC,@ Mississippi Val.,W 3-0,3,NA,30,6,63,0.381,29,14,6,38,2,1,2,NA,2,46,NA
2020-2021,03/11/2021,Jackson St.,SWAC,@ Grambling,W 3-1,4,NA,57,21,164,0.22,55,7,8,82,4,1,16,NA,9,73,1
2020-2021,03/14/2021,Jackson St.,SWAC,@ Alcorn,W 3-0,3,NA,35,12,94,0.245,29,5,7,40,1,3,12,NA,9,49,2
2020-2021,03/22/2021,Jackson St.,SWAC,Mississippi Val.,W 3-0,3,NA,34,10,74,0.324,32,10,9,31,3,4,4,NA,6,50,NA
2020-2021,03/26/2021,Jackson St.,SWAC,"#8 Mississippi Val. @Birmingham, Ala. (20-21 WVB SWAC Volleyball Championship)",W 3-0,3,NA,41,9,81,0.395,37,8,6,35,3,1,8,1,5,54,1
2020-2021,03/27/2021,Jackson St.,SWAC,#5 Southern U. 20-21 WVB SWAC Volleyball Championship,W 3-1,4,NA,53,31,147,0.15,48,4,4,56,2,1,14,NA,8,65,NA
2020-2021,03/28/2021,Jackson St.,SWAC,@#3 Ark.-Pine Bluff 20-21 WVB SWAC Volleyball Championship,Canceled,NA,NA,NA,NA,NA,NA,NA,NA,NA,NA,NA,NA,NA,NA,NA,NA,NA
2020-2021,04/14/2021,Jackson St.,SWAC,"Western Ky. @Omaha, NE (2020 NCAA DI Women's Volleyball Championship)",L 0-3,3,NA,19,19,85,NA,17,2,2,24,9,NA,4,4,2,23,NA
2020-2021,02/07/2021,Mississippi Val.,SWAC,Alcorn,L 0-3,3,NA,20,22,77,-0.026,17,8,8,25,16,NA,2,NA,1,29,NA
2020-2021,02/09/2021,Mississippi Val.,SWAC,@ Southern U.,L 0-3,3,NA,15,21,101,-0.059,13,2,5,41,3,2,2,1,3,20,8
2020-2021,02/22/2021,Mississippi Val.,SWAC,Prairie View,L 0-3,3,NA,12,26,82,-0.171,12,1,8,20,6,NA,8,NA,4,17,NA
2020-2021,03/09/2021,Mississippi Val.,SWAC,Jackson St.,L 0-3,3,NA,19,18,79,0.013,17,2,9,24,14,1,4,NA,3,24,NA
2020-2021,03/14/2021,Mississippi Val.,SWAC,Grambling,L 1-3,4,NA,38,31,148,0.047,37,5,8,61,5,2,8,4,6,49,4
2020-2021,03/15/2021,Mississippi Val.,SWAC,@ Alcorn,L 0-3,3,NA,26,19,83,0.084,23,4,11,27,6,NA,NA,1,NA,30,3
2020-2021,03/17/2021,Mississippi Val.,SWAC,@ Grambling,L 0-3,3,NA,19,30,103,-0.107,18,2,3,40,4,NA,2,NA,1,22,5
2020-2021,03/19/2021,Mississippi Val.,SWAC,Texas Southern,L 0-3,3,NA,24,18,86,0.07,21,4,8,26,5,NA,10,NA,5,33,NA
2020-2021,03/22/2021,Mississippi Val.,SWAC,@ Jackson St.,L 0-3,3,NA,21,17,73,0.055,16,3,6,26,10,2,NA,NA,2,26,NA
2020-2021,03/26/2021,Mississippi Val.,SWAC,"#1 Jackson St. @Birmingham, Ala. (20-21 WVB SWAC Volleyball Championship)",L 0-3,3,NA,21,16,76,0.066,21,3,7,24,8,1,4,1,3,27,2
2020-2021,01/22/2021,Prairie View,SWAC,UIW,W 3-2,5,NA,NA,29,180,0.183,NA,6,4,79,10,NA,14,NA,7,75,NA
2020-2021,01/24/2021,Prairie View,SWAC,@ Grambling,W 3-2,5,NA,51,16,188,0.186,36,4,8,75,3,NA,16,NA,8,63,NA
2020-2021,01/25/2021,Prairie View,SWAC,@ Ark.-Pine Bluff,W 3-0,3,NA,38,14,134,0.179,32,4,5,67,2,2,6,1,5,47,NA
2020-2021,01/31/2021,Prairie View,SWAC,@ Alcorn,W 3-0,3,NA,32,17,107,0.14,31,5,6,44,1,1,12,NA,7,44,NA
2020-2021,02/04/2021,Prairie View,SWAC,@ Houston,Canceled,NA,NA,NA,NA,NA,NA,NA,NA,NA,NA,NA,NA,NA,NA,NA,NA,NA
2020-2021,02/21/2021,Prairie View,SWAC,@ Jackson St.,L 0-3,3,NA,41,19,104,0.212,40,2,5,38,6,5,4,NA,7,50,NA
2020-2021,02/22/2021,Prairie View,SWAC,@ Mississippi Val.,W 3-0,3,NA,24,7,62,0.274,19,6,5,34,1,1,4,NA,3,33,NA
2020-2021,02/24/2021,Prairie View,SWAC,Tarleton St.,L 0-3,3,NA,28,22,129,0.047,27,3,6,54,2,NA,6,NA,3,34,1
2020-2021,02/25/2021,Prairie View,SWAC,Southern U.,W 3-0,3,NA,36,14,102,0.216,35,7,6,51,2,1,12,NA,7,50,NA
2020-2021,03/01/2021,Prairie View,SWAC,@ Texas Southern,W 3-1,4,NA,49,23,149,0.174,50,12,9,69,6,1,10,2,6,67,NA
2020-2021,03/08/2021,Prairie View,SWAC,Texas Southern,W 3-0,3,NA,31,11,107,0.187,30,6,4,58,NA,4,10,NA,9,46,NA
2020-2021,03/15/2021,Prairie View,SWAC,@ Southern U.,W 3-0,3,NA,35,18,104,0.163,33,5,5,54,8,5,NA,NA,5,45,1
2020-2021,03/21/2021,Prairie View,SWAC,Ark.-Pine Bluff,W 3-0,3,NA,45,21,139,0.173,36,7,8,65,NA,NA,6,NA,3,55,1
2020-2021,03/22/2021,Prairie View,SWAC,Grambling,W 3-0,3,NA,49,20,139,0.209,45,4,4,69,NA,NA,2,NA,1,54,NA
2020-2021,03/26/2021,Prairie View,SWAC,"#7 Texas Southern @Birmingham, Ala. (20-21 WVB SWAC Volleyball Championship)",W 3-0,3,NA,45,12,96,0.344,43,9,4,41,3,1,6,NA,4,58,NA
2020-2021,03/27/2021,Prairie View,SWAC,@#3 Ark.-Pine Bluff 20-21 WVB SWAC Volleyball Championship,L 2-3,5,NA,54,27,187,0.144,51,7,NA,98,8,2,6,NA,5,66,NA
2020-2021,01/31/2021,Southern U.,SWAC,Ark.-Pine Bluff,L 0-3,3,NA,29,25,105,0.038,28,3,6,47,7,2,3,2,3.5,35.5,NA
2020-2021,02/01/2021,Southern U.,SWAC,Grambling,W 3-1,4,NA,46,24,148,0.149,42,10,7,69,5,NA,2,2,9,65,NA
2020-2021,02/07/2021,Southern U.,SWAC,Jackson St.,L 2-3,5,NA,42,NA,165,0.036,39,5,7,78,9,2,8,3,6,53,NA
2020-2021,02/09/2021,Southern U.,SWAC,Mississippi Val.,W 3-0,3,NA,35,17,97,0.186,31,3,4,62,2,4,8,NA,8,46,7
2020-2021,02/21/2021,Southern U.,SWAC,@ Alcorn,Ppd,NA,NA,NA,NA,NA,NA,NA,NA,NA,NA,NA,NA,NA,NA,NA,NA,NA
2020-2021,02/25/2021,Southern U.,SWAC,@ Prairie View,L 0-3,3,NA,23,27,108,-0.037,22,2,3,40,7,NA,10,NA,5,30,NA
2020-2021,02/26/2021,Southern U.,SWAC,@ Texas Southern,W 3-1,NA,NA,NA,NA,NA,NA,NA,NA,NA,NA,NA,NA,NA,NA,NA,NA,NA
2020-2021,02/28/2021,Southern U.,SWAC,@ Grambling,L 0-3,3,NA,30,19,130,0.085,19,1,4,54,4,2,14,NA,9,40,7
2020-2021,03/05/2021,Southern U.,SWAC,@ Alcorn,W 3-1,4,NA,50,24,157,0.166,44,3,9,75,6,3,16,1,11,64,NA
2020-2021,03/10/2021,Southern U.,SWAC,@ Ark.-Pine Bluff,L 1-3,4,NA,25,29,151,-0.026,20,2,4,72,7,2,12,NA,8,35,NA
2020-2021,03/14/2021,Southern U.,SWAC,Texas Southern,W 3-2,5,NA,47,25,156,0.141,44,9,5,91,6,6,2,4,7,63,1
2020-2021,03/15/2021,Southern U.,SWAC,Prairie View,L 0-3,3,NA,27,22,110,0.045,25,8,4,45,5,3,2,1,4,39,2
2020-2021,03/26/2021,Southern U.,SWAC,"#4 Grambling @Birmingham, Ala. (20-21 WVB SWAC Volleyball Championship)",W 3-0,3,NA,37,14,110,0.209,35,8,6,41,4,2,24,2,NA,59,1
2020-2021,03/27/2021,Southern U.,SWAC,@#1 Jackson St. 20-21 WVB SWAC Volleyball Championship,L 1-3,4,NA,43,27,136,0.118,41,2,13,46,4,1,12,NA,7,52,NA
2020-2021,01/24/2021,Texas Southern,SWAC,@ Ark.-Pine Bluff,L 1-3,4,NA,44,25,168,0.113,38,4,9,80,10,7,NA,1,7,55,NA
2020-2021,02/01/2021,Texas Southern,SWAC,@ Alcorn,Ppd,NA,NA,NA,NA,NA,NA,NA,NA,NA,NA,NA,NA,NA,NA,NA,NA,NA
2020-2021,02/23/2021,Texas Southern,SWAC,@ Jackson St.,L 0-3,3,NA,26,19,97,0.072,20,3,4,41,6,4,NA,NA,4,33,NA
2020-2021,02/26/2021,Texas Southern,SWAC,Southern U.,L 1-3,NA,NA,NA,NA,NA,NA,NA,NA,NA,NA,NA,NA,NA,NA,NA,NA,NA
2020-2021,03/01/2021,Texas Southern,SWAC,Prairie View,L 1-3,4,NA,34,18,139,0.115,33,6,13,60,12,3,16,2,11,51,NA
2020-2021,03/08/2021,Texas Southern,SWAC,@ Prairie View,L 0-3,3,NA,38,25,122,0.107,34,NA,12,57,6,1,2,1,2,40,NA
2020-2021,03/13/2021,Texas Southern,SWAC,@ Grambling,W 3-2,5,NA,59,22,198,0.187,56,8,6,NA,4,6,2,NA,7,74,2
2020-2021,03/14/2021,Texas Southern,SWAC,@ Southern U.,L 2-3,5,NA,45,22,164,0.14,42,6,11,87,9,NA,NA,NA,NA,51,1
2020-2021,03/18/2021,Texas Southern,SWAC,@ Alcorn,L 1-3,4,NA,46,25,144,0.146,44,2,11,57,4,NA,NA,1,NA,48,8
2020-2021,03/19/2021,Texas Southern,SWAC,@ Mississippi Val.,W 3-0,3,NA,39,9,84,0.357,34,5,6,37,4,1,4,NA,3,47,NA
2020-2021,03/21/2021,Texas Southern,SWAC,Grambling,L 2-3,5,NA,55,34,161,0.13,50,9,9,55,3,3,12,NA,9,73,5
2020-2021,03/22/2021,Texas Southern,SWAC,Ark.-Pine Bluff,L 0-3,3,NA,30,17,120,0.108,28,4,7,45,4,1,8,NA,5,39,2
2020-2021,03/26/2021,Texas Southern,SWAC,"#2 Prairie View @Birmingham, Ala. (20-21 WVB SWAC Volleyball Championship)",L 0-3,3,NA,29,13,90,0.178,29,3,5,32,9,1,2,3,2,34,1
2020-2021,09/12/2020,Chattanooga,SoCon,Georgia St.,W 3-2,5,NA,74,29,NA,0.206,70,10,5,86,8,3,6,2,6,90,1
2020-2021,01/22/2021,Chattanooga,SoCon,North Ala.,W 3-0,3,NA,45,18,119,0.227,38,3,4,60,2,3,12,2,9,57,2
2020-2021,01/31/2021,Chattanooga,SoCon,UNC Greensboro,W 3-2,5,NA,53,28,184,0.136,46,3,8,86,2,2,16,4,10,66,1
2020-2021,02/01/2021,Chattanooga,SoCon,UNC Greensboro,W 3-2,5,NA,65,24,191,0.215,61,9,7,88,5,1,12,1,7,81,2
2020-2021,02/07/2021,Chattanooga,SoCon,@ Wofford,L 1-3,4,NA,46,33,152,0.086,44,3,5,61,6,2,10,NA,7,56,4
2020-2021,02/08/2021,Chattanooga,SoCon,@ Wofford,L 2-3,5,NA,53,23,187,0.16,48,5,6,83,4,7,12,NA,13,71,NA
2020-2021,02/14/2021,Chattanooga,SoCon,@ Western Caro.,L 0-3,3,NA,45,19,165,0.158,44,3,4,76,1,2,12,2,8,56,NA
2020-2021,02/15/2021,Chattanooga,SoCon,@ Western Caro.,L 0-3,3,NA,37,18,113,0.168,36,2,3,44,5,3,6,NA,6,45,NA
2020-2021,02/21/2021,Chattanooga,SoCon,Furman,L 1-3,4,NA,43,35,145,0.055,39,7,8,56,8,2,10,1,7,57,1
2020-2021,02/22/2021,Chattanooga,SoCon,Furman,W 3-0,3,NA,42,13,135,0.215,37,11,10,66,7,1,18,2,10,63,4
2020-2021,02/28/2021,Chattanooga,SoCon,Mercer,L 1-3,4,NA,46,24,150,0.147,38,3,10,62,7,3,8,NA,7,56,1
2020-2021,03/01/2021,Chattanooga,SoCon,Mercer,L 1-3,4,NA,42,31,150,0.073,39,5,4,63,7,3,6,1,6,53,5
2020-2021,03/07/2021,Chattanooga,SoCon,@ The Citadel,L 0-3,3,NA,41,19,136,0.162,40,6,1,69,4,1,2,2,2,49,1
2020-2021,03/08/2021,Chattanooga,SoCon,@ The Citadel,L 0-3,3,NA,31,18,111,0.117,28,6,5,52,7,NA,10,NA,5,42,NA
2020-2021,03/21/2021,Chattanooga,SoCon,Samford,L 1-3,4,NA,49,22,180,0.15,44,10,7,95,6,NA,2,2,1,60,3
2020-2021,03/22/2021,Chattanooga,SoCon,Samford,W 3-2,5,NA,61,20,191,0.215,56,9,8,102,5,1,12,NA,7,77,4
2020-2021,03/28/2021,Chattanooga,SoCon,@ ETSU,L 0-3,3,NA,38,23,116,0.129,37,1,5,51,3,NA,4,1,2,41,4
2020-2021,03/29/2021,Chattanooga,SoCon,@ ETSU,L 0-3,3,NA,38,16,116,0.19,38,5,5,54,3,3,6,1,6,49,2
2020-2021,01/31/2021,ETSU,SoCon,@ Furman,W 3-2,5,NA,61,27,138,0.246,58,14,9,51,6,3,18,2,12,87,NA
2020-2021,02/01/2021,ETSU,SoCon,@ Furman,W 3-1,4,NA,54,26,134,0.209,51,8,7,50,3,3,22,4,14,76,NA
2020-2021,02/14/2021,ETSU,SoCon,UNC Greensboro,W 3-2,5,NA,72,25,177,0.266,69,4,12,82,9,1,14,4,8,84,2
2020-2021,02/15/2021,ETSU,SoCon,UNC Greensboro,W 3-0,3,NA,47,19,106,0.264,46,7,8,45,NA,2,12,NA,8,62,1
2020-2021,02/21/2021,ETSU,SoCon,@ Wofford,L 1-3,4,NA,46,20,121,0.215,43,2,10,35,4,7,4,1,9,57,NA
2020-2021,02/22/2021,ETSU,SoCon,@ Wofford,L 0-3,3,NA,27,21,93,0.065,25,3,4,31,8,2,4,1,4,34,NA
2020-2021,02/28/2021,ETSU,SoCon,@ Western Caro.,L 0-3,3,NA,36,18,118,0.153,35,1,2,53,3,1,4,1,3,40,1
2020-2021,03/01/2021,ETSU,SoCon,@ Western Caro.,L 1-3,4,NA,54,26,194,0.144,51,6,3,83,2,4,8,2,8,68,1
2020-2021,03/07/2021,ETSU,SoCon,Samford,L 1-3,4,NA,36,23,146,0.089,36,13,10,75,10,2,4,2,4,53,3
2020-2021,03/08/2021,ETSU,SoCon,Samford,L 1-3,4,NA,27,26,123,0.008,27,4,8,58,8,2,8,2,6,37,1
2020-2021,03/14/2021,ETSU,SoCon,The Citadel,W 3-0,3,NA,45,12,91,0.363,43,2,7,43,4,2,6,NA,5,52,NA
2020-2021,03/15/2021,ETSU,SoCon,The Citadel,L 2-3,5,NA,58,29,167,0.174,56,7,10,69,5,1,10,2,6,71,NA
2020-2021,03/21/2021,ETSU,SoCon,@ Mercer,L 0-3,3,NA,35,23,122,0.098,33,6,5,55,9,1,8,1,5,46,1
2020-2021,03/22/2021,ETSU,SoCon,@ Mercer,L 0-3,3,NA,32,15,113,0.15,28,4,7,52,4,2,6,NA,5,41,1
2020-2021,03/28/2021,ETSU,SoCon,Chattanooga,W 3-0,3,NA,37,9,98,0.286,36,3,3,51,1,2,14,2,9,49,NA
2020-2021,03/29/2021,ETSU,SoCon,Chattanooga,W 3-0,3,NA,44,10,111,0.306,40,3,5,56,5,2,6,1,5,52,1
2020-2021,01/31/2021,Furman,SoCon,ETSU,L 2-3,5,NA,56,29,143,0.189,51,6,9,45,14,5,12,NA,11,73,1
2020-2021,02/01/2021,Furman,SoCon,ETSU,L 1-3,4,NA,46,28,128,0.141,43,3,2,46,8,3,12,1,9,58,NA
2020-2021,02/07/2021,Furman,SoCon,@ The Citadel,W 3-0,3,NA,41,21,104,0.192,40,5,7,50,6,2,8,2,6,52,2
2020-2021,02/08/2021,Furman,SoCon,@ The Citadel,W 3-2,5,NA,54,21,151,0.219,53,5,9,66,9,6,14,2,13,72,1
2020-2021,02/21/2021,Furman,SoCon,@ Chattanooga,W 3-1,4,NA,45,25,130,0.154,41,8,7,61,7,6,20,NA,16,69,1
2020-2021,02/22/2021,Furman,SoCon,@ Chattanooga,L 0-3,3,NA,29,23,123,0.049,24,7,1,69,11,1,6,NA,4,40,1
2020-2021,02/28/2021,Furman,SoCon,UNC Greensboro,L 2-3,5,NA,59,19,174,0.23,56,5,6,89,5,2,6,NA,5,69,2
2020-2021,03/01/2021,Furman,SoCon,UNC Greensboro,L 1-3,4,NA,57,28,164,0.177,52,7,8,76,5,4,12,2,10,74,NA
2020-2021,03/07/2021,Furman,SoCon,Western Caro.,W 3-1,4,NA,66,26,168,0.238,62,3,5,71,3,3,4,2,5,74,NA
2020-2021,03/08/2021,Furman,SoCon,Western Caro.,L 0-3,3,NA,37,24,130,0.1,36,4,3,59,6,2,6,2,5,46,1
2020-2021,03/14/2021,Furman,SoCon,@ Samford,L 0-3,3,NA,29,28,101,0.01,29,2,3,37,4,2,2,2,3,34,NA
2020-2021,03/15/2021,Furman,SoCon,@ Samford,L 2-3,5,NA,52,26,175,0.149,48,6,10,75,8,2,8,3,6,64,NA
2020-2021,03/21/2021,Furman,SoCon,@ Wofford,L 0-3,3,NA,36,23,108,0.12,33,2,3,39,7,2,10,NA,7,45,2
2020-2021,03/22/2021,Furman,SoCon,@ Wofford,W 3-2,5,NA,60,27,170,0.194,54,5,5,80,11,4,10,NA,9,74,2
2020-2021,03/28/2021,Furman,SoCon,Mercer,L 1-3,4,NA,50,16,142,0.239,45,4,5,57,5,3,14,NA,10,64,3
2020-2021,03/29/2021,Furman,SoCon,Mercer,L 1-3,4,NA,43,NA,163,0.012,39,8,8,61,2,5,8,3,9,60,NA
2020-2021,09/12/2020,Mercer,SoCon,The Citadel,W 3-1,4,NA,46,12,111,0.306,42,14,10,48,6,NA,6,1,3,63,1
2020-2021,09/18/2020,Mercer,SoCon,@ Georgia St.,L 2-3,5,NA,54,20,134,0.254,49,6,12,44,10,3,10,4,8,68,5
2020-2021,10/01/2020,Mercer,SoCon,@ The Citadel,L 1-3,4,NA,49,23,154,0.169,43,4,11,54,2,NA,6,3,3,56,2
2020-2021,01/24/2021,Mercer,SoCon,@ Western Ky.,L 1-3,4,NA,45,23,122,0.18,35,5,NA,31,9,NA,8,3,4,54,NA
2020-2021,01/24/2021,Mercer,SoCon,"Bellarmine @Bowling Green, KY",L 0-3,3,NA,31,19,106,0.113,28,3,9,41,6,2,4,2,4,38,3
2020-2021,,Mercer,SoCon,Defensive Totals,,3,NA,38,14,105,0.229,35,6,4,42,3,2,8,2,6,50,NA
2020-2021,01/31/2021,Mercer,SoCon,Samford,L 0-3,3,NA,40,10,97,0.309,34,4,8,30,4,1,12,2,7,51,2
2020-2021,02/01/2021,Mercer,SoCon,Samford,W 3-1,4,NA,45,12,110,0.3,38,6,12,51,4,3,18,1,12,63,6
2020-2021,02/07/2021,Mercer,SoCon,@ UNC Greensboro,W 3-2,5,NA,56,31,164,0.152,49,11,12,78,8,1,28,2,15,82,3
2020-2021,02/08/2021,Mercer,SoCon,@ UNC Greensboro,W 3-1,4,NA,50,19,143,0.217,48,7,4,64,8,2,16,1,10,67,5
2020-2021,02/14/2021,Mercer,SoCon,The Citadel,W 3-0,3,NA,37,22,100,0.15,36,6,7,43,3,2,12,4,8,51,3
2020-2021,02/15/2021,Mercer,SoCon,The Citadel,W 3-1,4,NA,58,15,143,0.301,49,6,10,61,10,2,16,NA,10,74,2
2020-2021,02/28/2021,Mercer,SoCon,@ Chattanooga,W 3-1,4,NA,54,28,154,0.169,45,7,12,66,3,4,14,NA,11,72,4
2020-2021,03/01/2021,Mercer,SoCon,@ Chattanooga,W 3-1,4,NA,48,26,146,0.151,42,7,6,68,5,2,18,NA,11,66,4
2020-2021,03/07/2021,Mercer,SoCon,Wofford,W 3-2,5,NA,67,32,179,0.196,59,7,7,78,4,3,16,1,11,85,2
2020-2021,03/08/2021,Mercer,SoCon,Wofford,W 3-0,3,NA,42,10,94,0.34,37,6,3,44,2,3,8,NA,7,55,1
2020-2021,03/14/2021,Mercer,SoCon,@ Western Caro.,L 0-3,3,NA,41,21,122,0.164,39,1,6,55,3,1,4,1,3,45,1
2020-2021,03/15/2021,Mercer,SoCon,@ Western Caro.,L 0-3,3,NA,43,25,124,0.145,39,NA,4,60,3,2,8,2,6,49,2
2020-2021,03/21/2021,Mercer,SoCon,ETSU,W 3-0,3,NA,36,12,110,0.218,32,9,5,57,6,2,10,2,7,52,2
2020-2021,03/22/2021,Mercer,SoCon,ETSU,W 3-0,3,NA,46,13,117,0.282,38,4,10,62,4,1,8,1,5,55,3
2020-2021,03/28/2021,Mercer,SoCon,@ Furman,W 3-1,4,NA,61,26,156,0.224,51,5,7,62,4,3,12,3,9,75,NA
2020-2021,03/29/2021,Mercer,SoCon,@ Furman,W 3-1,4,NA,46,19,135,0.2,41,2,11,65,8,7,24,NA,19,67,NA
2020-2021,04/02/2021,Mercer,SoCon,"#3 Western Caro. @Homewood, AL (20-21 WVB SoCon Volleyball Championship)",W 3-2,5,NA,70,25,188,0.239,67,7,10,93,5,6,2,1,7,84,5
2020-2021,04/03/2021,Mercer,SoCon,@#1 Samford 20-21 WVB SoCon Volleyball Championship,L 0-3,3,NA,40,19,121,0.174,40,4,5,58,4,NA,10,1,5,49,3
2020-2021,01/31/2021,Samford,SoCon,@ Mercer,W 3-0,3,NA,49,14,98,0.357,40,4,5,39,4,NA,2,NA,1,54,NA
2020-2021,02/01/2021,Samford,SoCon,@ Mercer,L 1-3,4,NA,53,30,143,0.161,42,4,13,48,6,2,4,NA,4,61,NA
2020-2021,02/07/2021,Samford,SoCon,Western Caro.,W 3-2,5,NA,NA,27,200,0.25,NA,9,9,NA,6,4,6,3,7,NA,2
2020-2021,02/08/2021,Samford,SoCon,Western Caro.,W 3-0,3,NA,47,14,106,0.311,40,7,9,32,5,NA,8,NA,4,58,NA
2020-2021,02/14/2021,Samford,SoCon,Wofford,W 3-1,4,NA,61,20,148,0.277,57,12,15,63,4,3,10,1,8,81,NA
2020-2021,02/15/2021,Samford,SoCon,Wofford,W 3-0,3,NA,49,13,102,0.353,48,9,9,42,2,3,2,1,4,62,NA
2020-2021,02/21/2021,Samford,SoCon,@ UNC Greensboro,W 3-0,3,NA,44,10,109,0.312,39,7,8,38,2,1,14,2,8,59,NA
2020-2021,02/22/2021,Samford,SoCon,@ UNC Greensboro,W 3-1,4,NA,60,29,164,0.189,52,NA,11,69,9,1,10,NA,6,81,1
2020-2021,03/07/2021,Samford,SoCon,@ ETSU,W 3-1,4,NA,50,15,145,0.241,45,10,13,82,13,2,12,1,8,68,2
2020-2021,03/08/2021,Samford,SoCon,@ ETSU,W 3-1,4,NA,54,16,138,0.275,48,8,18,59,4,5,16,1,13,75,NA
2020-2021,03/14/2021,Samford,SoCon,Furman,W 3-0,3,NA,37,9,91,0.308,34,4,3,38,2,3,20,2,13,54,NA
2020-2021,03/15/2021,Samford,SoCon,Furman,W 3-2,5,NA,58,20,164,0.232,54,8,9,83,6,2,17,1,10.5,76.5,NA
2020-2021,03/21/2021,Samford,SoCon,@ Chattanooga,W 3-1,4,NA,62,16,182,0.253,56,6,12,100,10,1,11,2,6.5,74.5,NA
2020-2021,03/22/2021,Samford,SoCon,@ Chattanooga,L 2-3,5,NA,61,23,191,0.199,56,5,13,96,9,NA,12,1,6,72,NA
2020-2021,03/28/2021,Samford,SoCon,The Citadel,L 2-3,5,NA,55,20,152,0.23,51,13,8,59,3,2,16,1,10,78,NA
2020-2021,03/29/2021,Samford,SoCon,The Citadel,W 3-2,5,NA,61,29,184,0.174,59,4,9,81,12,3,23,NA,14.5,79.5,1
2020-2021,04/02/2021,Samford,SoCon,#4 Wofford 20-21 WVB SoCon Volleyball Championship,W 3-2,5,NA,59,38,187,0.112,54,6,12,77,5,6,4,NA,8,73,3
2020-2021,04/03/2021,Samford,SoCon,#2 Mercer 20-21 WVB SoCon Volleyball Championship,W 3-0,3,NA,43,9,117,0.291,39,4,7,54,4,2,12,1,8,55,2
2020-2021,04/14/2021,Samford,SoCon,"Wright St. @Omaha, NE (2020 NCAA DI Women's Volleyball Championship)",L 0-3,3,NA,28,14,94,0.149,27,3,8,37,14,NA,10,4,5,36,NA
2020-2021,09/12/2020,The Citadel,SoCon,@ Mercer,L 1-3,4,NA,50,24,128,0.203,48,6,13,44,14,2,4,1,4,60,2
2020-2021,09/17/2020,The Citadel,SoCon,@ Virginia Tech,L 0-3,3,NA,26,20,81,0.074,24,2,10,22,9,NA,4,1,2,30,NA
2020-2021,09/18/2020,The Citadel,SoCon,@ Virginia,L 0-3,3,NA,36,19,122,0.139,36,3,10,55,4,1,8,3,5,44,3
2020-2021,10/01/2020,The Citadel,SoCon,Mercer,W 3-1,4,NA,58,18,136,0.294,47,2,15,69,4,2,12,NA,8,68,3
2020-2021,01/31/2021,The Citadel,SoCon,Col. of Charleston,W 3-1,4,NA,55,26,151,0.192,50,4,10,74,5,2,12,NA,8,67,NA
2020-2021,02/01/2021,The Citadel,SoCon,Western Caro.,L 2-3,5,NA,60,24,198,0.182,54,4,14,86,3,NA,12,3,6,70,7
2020-2021,02/02/2021,The Citadel,SoCon,Western Caro.,W 3-0,3,NA,48,16,127,0.252,42,5,6,59,4,1,8,2,5,58,NA
2020-2021,02/07/2021,The Citadel,SoCon,Furman,L 0-3,3,NA,35,18,109,0.156,33,6,12,34,5,1,10,NA,6,47,2
2020-2021,02/08/2021,The Citadel,SoCon,Furman,L 2-3,5,NA,61,36,177,0.141,56,9,8,66,5,4,8,1,8,78,1
2020-2021,02/14/2021,The Citadel,SoCon,@ Mercer,L 0-3,3,NA,25,21,94,0.043,24,3,8,32,6,2,6,2,5,33,3
2020-2021,02/15/2021,The Citadel,SoCon,@ Mercer,L 1-3,4,NA,43,25,137,0.131,39,10,8,62,6,3,4,NA,5,58,NA
2020-2021,02/28/2021,The Citadel,SoCon,@ Wofford,L 0-3,3,NA,35,20,106,0.142,33,1,4,43,7,NA,4,NA,2,38,NA
2020-2021,03/01/2021,The Citadel,SoCon,@ Wofford,L 1-3,4,NA,46,27,139,0.137,46,5,9,56,5,5,10,NA,10,61,1
2020-2021,03/07/2021,The Citadel,SoCon,Chattanooga,W 3-0,3,NA,50,7,131,0.328,49,4,6,68,6,1,12,NA,7,61,3
2020-2021,03/08/2021,The Citadel,SoCon,Chattanooga,W 3-0,3,NA,45,20,120,0.208,41,7,8,57,6,1,12,1,7,59,1
2020-2021,03/14/2021,The Citadel,SoCon,@ ETSU,L 0-3,3,NA,29,16,97,0.134,28,4,7,29,2,NA,6,NA,3,36,1
2020-2021,03/15/2021,The Citadel,SoCon,@ ETSU,W 3-2,5,NA,58,23,153,0.229,54,5,12,66,7,2,10,1,7,70,6
2020-2021,03/21/2021,The Citadel,SoCon,UNC Greensboro,W 3-2,5,NA,55,20,152,0.23,55,5,17,72,2,1,16,2,9,69,4
2020-2021,03/22/2021,The Citadel,SoCon,UNC Greensboro,W 3-0,3,NA,40,10,97,0.309,37,5,11,43,2,1,4,1,3,48,1
2020-2021,03/28/2021,The Citadel,SoCon,@ Samford,W 3-2,5,NA,59,19,152,0.263,51,3,12,69,13,NA,14,3,7,69,NA
2020-2021,03/29/2021,The Citadel,SoCon,@ Samford,L 2-3,5,NA,68,32,198,0.182,66,12,11,83,4,2,22,NA,13,NA,3
2020-2021,01/27/2021,UNC Greensboro,SoCon,N.C. A&T,Ppd,NA,NA,NA,NA,NA,NA,NA,NA,NA,NA,NA,NA,NA,NA,NA,NA,NA
2020-2021,01/31/2021,UNC Greensboro,SoCon,@ Chattanooga,L 2-3,5,NA,54,33,181,0.116,49,2,11,85,3,2,14,2,9,65,NA
2020-2021,02/01/2021,UNC Greensboro,SoCon,@ Chattanooga,L 2-3,5,NA,63,23,184,0.217,53,5,4,84,9,1,14,2,8,76,2
2020-2021,02/07/2021,UNC Greensboro,SoCon,Mercer,L 2-3,5,NA,38,29,165,0.055,35,8,8,64,11,1,6,2,4,50,4
2020-2021,02/08/2021,UNC Greensboro,SoCon,Mercer,L 1-3,4,NA,32,30,132,0.015,29,8,4,61,7,3,11,3,8.5,48.5,2
2020-2021,02/14/2021,UNC Greensboro,SoCon,@ ETSU,L 2-3,5,NA,50,22,167,0.168,46,9,5,69,4,1,6,1,4,63,2
2020-2021,02/15/2021,UNC Greensboro,SoCon,@ ETSU,L 0-3,3,NA,32,17,97,0.155,31,NA,4,32,7,NA,11,NA,5.5,37.5,NA
2020-2021,02/21/2021,UNC Greensboro,SoCon,Samford,L 0-3,3,NA,39,22,112,0.152,38,2,2,45,7,NA,2,2,1,42,NA
2020-2021,02/22/2021,UNC Greensboro,SoCon,Samford,L 1-3,4,NA,34,14,125,0.16,31,9,2,66,NA,2,24,1,14,57,2
2020-2021,02/28/2021,UNC Greensboro,SoCon,@ Furman,W 3-2,5,NA,62,29,189,0.175,56,5,10,76,5,NA,8,2,4,71,NA
2020-2021,03/01/2021,UNC Greensboro,SoCon,@ Furman,W 3-1,4,NA,59,24,176,0.199,53,5,9,70,7,3,18,1,12,76,NA
2020-2021,03/14/2021,UNC Greensboro,SoCon,Wofford,L 0-3,3,NA,23,16,89,0.079,23,7,5,29,8,1,2,NA,2,32,1
2020-2021,03/15/2021,UNC Greensboro,SoCon,Wofford,L 0-3,3,NA,24,24,111,NA,24,4,5,42,7,NA,6,NA,3,31,1
2020-2021,03/18/2021,UNC Greensboro,SoCon,Elon,L 0-3,3,NA,35,20,115,0.13,34,4,5,45,7,NA,8,2,4,43,2
2020-2021,03/21/2021,UNC Greensboro,SoCon,@ The Citadel,L 2-3,5,NA,45,24,150,0.14,41,2,13,74,5,2,4,1,4,51,5
2020-2021,03/22/2021,UNC Greensboro,SoCon,@ The Citadel,L 0-3,3,NA,30,18,99,0.121,28,2,9,42,5,NA,2,NA,1,33,3
2020-2021,03/28/2021,UNC Greensboro,SoCon,Western Caro.,L 0-3,3,NA,35,14,126,0.167,35,5,5,59,7,2,6,NA,5,45,1
2020-2021,03/29/2021,UNC Greensboro,SoCon,Western Caro.,L 0-3,3,NA,45,23,140,0.157,40,1,2,69,6,NA,4,NA,2,48,NA
2020-2021,01/23/2021(1),Western Caro.,SoCon,@ Clemson,L 0-3,3,NA,36,19,102,0.167,32,5,1,35,6,3,8,NA,7,48,1
2020-2021,01/23/2021(2),Western Caro.,SoCon,@ Clemson,L 1-3,4,NA,56,17,166,0.235,45,2,4,65,7,4,2,2,5,63,1
2020-2021,02/01/2021,Western Caro.,SoCon,@ The Citadel,W 3-2,5,NA,57,23,174,0.195,54,3,9,102,4,2,8,2,6,66,1
2020-2021,02/02/2021,Western Caro.,SoCon,@ The Citadel,L 0-3,3,NA,31,16,108,0.139,28,4,4,55,5,1,4,3,3,38,2
2020-2021,02/07/2021,Western Caro.,SoCon,@ Samford,L 2-3,5,NA,48,11,178,0.208,45,6,6,84,9,4,16,3,12,66,1
2020-2021,02/08/2021,Western Caro.,SoCon,@ Samford,L 0-3,3,NA,35,16,92,0.207,28,5,4,35,7,3,8,NA,7,47,NA
2020-2021,02/14/2021,Western Caro.,SoCon,Chattanooga,W 3-0,3,NA,54,19,157,0.223,51,1,1,85,3,4,8,NA,8,63,NA
2020-2021,02/15/2021,Western Caro.,SoCon,Chattanooga,W 3-0,3,NA,46,14,110,0.291,43,5,5,50,2,2,12,2,8,59,NA
2020-2021,02/24/2021,Western Caro.,SoCon,Wofford,L 2-3,5,NA,63,27,193,0.187,62,7,3,86,5,7,6,3,10,80,NA
2020-2021,02/28/2021,Western Caro.,SoCon,ETSU,W 3-0,3,NA,49,8,118,0.347,45,3,4,58,1,5,2,2,6,58,NA
2020-2021,03/01/2021,Western Caro.,SoCon,ETSU,W 3-1,4,NA,62,15,169,0.278,59,2,5,95,6,3,6,3,6,70,NA
2020-2021,03/07/2021,Western Caro.,SoCon,@ Furman,L 1-3,4,NA,41,18,142,0.162,38,3,1,59,3,4,14,2,11,55,NA
2020-2021,03/08/2021,Western Caro.,SoCon,@ Furman,W 3-0,3,NA,37,12,117,0.214,34,6,1,54,4,1,18,2,10,53,NA
2020-2021,03/14/2021,Western Caro.,SoCon,Mercer,W 3-0,3,NA,39,13,115,0.226,37,3,2,52,1,5,4,NA,7,49,NA
2020-2021,03/15/2021,Western Caro.,SoCon,Mercer,W 3-0,3,NA,38,13,125,0.2,32,3,4,51,NA,9,6,NA,12,53,NA
2020-2021,03/25/2021,Western Caro.,SoCon,Wofford,W 3-0,3,NA,41,10,100,0.31,41,7,1,56,2,3,12,NA,9,57,1
2020-2021,03/28/2021,Western Caro.,SoCon,@ UNC Greensboro,W 3-0,3,NA,47,11,129,0.279,44,7,5,70,5,NA,14,NA,7,61,NA
2020-2021,03/29/2021,Western Caro.,SoCon,@ UNC Greensboro,W 3-0,3,NA,43,11,134,0.239,43,6,1,68,1,1,20,NA,11,60,NA
2020-2021,04/02/2021,Western Caro.,SoCon,"#2 Mercer @Homewood, AL (20-21 WVB SoCon Volleyball Championship)",L 2-3,5,NA,52,25,185,0.146,45,5,5,72,7,4,4,1,6,63,NA
2020-2021,01/22/2021(1),Wofford,SoCon,Davidson,Canceled,NA,NA,NA,NA,NA,NA,NA,NA,NA,NA,NA,NA,NA,NA,NA,NA,NA
2020-2021,01/22/2021(2),Wofford,SoCon,Jacksonville,Canceled,NA,NA,NA,NA,NA,NA,NA,NA,NA,NA,NA,NA,NA,NA,NA,NA,NA
2020-2021,01/25/2021,Wofford,SoCon,@ Clemson,Ppd,NA,NA,NA,NA,NA,NA,NA,NA,NA,NA,NA,NA,NA,NA,NA,NA,NA
2020-2021,02/07/2021,Wofford,SoCon,Chattanooga,W 3-1,4,NA,50,18,140,0.229,46,6,7,62,3,6,4,NA,8,64,2
2020-2021,02/08/2021,Wofford,SoCon,Chattanooga,W 3-2,5,NA,58,32,191,0.136,56,4,9,95,5,3,8,NA,7,69,NA
2020-2021,02/14/2021,Wofford,SoCon,@ Samford,L 1-3,4,NA,39,16,132,0.174,33,4,6,55,12,3,23,3,14.5,57.5,NA
2020-2021,02/15/2021,Wofford,SoCon,@ Samford,L 0-3,3,NA,37,12,95,0.263,34,2,7,37,8,3,2,NA,4,43,NA
2020-2021,02/21/2021,Wofford,SoCon,ETSU,W 3-1,4,NA,59,17,118,0.356,55,4,8,46,2,4,8,NA,8,71,NA
2020-2021,02/22/2021,Wofford,SoCon,ETSU,W 3-0,3,NA,41,10,85,0.365,41,8,4,39,3,6,6,NA,9,58,1
2020-2021,02/24/2021,Wofford,SoCon,@ Western Caro.,W 3-2,5,NA,70,30,200,0.2,64,5,5,93,7,9,10,1,14,89,1
2020-2021,02/28/2021,Wofford,SoCon,The Citadel,W 3-0,3,NA,42,11,99,0.313,41,7,9,46,1,1,6,2,4,53,1
2020-2021,03/01/2021,Wofford,SoCon,The Citadel,W 3-1,4,NA,47,21,129,0.202,47,5,7,58,5,9,6,1,12,64,2
2020-2021,03/07/2021,Wofford,SoCon,@ Mercer,L 2-3,5,NA,56,22,167,0.204,46,4,6,64,7,5,NA,1,NA,80,NA
2020-2021,03/08/2021,Wofford,SoCon,@ Mercer,L 0-3,3,NA,31,15,96,0.167,27,2,9,36,6,1,2,1,2,35,NA
2020-2021,03/14/2021,Wofford,SoCon,@ UNC Greensboro,W 3-0,3,NA,43,12,90,0.344,43,8,7,42,7,2,14,NA,9,60,NA
2020-2021,03/15/2021,Wofford,SoCon,@ UNC Greensboro,W 3-0,3,NA,35,13,97,0.227,30,7,2,55,4,2,16,3,10,52,NA
2020-2021,03/21/2021,Wofford,SoCon,Furman,W 3-0,3,NA,42,20,106,0.208,38,7,2,42,2,3,12,NA,9,58,NA
2020-2021,03/22/2021,Wofford,SoCon,Furman,L 2-3,5,NA,52,26,177,0.147,49,11,6,70,5,5,6,NA,8,71,1
2020-2021,03/25/2021,Wofford,SoCon,@ Western Caro.,L 0-3,3,NA,38,21,122,0.139,37,2,3,49,7,2,4,1,4,44,NA
2020-2021,04/02/2021,Wofford,SoCon,@#1 Samford 20-21 WVB SoCon Volleyball Championship,L 2-3,5,NA,44,24,160,0.125,37,5,8,75,6,NA,6,4,15,64,1
2020-2021,01/22/2021,A&M-Corpus Christi,Southland,UTRGV,W 3-0,3,NA,48,10,117,0.325,45,3,7,50,4,3,12,NA,9,60,1
2020-2021,01/23/2021,A&M-Corpus Christi,Southland,UTSA,W 3-1,4,NA,66,16,160,0.313,61,4,7,65,3,4,10,NA,9,79,NA
2020-2021,02/04/2021,A&M-Corpus Christi,Southland,SFA,L 2-3,5,NA,71,27,182,0.242,66,10,12,69,9,2,2,NA,3,84,3
2020-2021,02/06/2021,A&M-Corpus Christi,Southland,Abilene Christian,W 3-1,4,NA,55,14,117,0.35,42,10,8,52,2,1,4,NA,3,68,5
2020-2021,02/11/2021,A&M-Corpus Christi,Southland,@ Northwestern St.,W 3-0,3,NA,39,16,120,0.192,32,6,4,50,3,4,2,NA,5,50,NA
2020-2021,02/13/2021,A&M-Corpus Christi,Southland,@ Central Ark.,W 3-0,3,NA,54,13,124,0.331,49,4,8,55,3,1,12,2,7,65,3
2020-2021,02/16/2021,A&M-Corpus Christi,Southland,@ UTRGV,Canceled,NA,NA,NA,NA,NA,NA,NA,NA,NA,NA,NA,NA,NA,NA,NA,NA,NA
2020-2021,02/25/2021,A&M-Corpus Christi,Southland,@ UIW,W 3-1,4,NA,68,10,148,0.392,55,2,10,67,1,1,8,NA,5,75,NA
2020-2021,02/27/2021,A&M-Corpus Christi,Southland,Southeastern La.,L 2-3,5,NA,62,22,189,0.212,57,6,5,90,6,2,14,1,9,77,2
2020-2021,03/04/2021,A&M-Corpus Christi,Southland,@ Sam Houston,L 1-3,4,NA,52,27,162,0.154,50,3,2,76,5,2,4,NA,4,59,NA
2020-2021,03/06/2021,A&M-Corpus Christi,Southland,Houston Christian,W 3-0,3,NA,54,14,126,0.317,49,3,4,64,2,2,NA,1,2,59,3
2020-2021,03/10/2021,A&M-Corpus Christi,Southland,@ Texas,L 0-3,3,NA,37,11,106,0.245,33,2,3,46,8,NA,2,NA,1,40,2
2020-2021,03/18/2021,A&M-Corpus Christi,Southland,@ Nicholls,W 3-0,3,NA,44,8,100,0.36,40,4,7,49,7,1,10,NA,6,54,NA
2020-2021,03/20/2021,A&M-Corpus Christi,Southland,@ New Orleans,W 3-0,3,NA,47,3,90,0.489,39,6,7,46,4,2,6,NA,5,58,5
2020-2021,03/25/2021,A&M-Corpus Christi,Southland,McNeese,W 3-0,3,NA,45,18,127,0.213,43,2,6,64,2,5,10,NA,10,57,NA
2020-2021,03/27/2021,A&M-Corpus Christi,Southland,Lamar University,W 3-1,4,NA,52,9,113,0.381,47,13,10,38,3,3,NA,NA,3,68,1
2020-2021,04/01/2021,A&M-Corpus Christi,Southland,"#5 Houston Christian @Corpus Christi, TX (20-21 WVB Southland Volleyball Championship)",W 3-1,4,NA,55,19,154,0.234,50,7,11,62,5,2,10,NA,7,69,NA
2020-2021,04/02/2021,A&M-Corpus Christi,Southland,"#1 SFA @Corpus Christi, TX (20-21 WVB Southland Volleyball Championship)",W 3-0,3,NA,38,11,97,0.278,36,5,8,42,3,4,8,NA,8,51,1
2020-2021,04/03/2021,A&M-Corpus Christi,Southland,"#2 Sam Houston @Corpus Christi, TX (20-21 WVB Southland Volleyball Championship)",W 3-2,5,NA,77,25,208,0.25,NA,3,12,95,9,3,8,NA,7,87,2
2020-2021,04/14/2021,A&M-Corpus Christi,Southland,"San Diego @Omaha, NE (2020 NCAA DI Women's Volleyball Championship)",L 0-3,3,NA,30,15,84,0.179,30,2,6,30,8,1,4,NA,3,35,NA
2020-2021,01/29/2021,Abilene Christian,Southland,UT Arlington,L 2-3,5,NA,53,32,182,0.115,51,3,8,69,6,NA,10,1,5,61,5
2020-2021,01/30/2021,Abilene Christian,Southland,UT Arlington,W 3-2,5,NA,64,28,177,0.203,60,8,7,80,4,NA,16,3,8,80,1
2020-2021,02/04/2021,Abilene Christian,Southland,@ UIW,W 3-2,5,NA,69,20,NA,0.221,63,4,8,90,3,1,12,NA,7,80,1
2020-2021,02/06/2021,Abilene Christian,Southland,@ A&M-Corpus Christi,L 1-3,4,NA,44,20,126,0.19,36,2,6,40,10,1,14,NA,8,54,5
2020-2021,02/11/2021,Abilene Christian,Southland,McNeese,W 3-1,4,NA,44,25,124,0.153,42,6,3,59,3,1,10,1,6,56,1
2020-2021,02/13/2021,Abilene Christian,Southland,Lamar University,W 3-0,3,NA,38,8,94,0.319,36,7,3,37,1,NA,18,NA,9,54,1
2020-2021,02/25/2021,Abilene Christian,Southland,Nicholls,W 3-1,4,NA,55,22,156,0.212,54,4,4,67,3,4,16,NA,12,71,2
2020-2021,02/27/2021,Abilene Christian,Southland,SFA,L 1-3,4,NA,37,21,125,0.128,33,3,7,57,9,1,14,5,8,48,1
2020-2021,03/11/2021,Abilene Christian,Southland,@ Southeastern La.,L 1-3,4,NA,38,21,125,0.136,35,2,5,45,11,1,16,1,9,49,2
2020-2021,03/13/2021,Abilene Christian,Southland,@ New Orleans,W 3-1,4,NA,52,14,150,0.253,48,8,4,68,5,NA,14,1,7,67,NA
2020-2021,03/18/2021,Abilene Christian,Southland,Northwestern St.,W 3-0,3,NA,46,21,100,0.25,23,4,7,38,1,2,4,NA,4,54,2
2020-2021,03/20/2021,Abilene Christian,Southland,Central Ark.,L 0-3,3,NA,35,22,126,0.103,32,2,3,53,1,1,10,NA,6,43,2
2020-2021,03/23/2021,Abilene Christian,Southland,@ Houston Christian,L 0-3,3,NA,30,17,117,0.111,29,3,2,52,4,NA,6,NA,3,36,1
2020-2021,03/27/2021,Abilene Christian,Southland,@ Sam Houston,L 1-3,4,NA,46,24,145,0.152,40,1,6,59,8,NA,8,1,4,51,NA
2020-2021,03/31/2021,Abilene Christian,Southland,"#6 Central Ark. @Corpus Christi, TX (20-21 WVB Southland Volleyball Championship)",L 1-3,4,NA,44,29,138,0.109,42,3,5,40,4,3,6,2,6,53,NA
2020-2021,09/04/2020,Central Ark.,Southland,"Texas St. @Nacogdoches, TX",L 2-3,5,NA,71,16,213,0.258,65,6,4,58,1,5,4,NA,7,84,3
2020-2021,09/04/2020,Central Ark.,Southland,@ SFA,L 1-3,4,NA,39,27,141,0.085,36,3,6,43,5,2,2,1,3,45,1
2020-2021,10/03/2020,Central Ark.,Southland,@ Missouri St.,L 1-3,4,NA,50,19,114,0.272,44,2,5,51,12,1,6,1,4,56,3
2020-2021,10/16/2020,Central Ark.,Southland,@ ULM,W 3-0,3,NA,41,16,127,0.197,35,3,5,49,5,2,2,NA,3,47,NA
2020-2021,10/18/2020,Central Ark.,Southland,ULM,W 3-1,4,NA,56,15,127,0.323,55,8,1,73,6,2,16,3,10,74,NA
2020-2021,02/02/2021,Central Ark.,Southland,@ Sam Houston,W 3-2,5,NA,65,35,213,0.141,61,4,5,108,6,2,14,5,9,78,NA
2020-2021,02/11/2021,Central Ark.,Southland,UIW,L 0-3,3,NA,44,16,114,0.246,43,3,6,56,11,2,12,1,8,55,3
2020-2021,02/13/2021,Central Ark.,Southland,A&M-Corpus Christi,L 0-3,3,NA,30,14,112,0.143,29,3,1,47,4,2,12,2,8,41,2
2020-2021,02/23/2021,Central Ark.,Southland,@ McNeese,W 3-1,4,NA,56,21,157,0.223,50,6,3,57,6,NA,14,NA,15,77,3
2020-2021,02/27/2021,Central Ark.,Southland,New Orleans,W 3-0,3,NA,35,11,91,0.264,34,7,1,45,2,NA,8,3,4,46,NA
2020-2021,03/02/2021,Central Ark.,Southland,@ Northwestern St.,W 3-1,4,NA,51,20,133,0.233,48,2,4,76,5,NA,2,NA,1,54,2
2020-2021,03/04/2021,Central Ark.,Southland,Lamar University,W 3-0,3,NA,44,17,108,0.25,42,1,1,56,2,2,12,1,8,53,3
2020-2021,03/13/2021,Central Ark.,Southland,@ Houston Christian,L 1-3,4,NA,56,27,176,0.165,54,4,5,78,6,1,14,3,8,68,1
2020-2021,03/18/2021,Central Ark.,Southland,@ SFA,L 1-3,4,NA,45,20,132,0.189,44,3,4,70,10,NA,12,NA,6,54,NA
2020-2021,03/20/2021,Central Ark.,Southland,@ Abilene Christian,W 3-0,3,NA,47,13,130,0.262,45,1,6,56,2,NA,12,NA,6,54,1
2020-2021,03/25/2021,Central Ark.,Southland,Nicholls,W 3-1,4,NA,55,27,139,0.201,54,6,7,72,3,2,16,1,10,71,NA
2020-2021,03/27/2021,Central Ark.,Southland,Southeastern La.,W 3-1,4,NA,54,17,136,0.272,53,7,3,50,4,3,20,5,13,74,2
2020-2021,03/31/2021,Central Ark.,Southland,"#7 Abilene Christian @Corpus Christi, TX (20-21 WVB Southland Volleyball Championship)",W 3-1,4,NA,60,17,125,0.344,57,4,5,52,3,5,14,NA,12,76,2
2020-2021,04/01/2021,Central Ark.,Southland,"#3 Southeastern La. @Corpus Christi, TX (20-21 WVB Southland Volleyball Championship)",W 3-1,4,NA,51,19,129,0.248,49,2,NA,53,4,5,17,NA,13.5,66.5,3
2020-2021,04/02/2021,Central Ark.,Southland,"#2 Sam Houston @Corpus Christi, TX (20-21 WVB Southland Volleyball Championship)",L 1-3,4,NA,58,22,165,0.218,56,NA,5,76,5,3,8,2,7,65,1
2020-2021,09/04/2020,Houston Christian,Southland,@ Louisiana,L 0-3,3,NA,23,18,112,0.045,22,NA,3,44,5,1,10,4,6,29,NA
2020-2021,09/05/2020,Houston Christian,Southland,@ Louisiana,L 1-3,4,NA,35,24,154,0.071,34,4,6,71,2,4,6,5,7,46,1
2020-2021,09/12/2020,Houston Christian,Southland,"ULM @Nacogdoches, TX",W 3-0,3,NA,39,15,108,0.222,34,6,6,57,1,3,8,NA,7,52,1
2020-2021,09/12/2020,Houston Christian,Southland,@ SFA,L 2-3,5,NA,55,21,174,0.195,49,6,6,86,7,3,6,NA,6,67,4
2020-2021,09/18/2020,Houston Christian,Southland,@ Texas St.,L 0-3,3,NA,33,22,127,0.087,32,NA,2,65,5,1,12,1,7,40,2
2020-2021,09/19/2020,Houston Christian,Southland,@ Texas St.,L 1-3,4,NA,47,23,151,0.159,40,3,5,61,9,2,12,3,8,58,3
2020-2021,02/18/2021,Houston Christian,Southland,@ Nicholls,W 3-2,5,NA,55,20,162,0.216,53,8,7,79,6,2,20,NA,12,75,NA
2020-2021,02/20/2021,Houston Christian,Southland,@ New Orleans,W 3-0,3,NA,44,15,107,0.271,39,5,7,50,3,NA,16,NA,8,57,NA
2020-2021,02/25/2021,Houston Christian,Southland,Sam Houston,L 2-3,5,NA,51,28,188,0.122,48,5,7,88,6,3,28,1,17,73,3
2020-2021,02/27/2021,Houston Christian,Southland,McNeese,W 3-0,3,NA,43,14,101,0.287,40,7,7,52,NA,NA,16,4,8,58,NA
2020-2021,03/04/2021,Houston Christian,Southland,UIW,W 3-1,4,NA,44,25,134,0.142,41,10,10,61,1,1,16,NA,9,63,NA
2020-2021,03/06/2021,Houston Christian,Southland,@ A&M-Corpus Christi,L 0-3,3,NA,39,10,119,0.244,37,2,8,47,3,7,2,1,8,49,NA
2020-2021,03/11/2021,Houston Christian,Southland,Northwestern St.,W 3-0,3,NA,45,17,114,0.246,41,3,3,53,1,NA,12,3,6,54,1
2020-2021,03/13/2021,Houston Christian,Southland,Central Ark.,W 3-1,4,NA,54,20,166,0.205,51,6,6,66,4,3,16,3,11,71,NA
2020-2021,03/18/2021,Houston Christian,Southland,@ Southeastern La.,L 1-3,4,NA,44,24,139,0.144,41,2,5,64,9,1,14,2,8,54,1
2020-2021,03/20/2021,Houston Christian,Southland,@ Lamar University,W 3-0,3,NA,38,11,103,0.262,35,4,6,59,1,2,14,NA,9,51,NA
2020-2021,03/23/2021,Houston Christian,Southland,Abilene Christian,W 3-0,3,NA,51,16,125,0.28,48,4,7,63,3,2,14,NA,9,64,2
2020-2021,03/27/2021,Houston Christian,Southland,@ SFA,L 1-3,4,NA,51,27,164,0.146,48,5,9,75,5,NA,14,NA,7,63,1
2020-2021,03/31/2021,Houston Christian,Southland,"#8 UIW @Corpus Christi, TX (20-21 WVB Southland Volleyball Championship)",Canceled,NA,NA,NA,NA,NA,NA,NA,NA,NA,NA,NA,NA,NA,NA,NA,NA,NA
2020-2021,04/01/2021,Houston Christian,Southland,"#4 A&M-Corpus Christi @Corpus Christi, TX (20-21 WVB Southland Volleyball Championship)",L 1-3,4,NA,50,26,139,0.173,43,5,6,65,7,3,10,NA,8,63,1
2020-2021,09/11/2020,Lamar University,Southland,"ULM @Nacogdoches, TX",L 1-3,4,NA,43,19,167,0.144,38,6,8,88,7,4,8,NA,8,57,4
2020-2021,09/11/2020,Lamar University,Southland,@ SFA,L 0-3,3,NA,17,16,88,0.011,17,2,5,36,11,1,NA,NA,1,20,1
2020-2021,09/12/2020,Lamar University,Southland,@ SFA,L 0-3,3,NA,27,17,94,0.106,27,3,6,44,9,2,NA,NA,2,32,1
2020-2021,09/19/2020,Lamar University,Southland,@ Louisiana,L 0-3,3,NA,34,15,114,0.167,33,2,5,56,4,1,4,4,3,39,2
2020-2021,09/19/2020,Lamar University,Southland,@ Louisiana,L 0-3,3,NA,22,13,101,0.089,22,1,6,41,9,NA,4,3,2,25,3
2020-2021,02/02/2021,Lamar University,Southland,New Orleans,L 1-3,4,NA,42,27,140,0.107,39,13,4,67,7,1,10,NA,6,61,2
2020-2021,02/11/2021,Lamar University,Southland,@ SFA,L 0-3,3,NA,37,20,104,0.163,35,4,10,46,6,NA,2,NA,1,42,NA
2020-2021,02/13/2021,Lamar University,Southland,@ Abilene Christian,L 0-3,3,NA,35,22,101,0.129,34,1,5,42,7,NA,6,2,3,39,1
2020-2021,02/20/2021,Lamar University,Southland,Sam Houston,Ppd,NA,NA,NA,NA,NA,NA,NA,NA,NA,NA,NA,NA,NA,NA,NA,NA,NA
2020-2021,02/23/2021,Lamar University,Southland,Northwestern St.,W 3-0,3,NA,51,23,142,0.197,49,2,2,70,8,NA,10,NA,5,58,6
2020-2021,02/27/2021,Lamar University,Southland,Sam Houston,Canceled,NA,NA,NA,NA,NA,NA,NA,NA,NA,NA,NA,NA,NA,NA,NA,NA,NA
2020-2021,03/04/2021,Lamar University,Southland,@ Central Ark.,L 0-3,3,NA,28,20,110,0.073,28,2,5,40,1,1,12,4,7,37,5
2020-2021,03/07/2021,Lamar University,Southland,Sam Houston,L 0-3,3,NA,38,17,126,0.167,37,2,4,68,7,2,11,NA,7.5,47.5,2
2020-2021,03/09/2021,Lamar University,Southland,Southeastern La.,L 2-3,5,NA,51,21,134,0.224,50,9,9,55,5,1,16,NA,9,69,NA
2020-2021,03/13/2021,Lamar University,Southland,@ Nicholls,L 2-3,5,NA,73,NA,209,0.172,69,2,5,95,8,1,14,NA,8,83,1
2020-2021,03/16/2021,Lamar University,Southland,McNeese,L 0-3,3,NA,37,24,117,0.111,34,2,5,47,3,3,4,NA,5,44,3
2020-2021,03/20/2021,Lamar University,Southland,Houston Christian,L 0-3,3,NA,23,26,111,-0.027,23,1,3,50,4,1,6,1,4,28,1
2020-2021,03/25/2021,Lamar University,Southland,@ UIW,L 1-3,4,NA,45,19,141,0.184,39,6,5,62,8,1,10,NA,6,57,NA
2020-2021,03/27/2021,Lamar University,Southland,@ A&M-Corpus Christi,L 1-3,4,NA,49,17,120,0.267,44,3,6,43,NA,2,NA,NA,2,54,3
2020-2021,02/04/2021,McNeese,Southland,Southeastern La.,W 3-0,3,NA,41,14,117,0.231,37,6,5,42,7,3,6,NA,6,53,2
2020-2021,02/06/2021,McNeese,Southland,Nicholls,W 3-2,5,NA,72,28,184,0.239,69,5,6,73,2,3,10,4,8,85,4
2020-2021,02/11/2021,McNeese,Southland,@ Abilene Christian,L 1-3,4,NA,46,25,135,0.156,42,3,14,47,6,2,22,1,13,62,1
2020-2021,02/13/2021,McNeese,Southland,@ SFA,L 0-3,3,NA,19,19,94,NA,19,NA,8,35,3,4,12,NA,10,29,NA
2020-2021,02/23/2021,McNeese,Southland,Central Ark.,L 1-3,4,NA,58,26,162,0.198,55,6,4,54,6,6,8,NA,10,74,6
2020-2021,02/27/2021,McNeese,Southland,@ Houston Christian,L 0-3,3,NA,33,17,109,0.147,30,NA,6,41,7,NA,8,NA,4,37,NA
2020-2021,03/02/2021,McNeese,Southland,New Orleans,W 3-0,3,NA,34,16,130,0.138,32,6,4,73,2,1,12,2,7,47,1
2020-2021,03/06/2021,McNeese,Southland,Northwestern St.,W 3-0,3,NA,39,14,107,0.234,32,12,9,41,2,NA,2,NA,1,52,2
2020-2021,03/16/2021,McNeese,Southland,@ Lamar University,W 3-0,3,NA,41,11,108,0.278,39,3,8,47,2,4,10,NA,9,53,6
2020-2021,03/18/2021,McNeese,Southland,Sam Houston,L 1-3,4,NA,46,27,137,0.139,41,5,3,64,10,5,6,NA,8,59,4
2020-2021,03/25/2021,McNeese,Southland,@ A&M-Corpus Christi,L 0-3,3,NA,39,21,135,0.133,35,2,7,56,2,6,10,3,11,52,NA
2020-2021,03/27/2021,McNeese,Southland,@ UIW,L 0-3,3,NA,30,23,101,0.069,28,5,6,39,6,NA,10,2,5,40,1
2020-2021,01/23/2021,New Orleans,Southland,"Tulane @Hattiesburg, MS",L 2-3,5,NA,58,29,182,0.159,56,3,13,83,6,5,26,1,NA,79,1
2020-2021,01/23/2021,New Orleans,Southland,@ Southern Miss.,L 0-3,3,NA,37,18,112,0.17,33,1,2,44,4,3,8,NA,7,45,1
2020-2021,02/02/2021,New Orleans,Southland,@ Lamar University,W 3-1,4,NA,51,25,151,0.172,44,7,11,61,NA,1,20,1,11,69,NA
2020-2021,02/04/2021,New Orleans,Southland,@ Nicholls,W 3-0,3,NA,49,13,103,0.35,48,1,4,44,2,4,4,NA,6,56,NA
2020-2021,02/11/2021,New Orleans,Southland,Sam Houston,L 0-3,3,NA,32,18,104,0.135,30,2,9,36,5,2,10,1,7,41,3
2020-2021,02/20/2021,New Orleans,Southland,Houston Christian,L 0-3,3,NA,33,21,110,0.109,32,3,3,42,5,NA,8,1,4,40,NA
2020-2021,02/25/2021,New Orleans,Southland,@ SFA,L 0-3,3,NA,29,14,102,0.147,26,1,6,47,5,NA,6,NA,3,33,NA
2020-2021,02/27/2021,New Orleans,Southland,@ Central Ark.,L 0-3,3,NA,30,23,102,0.069,28,2,7,39,7,1,4,2,3,35,2
2020-2021,03/02/2021,New Orleans,Southland,@ McNeese,L 0-3,3,NA,29,24,133,0.038,29,2,8,69,6,3,13,2,9.5,40.5,3
2020-2021,03/13/2021,New Orleans,Southland,Abilene Christian,L 1-3,4,NA,57,24,159,0.208,52,5,11,68,8,2,8,2,6,68,NA
2020-2021,03/18/2021,New Orleans,Southland,UIW,L 1-3,4,NA,46,25,136,0.154,43,7,NA,45,4,1,14,2,8,61,NA
2020-2021,03/20/2021,New Orleans,Southland,A&M-Corpus Christi,L 0-3,3,NA,21,18,89,0.034,21,4,3,31,6,NA,4,1,2,27,1
2020-2021,03/23/2021,New Orleans,Southland,Southeastern La.,Ppd,NA,NA,NA,NA,NA,NA,NA,NA,NA,NA,NA,NA,NA,NA,NA,NA,NA
2020-2021,03/24/2021,New Orleans,Southland,Southeastern La.,L 2-3,5,NA,50,34,165,0.097,44,6,14,53,5,1,18,2,10,66,NA
2020-2021,03/25/2021,New Orleans,Southland,@ Northwestern St.,W 3-0,3,NA,37,14,111,0.207,35,5,5,52,7,5,8,2,9,51,2
2020-2021,01/28/2021,Nicholls,Southland,@ Southern Miss.,Ppd,NA,NA,NA,NA,NA,NA,NA,NA,NA,NA,NA,NA,NA,NA,NA,NA,NA
2020-2021,01/30/2021(1),Nicholls,Southland,Paul Quinn,Canceled,NA,NA,NA,NA,NA,NA,NA,NA,NA,NA,NA,NA,NA,NA,NA,NA,NA
2020-2021,01/30/2021(2),Nicholls,Southland,Paul Quinn,Canceled,NA,NA,NA,NA,NA,NA,NA,NA,NA,NA,NA,NA,NA,NA,NA,NA,NA
2020-2021,02/02/2021,Nicholls,Southland,@ Southern Miss.,L 0-3,3,NA,35,11,96,0.25,29,1,2,33,7,NA,8,NA,4,40,2
2020-2021,02/04/2021,Nicholls,Southland,New Orleans,L 0-3,3,NA,36,12,100,0.24,35,2,6,38,1,2,6,NA,5,43,NA
2020-2021,02/06/2021,Nicholls,Southland,@ McNeese,L 2-3,5,NA,67,25,177,0.237,63,2,5,70,5,NA,16,4,8,77,4
2020-2021,02/16/2021,Nicholls,Southland,@ Southeastern La.,L 0-3,3,NA,36,17,114,0.167,29,2,6,53,5,2,10,1,7,45,3
2020-2021,02/18/2021,Nicholls,Southland,Houston Christian,L 2-3,5,NA,57,29,174,0.161,56,6,7,77,8,4,10,NA,9,72,NA
2020-2021,02/25/2021,Nicholls,Southland,@ Abilene Christian,L 1-3,4,NA,52,30,159,0.138,51,3,8,71,4,3,10,1,8,63,2
2020-2021,02/27/2021,Nicholls,Southland,@ UIW,L 2-3,5,NA,63,21,158,0.266,62,5,9,66,5,NA,19,5,9.5,77.5,NA
2020-2021,03/11/2021,Nicholls,Southland,SFA,L 0-3,3,NA,32,20,115,0.104,31,3,5,52,3,NA,4,NA,2,37,NA
2020-2021,03/13/2021,Nicholls,Southland,Lamar University,W 3-2,5,NA,57,18,179,0.218,54,8,4,87,2,4,18,NA,13,78,NA
2020-2021,03/18/2021,Nicholls,Southland,A&M-Corpus Christi,L 0-3,3,NA,35,17,108,0.167,30,7,6,39,4,1,6,NA,4,46,NA
2020-2021,03/20/2021,Nicholls,Southland,Sam Houston,L 0-3,3,NA,26,17,128,0.07,24,2,4,71,4,1,10,NA,6,34,NA
2020-2021,03/25/2021,Nicholls,Southland,@ Central Ark.,L 1-3,4,NA,31,29,144,0.014,29,3,7,50,6,2,24,1,14,48,1
2020-2021,01/26/2021,Northwestern St.,Southland,Louisiana Tech,W 3-1,4,NA,46,21,136,0.184,42,12,8,65,4,1,16,NA,9,67,2
2020-2021,01/28/2021,Northwestern St.,Southland,Grambling,W 3-0,3,NA,34,13,92,0.228,30,NA,2,49,2,2,12,NA,8,59,4
2020-2021,02/04/2021,Northwestern St.,Southland,@ Sam Houston,L 0-3,3,NA,23,23,114,NA,20,3,6,51,3,NA,4,1,2,28,4
2020-2021,02/11/2021,Northwestern St.,Southland,A&M-Corpus Christi,L 0-3,3,NA,29,16,102,0.127,28,3,8,48,6,3,12,1,9,41,4
2020-2021,02/23/2021,Northwestern St.,Southland,@ Lamar University,L 0-3,3,NA,29,16,117,0.111,27,8,5,50,2,2,18,1,11,48,NA
2020-2021,02/25/2021,Northwestern St.,Southland,Southeastern La.,L 1-3,4,NA,49,27,182,0.121,43,4,10,96,6,4,18,4,13,66,6
2020-2021,03/02/2021,Northwestern St.,Southland,Central Ark.,L 1-3,4,NA,33,23,136,0.074,31,5,8,54,2,1,6,2,4,42,6
2020-2021,03/06/2021,Northwestern St.,Southland,@ McNeese,L 0-3,3,NA,26,13,95,0.137,25,2,3,41,12,3,4,NA,5,33,2
2020-2021,03/11/2021,Northwestern St.,Southland,@ Houston Christian,L 0-3,3,NA,27,16,99,0.111,25,1,6,43,3,1,10,1,6,34,3
2020-2021,03/13/2021,Northwestern St.,Southland,UIW,L 1-3,4,NA,46,31,158,0.095,42,8,2,68,5,3,12,2,9,63,1
2020-2021,03/18/2021,Northwestern St.,Southland,@ Abilene Christian,L 0-3,3,NA,30,19,88,0.125,19,1,8,29,4,6,2,NA,7,38,1
2020-2021,03/20/2021,Northwestern St.,Southland,@ SFA,L 0-3,3,NA,29,15,96,0.146,26,1,4,31,5,1,4,2,3,33,1
2020-2021,03/25/2021,Northwestern St.,Southland,New Orleans,L 0-3,3,NA,31,28,123,0.024,28,7,3,54,5,NA,2,1,1,39,1
2020-2021,09/04/2020,SFA,Southland,Central Ark.,W 3-1,4,NA,51,14,129,0.287,48,5,9,43,3,4,18,NA,13,69,NA
2020-2021,09/04/2020,SFA,Southland,Texas St.,L 0-3,3,NA,23,15,84,0.095,23,2,5,25,6,2,4,NA,4,29,3
2020-2021,09/11/2020,SFA,Southland,Lamar University,W 3-0,3,NA,40,2,81,0.469,35,11,6,50,2,2,8,NA,6,57,NA
2020-2021,09/11/2020,SFA,Southland,ULM,W 3-0,3,NA,32,6,100,0.26,30,9,6,61,1,2,20,NA,12,53,NA
2020-2021,09/12/2020,SFA,Southland,Lamar University,W 3-0,3,NA,41,9,97,0.33,36,9,8,44,3,3,8,NA,7,57,1
2020-2021,09/12/2020,SFA,Southland,Houston Christian,W 3-2,5,NA,67,23,189,0.233,65,7,10,87,6,4,4,NA,6,80,1
2020-2021,09/26/2020(1),SFA,Southland,@ South Alabama,W 3-1,4,NA,42,18,132,0.182,33,8,5,49,4,1,12,NA,7,57,NA
2020-2021,09/26/2020(2),SFA,Southland,@ South Alabama,W 3-1,4,NA,51,12,136,0.287,42,8,6,47,4,NA,12,NA,6,65,3
2020-2021,10/03/2020,SFA,Southland,@ North Texas,L 2-3,5,NA,66,27,171,0.228,58,6,5,71,1,6,NA,2,6,78,6
2020-2021,10/03/2020,SFA,Southland,"UTEP @Denton, TX",W 3-1,4,NA,45,18,128,0.211,40,8,6,47,8,5,10,NA,10,63,1
2020-2021,01/22/2021(2),SFA,Southland,Tarleton St.,W 3-1,4,NA,59,12,126,0.373,56,8,7,66,1,2,4,NA,4,71,NA
2020-2021,01/23/2021,SFA,Southland,Louisiana Tech,W 3-0,3,NA,43,10,99,0.333,39,8,5,55,4,1,6,NA,4,55,NA
2020-2021,01/28/2021(1),SFA,Southland,@ Houston,L 1-3,4,NA,40,21,147,0.129,33,5,4,55,3,1,10,NA,6,51,NA
2020-2021,01/28/2021(2),SFA,Southland,@ Houston,L 0-3,3,NA,27,16,97,0.113,23,1,9,31,8,NA,2,NA,1,29,NA
2020-2021,01/30/2021(1),SFA,Southland,@ Tulane,W 3-1,4,NA,46,24,149,0.148,40,3,8,67,8,2,16,NA,10,59,1
2020-2021,01/30/2021(2),SFA,Southland,@ Tulane,W 3-0,3,NA,40,13,116,0.233,37,6,4,58,4,5,2,1,6,52,1
2020-2021,02/04/2021,SFA,Southland,@ A&M-Corpus Christi,W 3-2,5,NA,59,16,154,0.279,54,9,6,65,10,5,14,1,12,80,2
2020-2021,02/06/2021,SFA,Southland,@ UIW,W 3-0,3,NA,44,9,115,0.304,37,7,6,43,6,1,12,NA,7,58,NA
2020-2021,02/11/2021,SFA,Southland,Lamar University,W 3-0,3,NA,35,8,89,0.303,35,6,10,44,4,1,14,1,8,49,1
2020-2021,02/13/2021,SFA,Southland,McNeese,W 3-0,3,NA,41,17,98,0.245,37,3,7,49,NA,NA,16,1,8,52,NA
2020-2021,02/25/2021,SFA,Southland,New Orleans,W 3-0,3,NA,40,8,100,0.32,33,5,5,50,1,NA,6,NA,3,48,NA
2020-2021,02/27/2021,SFA,Southland,@ Abilene Christian,W 3-1,4,NA,55,23,137,0.234,51,9,8,59,3,NA,15,2,7.5,71.5,NA
2020-2021,03/11/2021,SFA,Southland,@ Nicholls,W 3-0,3,NA,45,11,114,0.298,42,3,2,59,3,2,10,NA,7,55,NA
2020-2021,03/13/2021,SFA,Southland,@ Southeastern La.,L 1-3,4,NA,46,21,161,0.155,44,2,8,87,3,2,16,NA,10,58,2
2020-2021,03/18/2021,SFA,Southland,Central Ark.,W 3-1,4,NA,50,18,142,0.225,49,11,10,59,3,3,12,NA,9,70,NA
2020-2021,03/20/2021,SFA,Southland,Northwestern St.,W 3-0,3,NA,49,4,87,0.517,42,5,5,44,1,NA,10,1,5,59,NA
2020-2021,03/25/2021,SFA,Southland,@ Sam Houston,W 3-1,4,NA,51,23,166,0.169,48,1,6,83,5,2,10,NA,7,59,1
2020-2021,03/27/2021,SFA,Southland,Houston Christian,W 3-1,4,NA,53,19,155,0.219,51,5,6,75,5,2,16,1,10,68,NA
2020-2021,04/02/2021,SFA,Southland,"#4 A&M-Corpus Christi @Corpus Christi, TX (20-21 WVB Southland Volleyball Championship)",L 0-3,3,NA,28,22,99,0.061,27,3,6,39,5,3,2,1,4,35,4
2020-2021,02/02/2021,Sam Houston,Southland,Central Ark.,L 2-3,5,NA,68,33,217,0.161,61,6,7,98,4,3,24,2,15,89,3
2020-2021,02/04/2021,Sam Houston,Southland,Northwestern St.,W 3-0,3,NA,39,10,105,0.276,38,3,6,64,3,2,14,1,9,51,1
2020-2021,02/11/2021,Sam Houston,Southland,@ New Orleans,W 3-0,3,NA,40,16,98,0.245,36,5,5,42,2,2,8,NA,6,51,4
2020-2021,02/20/2021,Sam Houston,Southland,@ Lamar University,Ppd,NA,NA,NA,NA,NA,NA,NA,NA,NA,NA,NA,NA,NA,NA,NA,NA,NA
2020-2021,02/22/2021,Sam Houston,Southland,@ Southeastern La.,W 3-2,5,NA,50,28,156,0.141,46,11,12,88,2,NA,8,3,4,65,6
2020-2021,02/25/2021,Sam Houston,Southland,@ Houston Christian,W 3-2,5,NA,64,31,194,0.17,61,6,7,95,5,2,14,2,9,79,1
2020-2021,02/27/2021,Sam Houston,Southland,@ Lamar University,Canceled,NA,NA,NA,NA,NA,NA,NA,NA,NA,NA,NA,NA,NA,NA,NA,NA,NA
2020-2021,03/04/2021,Sam Houston,Southland,A&M-Corpus Christi,W 3-1,4,NA,60,15,161,0.28,57,5,9,70,3,1,16,NA,9,74,NA
2020-2021,03/07/2021,Sam Houston,Southland,@ Lamar University,W 3-0,3,NA,46,21,141,0.177,36,7,NA,61,2,1,6,2,4,57,NA
2020-2021,03/09/2021,Sam Houston,Southland,UIW,W 3-1,4,NA,63,26,176,0.21,60,4,10,82,1,1,22,NA,12,79,2
2020-2021,03/18/2021,Sam Houston,Southland,@ McNeese,W 3-1,4,NA,49,15,136,0.25,44,10,12,57,5,5,10,NA,10,69,4
2020-2021,03/20/2021,Sam Houston,Southland,@ Nicholls,W 3-0,3,NA,44,13,136,0.228,39,4,8,74,2,1,12,NA,7,55,1
2020-2021,03/25/2021,Sam Houston,Southland,SFA,L 1-3,4,NA,49,21,167,0.168,45,5,8,79,1,NA,16,1,8,62,4
2020-2021,03/27/2021,Sam Houston,Southland,Abilene Christian,W 3-1,4,NA,58,17,139,0.295,54,8,8,68,1,1,NA,1,15.5,81.5,NA
2020-2021,04/02/2021,Sam Houston,Southland,"#6 Central Ark. @Corpus Christi, TX (20-21 WVB Southland Volleyball Championship)",W 3-1,4,NA,62,24,174,0.218,58,5,2,72,NA,3,12,1,9,76,NA
2020-2021,04/03/2021,Sam Houston,Southland,"#4 A&M-Corpus Christi @Corpus Christi, TX (20-21 WVB Southland Volleyball Championship)",L 2-3,5,NA,64,16,185,0.259,59,9,9,90,3,NA,2,5,9,82,3
2020-2021,01/28/2021,Southeastern La.,Southland,@ Tulane,W 3-1,4,NA,61,23,159,0.239,55,5,7,56,4,5,10,2,10,76,1
2020-2021,01/29/2021(1),Southeastern La.,Southland,@ Southern Miss.,W 3-1,4,NA,57,18,149,0.262,55,3,8,60,2,3,8,NA,7,67,2
2020-2021,01/29/2021(2),Southeastern La.,Southland,@ Southern Miss.,L 2-3,5,NA,51,35,175,0.091,48,NA,9,72,5,2,16,1,10,61,1
2020-2021,02/04/2021,Southeastern La.,Southland,@ McNeese,L 0-3,3,NA,34,20,115,0.122,30,7,4,41,6,NA,2,NA,1,42,3
2020-2021,02/11/2021,Southeastern La.,Southland,Louisiana Tech,Canceled,NA,NA,NA,NA,NA,NA,NA,NA,NA,NA,NA,NA,NA,NA,NA,NA,NA
2020-2021,02/16/2021,Southeastern La.,Southland,Nicholls,W 3-0,3,NA,39,14,120,0.208,32,5,7,48,2,2,8,3,6,50,2
2020-2021,02/22/2021,Southeastern La.,Southland,Sam Houston,L 2-3,5,NA,43,18,158,0.158,40,2,14,74,11,1,8,1,5,50,4
2020-2021,02/25/2021,Southeastern La.,Southland,@ Northwestern St.,W 3-1,4,NA,49,24,190,0.132,44,6,10,89,4,1,4,NA,3,58,3
2020-2021,02/27/2021,Southeastern La.,Southland,@ A&M-Corpus Christi,W 3-2,5,NA,65,29,197,0.183,59,6,12,85,6,NA,8,3,12,83,NA
2020-2021,03/09/2021,Southeastern La.,Southland,@ Lamar University,W 3-2,5,NA,58,23,144,0.243,56,5,14,54,9,NA,14,7,7,70,1
2020-2021,03/11/2021,Southeastern La.,Southland,Abilene Christian,W 3-1,4,NA,56,25,144,0.215,54,11,7,55,2,1,16,NA,9,76,4
2020-2021,03/13/2021,Southeastern La.,Southland,SFA,W 3-1,4,NA,59,25,196,0.173,51,3,NA,81,2,2,6,NA,5,67,1
2020-2021,03/18/2021,Southeastern La.,Southland,Houston Christian,W 3-1,4,NA,51,27,157,0.153,51,9,6,69,2,NA,14,3,7,67,2
2020-2021,03/20/2021,Southeastern La.,Southland,UIW,W 3-1,4,NA,58,23,167,0.21,53,7,3,81,4,1,6,4,4,69,4
2020-2021,03/23/2021,Southeastern La.,Southland,@ New Orleans,Ppd,NA,NA,NA,NA,NA,NA,NA,NA,NA,NA,NA,NA,NA,NA,NA,NA,NA
2020-2021,03/24/2021,Southeastern La.,Southland,@ New Orleans,W 3-2,5,NA,53,30,141,0.163,46,5,7,62,6,1,26,3,14,72,NA
2020-2021,03/27/2021,Southeastern La.,Southland,@ Central Ark.,L 1-3,4,NA,62,26,146,0.247,60,4,5,56,7,1,8,3,5,71,3
2020-2021,04/01/2021,Southeastern La.,Southland,"#6 Central Ark. @Corpus Christi, TX (20-21 WVB Southland Volleyball Championship)",L 1-3,4,NA,50,27,138,0.167,49,4,9,49,2,4,8,NA,8,62,3
2020-2021,01/22/2021,UIW,Southland,@ Prairie View,L 2-3,5,NA,60,26,180,0.189,54,10,6,75,6,1,16,NA,9,79,NA
2020-2021,01/31/2021,UIW,Southland,@ UTSA,L 2-3,5,NA,57,16,139,0.295,55,7,4,66,9,3,12,3,9,73,1
2020-2021,02/04/2021,UIW,Southland,Abilene Christian,L 2-3,5,NA,NA,18,212,0.302,73,3,10,NA,4,2,14,NA,9,NA,5
2020-2021,02/06/2021,UIW,Southland,SFA,L 0-3,3,NA,37,20,114,0.149,34,6,3,49,7,2,6,NA,5,48,2
2020-2021,02/11/2021,UIW,Southland,@ Central Ark.,W 3-0,3,NA,37,11,111,0.234,32,11,3,48,3,3,6,2,6,54,2
2020-2021,02/25/2021,UIW,Southland,A&M-Corpus Christi,L 1-3,4,NA,51,17,155,0.219,44,1,6,48,2,2,6,NA,5,57,1
2020-2021,02/27/2021,UIW,Southland,Nicholls,W 3-2,5,NA,72,21,186,0.274,70,5,9,65,5,NA,18,1,9,86,NA
2020-2021,03/04/2021,UIW,Southland,@ Houston Christian,L 1-3,4,NA,37,24,127,0.102,35,1,8,57,10,NA,12,1,6,44,3
2020-2021,03/09/2021,UIW,Southland,@ Sam Houston,L 1-3,4,NA,39,21,160,0.113,39,1,4,78,4,1,12,4,7,47,2
2020-2021,03/13/2021,UIW,Southland,@ Northwestern St.,W 3-1,4,NA,57,22,160,0.219,52,5,5,78,8,NA,14,NA,7,69,2
2020-2021,03/18/2021,UIW,Southland,@ New Orleans,W 3-1,4,NA,43,21,122,0.18,40,4,8,56,7,1,8,1,5,52,NA
2020-2021,03/20/2021,UIW,Southland,@ Southeastern La.,L 1-3,4,NA,50,15,162,0.216,49,4,9,73,7,5,12,3,11,65,3
2020-2021,03/25/2021,UIW,Southland,Lamar University,W 3-1,4,NA,54,16,152,0.25,45,8,7,61,6,1,14,NA,8,70,NA
2020-2021,03/27/2021,UIW,Southland,McNeese,W 3-0,3,NA,38,12,102,0.255,34,6,7,37,5,1,24,3,13,57,NA
2020-2021,03/31/2021,UIW,Southland,"#5 Houston Christian @Corpus Christi, TX (20-21 WVB Southland Volleyball Championship)",Canceled,NA,NA,NA,NA,NA,NA,NA,NA,NA,NA,NA,NA,NA,NA,NA,NA,NA
2020-2021,01/31/2021,Denver,Summit League,Omaha,W 3-0,3,NA,40,21,104,0.183,39,7,5,44,2,4,18,NA,13,60,1
2020-2021,02/01/2021,Denver,Summit League,Omaha,L 1-3,4,NA,47,24,156,0.147,44,5,10,62,1,3,18,NA,12,64,NA
2020-2021,02/14/2021,Denver,Summit League,@ South Dakota St.,W 3-0,3,NA,44,9,111,0.315,40,3,9,58,6,4,10,1,9,56,2
2020-2021,02/15/2021,Denver,Summit League,@ South Dakota St.,W 3-0,3,NA,46,7,96,0.406,42,13,6,41,1,1,4,NA,3,62,NA
2020-2021,02/21/2021,Denver,Summit League,Western Ill.,W 3-0,3,NA,46,11,96,0.365,43,5,11,44,2,1,12,2,7,58,2
2020-2021,02/22/2021,Denver,Summit League,Western Ill.,W 3-0,3,NA,47,13,99,0.343,44,9,3,42,2,3,10,2,8,64,NA
2020-2021,02/28/2021,Denver,Summit League,@ Oral Roberts,W 3-2,5,NA,56,23,150,0.22,51,10,9,61,8,1,12,3,7,73,1
2020-2021,03/01/2021,Denver,Summit League,@ Oral Roberts,W 3-1,4,NA,44,21,129,0.178,44,13,9,52,6,1,NA,2,16,73,NA
2020-2021,03/05/2021,Denver,Summit League,@ North Dakota,W 3-0,3,NA,41,13,96,0.292,39,6,1,57,4,4,16,1,12,59,NA
2020-2021,03/06/2021,Denver,Summit League,@ North Dakota,W 3-0,3,NA,51,12,115,0.339,47,2,11,46,3,1,14,1,8,61,NA
2020-2021,03/12/2021,Denver,Summit League,South Dakota,L 1-3,4,NA,47,30,144,0.118,45,9,9,46,4,NA,8,1,4,60,1
2020-2021,03/19/2021,Denver,Summit League,North Dakota St.,W 3-0,3,NA,39,8,87,0.356,36,10,3,47,2,NA,18,NA,9,58,1
2020-2021,03/20/2021,Denver,Summit League,North Dakota St.,W 3-0,3,NA,43,10,96,0.344,39,7,4,40,2,2,4,NA,4,54,NA
2020-2021,03/26/2021,Denver,Summit League,@ Kansas City,W 3-0,3,NA,34,8,93,0.28,31,9,5,31,3,NA,20,1,10,53,NA
2020-2021,03/27/2021,Denver,Summit League,@ Kansas City,W 3-0,3,NA,49,14,116,0.302,43,6,4,50,4,2,10,NA,7,62,NA
2020-2021,04/02/2021,Denver,Summit League,"#4 Omaha @Sioux Falls, SD (20-21 WVB Summit League Volleyball Championship)",W 3-0,3,NA,46,15,127,0.244,45,6,12,58,5,2,10,1,7,59,1
2020-2021,04/03/2021,Denver,Summit League,"#3 South Dakota @Sioux Falls, SD (20-21 WVB Summit League Volleyball Championship)",L 2-3,5,NA,NA,33,NA,0.217,NA,10,9,87,3,1,12,3,7,NA,2
2020-2021,01/31/2021,Kansas City,Summit League,North Dakota St.,W 3-2,5,NA,68,36,184,0.174,63,6,7,73,5,3,12,5,9,83,NA
2020-2021,02/01/2021,Kansas City,Summit League,North Dakota St.,W 3-0,3,NA,45,15,118,0.254,41,6,6,55,3,2,6,2,5,56,NA
2020-2021,02/07/2021,Kansas City,Summit League,@ Omaha,L 2-3,5,NA,50,NA,175,0.074,48,6,8,70,5,3,6,2,6,62,NA
2020-2021,02/08/2021,Kansas City,Summit League,@ Omaha,W 3-2,5,NA,56,23,175,0.189,50,11,11,83,6,3,6,6,6,73,NA
2020-2021,02/14/2021,Kansas City,Summit League,Western Ill.,W 3-2,5,NA,69,22,182,0.258,64,4,13,71,7,3,12,3,9,82,NA
2020-2021,02/15/2021,Kansas City,Summit League,Western Ill.,W 3-1,4,NA,52,25,144,0.188,49,7,13,63,3,1,20,NA,11,70,NA
2020-2021,02/21/2021,Kansas City,Summit League,South Dakota St.,W 3-1,4,NA,58,24,154,0.221,57,5,15,56,2,NA,18,4,9,72,NA
2020-2021,02/22/2021,Kansas City,Summit League,South Dakota St.,W 3-2,5,NA,74,29,202,0.223,68,13,14,77,6,2,14,3,9,96,NA
2020-2021,02/28/2021,Kansas City,Summit League,@ North Dakota,W 3-0,3,NA,45,12,105,0.314,43,7,12,50,2,1,10,3,6,58,NA
2020-2021,03/01/2021,Kansas City,Summit League,@ North Dakota,W 3-0,3,NA,46,18,120,0.233,45,7,1,62,2,NA,2,1,1,54,NA
2020-2021,03/12/2021,Kansas City,Summit League,@ Oral Roberts,W 3-0,3,NA,40,19,145,0.145,38,7,8,72,5,2,10,NA,7,54,1
2020-2021,03/13/2021,Kansas City,Summit League,@ Oral Roberts,W 3-1,4,NA,57,23,148,0.23,53,5,11,68,7,5,8,2,9,71,1
2020-2021,03/19/2021,Kansas City,Summit League,@ South Dakota,W 3-2,5,NA,56,36,198,0.101,49,3,9,94,3,NA,16,4,8,67,NA
2020-2021,03/20/2021,Kansas City,Summit League,@ South Dakota,W 3-2,5,NA,65,24,185,0.222,61,4,11,83,6,1,20,2,11,80,NA
2020-2021,03/26/2021,Kansas City,Summit League,Denver,L 0-3,3,NA,33,22,96,0.115,31,3,8,41,9,1,2,4,2,38,1
2020-2021,03/27/2021,Kansas City,Summit League,Denver,L 0-3,3,NA,29,18,104,0.106,26,4,2,36,6,1,4,3,3,36,NA
2020-2021,04/02/2021,Kansas City,Summit League,"#3 South Dakota @Sioux Falls, SD (20-21 WVB Summit League Volleyball Championship)",L 2-3,5,NA,59,27,194,0.165,57,6,11,85,5,NA,16,2,8,73,3
2020-2021,01/22/2021,North Dakota,Summit League,@ North Dakota St.,L 1-3,4,NA,39,17,143,0.154,35,7,3,62,7,NA,14,1,7,53,1
2020-2021,01/23/2021,North Dakota,Summit League,@ North Dakota St.,L 0-3,3,NA,26,14,93,0.129,25,5,5,33,6,4,2,NA,5,36,2
2020-2021,01/31/2021,North Dakota,Summit League,@ Oral Roberts,W 3-2,5,NA,52,19,182,0.181,50,12,5,98,8,1,16,NA,9,73,NA
2020-2021,02/01/2021,North Dakota,Summit League,@ Oral Roberts,W 3-2,5,NA,50,28,183,0.12,50,7,8,85,1,1,20,1,11,68,2
2020-2021,02/07/2021,North Dakota,Summit League,South Dakota,L 0-3,3,NA,31,15,96,0.167,30,NA,9,54,6,NA,4,1,2,33,NA
2020-2021,02/08/2021,North Dakota,Summit League,South Dakota,L 0-3,3,NA,26,9,99,0.172,25,5,7,42,6,1,10,1,6,37,3
2020-2021,02/21/2021,North Dakota,Summit League,@ Omaha,L 0-3,3,NA,25,9,84,0.19,24,3,7,37,6,NA,4,3,2,30,2
2020-2021,02/22/2021,North Dakota,Summit League,@ Omaha,L 1-3,4,NA,28,14,126,0.111,27,12,10,61,9,NA,8,2,4,44,1
2020-2021,02/28/2021,North Dakota,Summit League,Kansas City,L 0-3,3,NA,30,11,95,0.2,26,2,9,42,7,3,2,NA,4,36,3
2020-2021,03/01/2021,North Dakota,Summit League,Kansas City,L 0-3,3,NA,35,9,113,0.23,30,2,11,49,7,3,12,NA,9,46,1
2020-2021,03/05/2021,North Dakota,Summit League,Denver,L 0-3,3,NA,23,23,111,NA,21,4,5,39,6,1,6,1,4,31,NA
2020-2021,03/06/2021,North Dakota,Summit League,Denver,L 0-3,3,NA,35,15,100,0.2,31,3,6,46,2,2,4,NA,4,42,1
2020-2021,03/12/2021,North Dakota,Summit League,@ South Dakota St.,L 0-3,3,NA,42,11,147,0.211,41,4,7,68,7,NA,6,1,3,49,2
2020-2021,03/13/2021,North Dakota,Summit League,@ South Dakota St.,L 2-3,5,NA,57,23,186,0.183,53,5,13,86,7,2,4,NA,4,66,NA
2020-2021,03/19/2021,North Dakota,Summit League,@ Western Ill.,L 1-3,4,NA,39,24,146,0.103,32,3,8,69,9,NA,12,1,6,48,1
2020-2021,03/20/2021,North Dakota,Summit League,@ Western Ill.,L 2-3,5,NA,43,28,183,0.082,38,6,9,95,10,1,17,NA,9.5,58.5,1
2020-2021,03/26/2021,North Dakota,Summit League,North Dakota St.,L 0-3,3,NA,37,18,121,0.157,37,1,5,57,4,2,4,NA,4,42,NA
2020-2021,03/27/2021,North Dakota,Summit League,North Dakota St.,L 0-3,3,NA,19,22,119,-0.025,17,2,3,49,5,3,10,NA,8,29,NA
2020-2021,01/22/2021,North Dakota St.,Summit League,North Dakota,W 3-1,4,NA,59,28,162,0.191,56,7,4,85,7,NA,6,4,3,69,1
2020-2021,01/23/2021,North Dakota St.,Summit League,North Dakota,W 3-0,3,NA,46,19,107,0.252,41,6,2,44,5,2,2,4,3,55,NA
2020-2021,01/31/2021,North Dakota St.,Summit League,@ Kansas City,L 2-3,5,NA,54,22,159,0.201,50,5,7,68,6,3,20,1,13,72,NA
2020-2021,02/01/2021,North Dakota St.,Summit League,@ Kansas City,L 0-3,3,NA,41,25,128,0.125,38,3,1,55,6,4,2,1,5,49,NA
2020-2021,02/07/2021,North Dakota St.,Summit League,South Dakota St.,W 3-0,3,NA,51,14,121,0.306,47,2,2,58,2,NA,6,1,3,56,1
2020-2021,02/08/2021,North Dakota St.,Summit League,South Dakota St.,W 3-0,3,NA,45,16,131,0.221,40,4,7,65,4,1,10,NA,6,55,NA
2020-2021,02/14/2021,North Dakota St.,Summit League,Oral Roberts,W 3-2,5,NA,67,29,185,0.205,61,9,4,79,12,1,12,3,7,83,NA
2020-2021,02/15/2021,North Dakota St.,Summit League,Oral Roberts,W 3-2,5,NA,54,26,164,0.171,53,10,6,64,7,1,20,3,11,75,NA
2020-2021,02/21/2021,North Dakota St.,Summit League,@ South Dakota,L 1-3,4,NA,60,30,182,0.165,57,8,6,85,4,1,8,2,5,73,1
2020-2021,02/22/2021,North Dakota St.,Summit League,@ South Dakota,L 0-3,3,NA,32,21,119,0.092,30,2,4,53,5,1,6,NA,4,38,1
2020-2021,03/05/2021,North Dakota St.,Summit League,Western Ill.,W 3-0,3,NA,46,20,123,0.211,43,5,5,57,3,1,6,3,4,55,NA
2020-2021,03/06/2021,North Dakota St.,Summit League,Western Ill.,W 3-0,3,NA,44,19,118,0.212,41,4,5,59,3,1,10,3,6,54,2
2020-2021,03/12/2021,North Dakota St.,Summit League,Omaha,L 2-3,5,NA,56,20,167,0.216,50,8,3,78,1,2,10,NA,7,71,1
2020-2021,03/13/2021,North Dakota St.,Summit League,Omaha,L 2-3,5,NA,51,28,174,0.132,51,5,7,71,9,2,6,2,5,61,2
2020-2021,03/19/2021,North Dakota St.,Summit League,@ Denver,L 0-3,3,NA,22,24,103,-0.019,21,2,2,37,10,NA,2,2,1,25,NA
2020-2021,03/20/2021,North Dakota St.,Summit League,@ Denver,L 0-3,3,NA,30,20,94,0.106,28,2,5,37,7,NA,6,1,3,35,NA
2020-2021,03/26/2021,North Dakota St.,Summit League,@ North Dakota,W 3-0,3,NA,47,18,133,0.218,44,4,3,61,1,2,8,NA,6,57,NA
2020-2021,03/27/2021,North Dakota St.,Summit League,@ North Dakota,W 3-0,3,NA,44,15,111,0.261,42,5,6,72,2,2,8,NA,6,55,NA
2020-2021,01/22/2021,Omaha,Summit League,@ Creighton,L 0-3,3,NA,29,18,114,0.096,28,4,9,56,6,NA,8,1,4,37,1
2020-2021,01/23/2021,Omaha,Summit League,UNI,W 3-1,4,NA,47,26,144,0.146,43,8,8,56,5,1,8,NA,5,60,2
2020-2021,01/31/2021,Omaha,Summit League,@ Denver,L 0-3,3,NA,38,24,110,0.127,35,2,7,35,7,NA,12,1,6,46,NA
2020-2021,02/01/2021,Omaha,Summit League,@ Denver,W 3-1,4,NA,57,26,154,0.201,51,1,12,66,5,2,6,2,5,63,NA
2020-2021,02/07/2021,Omaha,Summit League,Kansas City,W 3-2,5,NA,57,27,164,0.183,56,5,15,77,6,1,NA,2,16,78,1
2020-2021,02/08/2021,Omaha,Summit League,Kansas City,L 2-3,5,NA,55,25,175,0.171,47,6,16,78,11,3,10,2,8,69,2
2020-2021,02/14/2021,Omaha,Summit League,@ South Dakota,L 0-3,3,NA,32,25,110,0.064,27,1,11,44,7,NA,6,NA,3,36,NA
2020-2021,02/15/2021,Omaha,Summit League,@ South Dakota,W 3-2,5,NA,52,23,154,0.188,45,NA,17,59,5,1,10,NA,6,75,1
2020-2021,02/21/2021,Omaha,Summit League,North Dakota,W 3-0,3,NA,52,19,122,0.27,49,6,12,43,3,NA,2,1,1,59,NA
2020-2021,02/22/2021,Omaha,Summit League,North Dakota,W 3-1,4,NA,59,22,157,0.236,56,9,NA,73,12,1,6,NA,4,72,1
2020-2021,02/28/2021,Omaha,Summit League,@ Western Ill.,W 3-1,4,NA,61,16,126,0.357,43,8,6,54,7,NA,18,NA,9,78,3
2020-2021,03/01/2021,Omaha,Summit League,@ Western Ill.,W 3-0,3,NA,42,9,85,0.388,38,9,7,32,4,NA,12,1,6,57,1
2020-2021,03/05/2021,Omaha,Summit League,South Dakota St.,W 3-0,3,NA,43,10,110,0.3,41,6,8,66,2,2,16,1,10,59,NA
2020-2021,03/06/2021,Omaha,Summit League,South Dakota St.,L 0-3,3,NA,47,23,154,0.156,44,3,10,66,6,1,4,3,3,53,NA
2020-2021,03/12/2021,Omaha,Summit League,@ North Dakota St.,W 3-2,5,NA,74,24,188,0.266,70,1,16,77,8,2,12,1,8,83,NA
2020-2021,03/13/2021,Omaha,Summit League,@ North Dakota St.,W 3-2,5,NA,64,20,167,0.263,62,9,15,76,5,2,12,2,8,81,3
2020-2021,03/26/2021,Omaha,Summit League,Oral Roberts,W 3-1,4,NA,61,20,156,0.263,57,9,12,79,4,2,10,2,7,77,2
2020-2021,03/27/2021,Omaha,Summit League,Oral Roberts,W 3-0,3,NA,42,14,127,0.22,40,5,7,68,1,1,10,1,6,53,NA
2020-2021,04/02/2021,Omaha,Summit League,"#1 Denver @Sioux Falls, SD (20-21 WVB Summit League Volleyball Championship)",L 0-3,3,NA,32,16,119,0.134,30,5,9,51,6,2,8,1,6,43,NA
2020-2021,01/22/2021,Oral Roberts,Summit League,@ Missouri St.,L 1-3,4,NA,46,31,154,0.097,43,2,8,58,10,2,18,1,11,59,NA
2020-2021,01/23/2021,Oral Roberts,Summit League,"Wichita St. @Springfield, MO",L 0-3,3,NA,33,20,111,0.117,30,7,8,39,5,1,2,NA,2,42,1
2020-2021,01/31/2021,Oral Roberts,Summit League,North Dakota,L 2-3,5,NA,67,33,205,0.166,62,8,13,102,12,1,4,1,3,78,NA
2020-2021,02/01/2021,Oral Roberts,Summit League,North Dakota,L 2-3,5,NA,56,27,180,0.161,54,1,10,92,7,3,10,3,8,65,NA
2020-2021,02/07/2021,Oral Roberts,Summit League,@ Western Ill.,W 3-0,3,NA,43,10,105,0.314,39,9,5,42,6,1,8,1,5,57,NA
2020-2021,02/08/2021,Oral Roberts,Summit League,@ Western Ill.,W 3-2,5,NA,59,28,203,0.153,56,6,9,105,4,1,6,1,4,69,1
2020-2021,02/14/2021,Oral Roberts,Summit League,@ North Dakota St.,L 2-3,5,NA,58,28,179,0.168,55,12,9,70,9,NA,12,3,12,82,1
2020-2021,02/15/2021,Oral Roberts,Summit League,@ North Dakota St.,L 2-3,5,NA,69,24,173,0.26,63,7,13,71,10,NA,24,2,12,88,1
2020-2021,02/28/2021,Oral Roberts,Summit League,Denver,L 2-3,5,NA,60,17,146,0.295,57,8,17,62,10,1,22,NA,12,80,3
2020-2021,03/01/2021,Oral Roberts,Summit League,Denver,L 1-3,4,NA,50,28,141,0.156,44,6,9,53,13,1,12,2,7,63,3
2020-2021,03/06/2021,Oral Roberts,Summit League,@ South Dakota,L 2-3,5,NA,59,36,189,0.122,56,10,4,85,6,3,6,2,6,75,2
2020-2021,03/07/2021,Oral Roberts,Summit League,@ South Dakota,L 0-3,3,NA,21,27,106,-0.057,20,4,4,42,8,1,14,NA,8,33,NA
2020-2021,03/12/2021,Oral Roberts,Summit League,Kansas City,L 0-3,3,NA,33,16,133,0.128,31,5,10,73,7,NA,12,1,6,44,1
2020-2021,03/13/2021,Oral Roberts,Summit League,Kansas City,L 1-3,4,NA,43,22,144,0.146,38,7,7,58,5,2,12,3,8,58,1
2020-2021,03/19/2021,Oral Roberts,Summit League,South Dakota St.,L 0-3,3,NA,32,18,129,0.109,28,5,4,63,7,1,6,NA,4,41,1
2020-2021,03/20/2021,Oral Roberts,Summit League,South Dakota St.,W 3-0,3,NA,50,16,119,0.286,44,6,10,54,4,NA,14,NA,7,63,1
2020-2021,03/26/2021,Oral Roberts,Summit League,@ Omaha,L 1-3,4,NA,43,18,156,0.16,42,4,8,67,9,2,8,3,6,53,NA
2020-2021,03/27/2021,Oral Roberts,Summit League,@ Omaha,L 0-3,3,NA,30,24,137,0.044,29,1,2,60,5,1,6,2,4,35,1
2020-2021,01/22/2021,South Dakota,Summit League,"Wichita St. @Springfield, MO",L 0-3,3,NA,33,16,111,0.153,30,6,8,57,1,2,8,2,6,45,4
2020-2021,01/23/2021,South Dakota,Summit League,@ Missouri St.,L 2-3,5,NA,60,28,166,0.193,57,9,13,79,6,2,22,1,13,82,NA
2020-2021,01/29/2021,South Dakota,Summit League,@ Creighton,W 3-2,5,NA,52,25,181,0.149,49,5,15,92,10,4,26,1,NA,74,1
2020-2021,01/31/2021,South Dakota,Summit League,Creighton,L 2-3,5,NA,58,17,149,0.275,57,7,12,66,10,2,10,4,7,72,3
2020-2021,02/07/2021,South Dakota,Summit League,@ North Dakota,W 3-0,3,NA,39,6,101,0.327,36,6,6,46,NA,1,10,3,6,51,1
2020-2021,02/08/2021,South Dakota,Summit League,@ North Dakota,W 3-0,3,NA,50,16,113,0.301,48,6,7,55,5,3,2,NA,4,60,3
2020-2021,02/14/2021,South Dakota,Summit League,Omaha,W 3-0,3,NA,31,9,89,0.247,29,7,10,49,1,2,18,NA,11,49,1
2020-2021,02/15/2021,South Dakota,Summit League,Omaha,L 2-3,5,NA,55,20,141,0.248,52,5,13,67,NA,4,24,2,16,76,1
2020-2021,02/21/2021,South Dakota,Summit League,North Dakota St.,W 3-1,4,NA,61,19,171,0.246,58,4,6,81,8,2,24,1,14,79,NA
2020-2021,02/22/2021,South Dakota,Summit League,North Dakota St.,W 3-0,3,NA,42,13,113,0.257,37,5,4,59,2,2,16,4,10,57,1
2020-2021,02/28/2021,South Dakota,Summit League,@ South Dakota St.,W 3-1,4,NA,57,21,146,0.247,53,6,6,70,7,3,16,5,11,74,NA
2020-2021,03/01/2021,South Dakota,Summit League,@ South Dakota St.,W 3-0,3,NA,44,9,102,0.343,40,2,5,55,4,NA,16,1,8,54,NA
2020-2021,03/06/2021,South Dakota,Summit League,Oral Roberts,W 3-2,5,NA,62,20,180,0.233,60,6,7,83,10,2,24,6,14,82,5
2020-2021,03/07/2021,South Dakota,Summit League,Oral Roberts,W 3-0,3,NA,37,18,100,0.19,32,8,7,54,4,1,16,2,9,54,NA
2020-2021,03/12/2021,South Dakota,Summit League,@ Denver,W 3-1,4,NA,49,21,123,0.228,46,4,4,57,9,4,12,NA,10,63,1
2020-2021,03/19/2021,South Dakota,Summit League,Kansas City,L 2-3,5,NA,57,26,184,0.168,52,3,12,95,3,4,6,1,7,67,2
2020-2021,03/20/2021,South Dakota,Summit League,Kansas City,L 2-3,5,NA,57,29,182,0.154,48,6,5,81,4,1,10,NA,6,69,2
2020-2021,03/26/2021,South Dakota,Summit League,@ Western Ill.,W 3-0,3,NA,43,13,88,0.341,42,6,6,41,5,2,20,NA,12,61,NA
2020-2021,03/27/2021,South Dakota,Summit League,@ Western Ill.,W 3-0,3,NA,52,13,115,0.339,43,4,4,52,9,3,14,2,10,66,NA
2020-2021,04/02/2021,South Dakota,Summit League,"#2 Kansas City @Sioux Falls, SD (20-21 WVB Summit League Volleyball Championship)",W 3-2,5,NA,64,22,180,0.233,57,5,9,89,6,4,14,1,11,80,4
2020-2021,04/03/2021,South Dakota,Summit League,"#1 Denver @Sioux Falls, SD (20-21 WVB Summit League Volleyball Championship)",W 3-2,5,NA,68,17,188,0.271,64,3,8,86,10,4,22,4,15,86,1
2020-2021,04/14/2021,South Dakota,Summit League,"Missouri @Omaha, NE (2020 NCAA DI Women's Volleyball Championship)",L 0-3,3,NA,28,17,87,0.126,28,3,5,26,4,1,9,NA,5.5,36.5,1
2020-2021,01/24/2021,South Dakota St.,Summit League,@ Drake,L 0-3,3,NA,40,22,140,0.129,39,6,7,66,2,NA,10,1,5,51,1
2020-2021,01/31/2021,South Dakota St.,Summit League,Western Ill.,W 3-0,3,NA,47,11,99,0.364,41,7,4,40,1,2,4,2,4,58,NA
2020-2021,02/01/2021,South Dakota St.,Summit League,Western Ill.,W 3-0,3,NA,47,16,131,0.237,44,5,3,67,2,2,4,3,4,56,2
2020-2021,02/07/2021,South Dakota St.,Summit League,@ North Dakota St.,L 0-3,3,NA,33,17,115,0.139,28,2,3,47,2,NA,7,3,3.5,38.5,1
2020-2021,02/08/2021,South Dakota St.,Summit League,@ North Dakota St.,L 0-3,3,NA,31,21,126,0.079,27,4,5,60,4,2,4,2,4,39,NA
2020-2021,02/14/2021,South Dakota St.,Summit League,Denver,L 0-3,3,NA,27,21,115,0.052,26,6,6,46,3,3,NA,2,3,36,NA
2020-2021,02/15/2021,South Dakota St.,Summit League,Denver,L 0-3,3,NA,34,12,94,0.234,33,1,4,36,13,3,NA,NA,3,38,NA
2020-2021,02/21/2021,South Dakota St.,Summit League,@ Kansas City,L 1-3,4,NA,45,26,143,0.133,39,2,7,61,5,2,14,2,9,56,NA
2020-2021,02/22/2021,South Dakota St.,Summit League,@ Kansas City,L 2-3,5,NA,56,18,169,0.225,53,6,9,84,13,NA,24,2,12,74,1
2020-2021,02/28/2021,South Dakota St.,Summit League,South Dakota,L 1-3,4,NA,53,24,152,0.191,47,7,9,61,6,1,12,1,7,67,NA
2020-2021,03/01/2021,South Dakota St.,Summit League,South Dakota,L 0-3,3,NA,29,22,118,0.059,29,4,7,43,2,1,6,NA,4,37,NA
2020-2021,03/05/2021,South Dakota St.,Summit League,@ Omaha,L 0-3,3,NA,36,15,126,0.167,32,2,7,52,6,NA,4,4,2,40,1
2020-2021,03/06/2021,South Dakota St.,Summit League,@ Omaha,W 3-0,3,NA,36,14,123,0.179,35,6,3,74,3,4,6,2,7,49,1
2020-2021,03/12/2021,South Dakota St.,Summit League,North Dakota,W 3-0,3,NA,46,15,147,0.211,42,7,4,72,4,1,4,NA,3,56,1
2020-2021,03/13/2021,South Dakota St.,Summit League,North Dakota,W 3-2,5,NA,64,22,185,0.227,58,7,8,96,5,NA,8,2,4,75,1
2020-2021,03/19/2021,South Dakota St.,Summit League,@ Oral Roberts,W 3-0,3,NA,44,17,138,0.196,34,7,5,70,5,NA,10,1,5,56,NA
2020-2021,03/20/2021,South Dakota St.,Summit League,@ Oral Roberts,L 0-3,3,NA,34,13,110,0.191,30,4,6,46,6,NA,18,NA,9,47,NA
2020-2021,01/23/2021,Western Ill.,Summit League,@ Drake,L 1-3,4,NA,41,32,149,0.06,39,3,3,67,7,3,14,2,10,54,3
2020-2021,01/31/2021,Western Ill.,Summit League,@ South Dakota St.,L 0-3,3,NA,32,17,94,0.16,31,1,3,35,7,1,6,2,4,37,1
2020-2021,02/01/2021,Western Ill.,Summit League,@ South Dakota St.,L 0-3,3,NA,38,17,131,0.16,37,2,3,61,5,3,4,2,5,45,3
2020-2021,02/07/2021,Western Ill.,Summit League,Oral Roberts,L 0-3,3,NA,34,19,107,0.14,33,6,3,43,9,1,NA,2,1,41,1
2020-2021,02/08/2021,Western Ill.,Summit League,Oral Roberts,L 2-3,5,NA,60,20,198,0.202,58,4,8,NA,6,NA,10,1,5,69,2
2020-2021,02/14/2021,Western Ill.,Summit League,@ Kansas City,L 2-3,5,NA,61,28,172,0.192,56,7,7,80,4,NA,6,1,9,77,1
2020-2021,02/15/2021,Western Ill.,Summit League,@ Kansas City,L 1-3,4,NA,39,26,135,0.096,34,3,10,61,7,2,12,1,8,50,NA
2020-2021,02/21/2021,Western Ill.,Summit League,@ Denver,L 0-3,3,NA,29,16,96,0.135,27,2,6,35,5,1,4,1,3,34,2
2020-2021,02/22/2021,Western Ill.,Summit League,@ Denver,L 0-3,3,NA,35,13,92,0.239,32,2,4,35,9,2,6,3,5,42,4
2020-2021,02/28/2021,Western Ill.,Summit League,Omaha,L 1-3,4,NA,45,14,131,0.237,35,7,8,45,8,1,14,NA,8,60,4
2020-2021,03/01/2021,Western Ill.,Summit League,Omaha,L 0-3,3,NA,28,15,80,0.163,26,4,7,28,9,NA,4,NA,2,34,2
2020-2021,03/05/2021,Western Ill.,Summit League,@ North Dakota St.,L 0-3,3,NA,30,19,116,0.095,29,3,4,44,5,1,6,1,4,37,NA
2020-2021,03/06/2021,Western Ill.,Summit League,@ North Dakota St.,L 0-3,3,NA,27,21,118,0.051,26,3,6,44,4,2,8,NA,6,36,1
2020-2021,03/19/2021,Western Ill.,Summit League,North Dakota,W 3-1,4,NA,47,18,151,0.192,45,9,8,74,3,3,26,NA,16,72,1
2020-2021,03/20/2021,Western Ill.,Summit League,North Dakota,W 3-2,5,NA,58,29,196,0.148,47,10,9,102,6,4,14,NA,11,79,3
2020-2021,03/26/2021,Western Ill.,Summit League,South Dakota,L 0-3,3,NA,25,20,88,0.057,22,5,3,31,6,NA,4,NA,2,32,2
2020-2021,03/27/2021,Western Ill.,Summit League,South Dakota,L 0-3,3,NA,39,15,112,0.214,38,9,5,46,4,2,4,1,4,52,1
2020-2021,10/09/2020(1),App State,Sun Belt,South Alabama,L 0-3,3,NA,24,25,87,-0.011,23,7,8,27,6,NA,10,NA,5,36,NA
2020-2021,10/09/2020(2),App State,Sun Belt,South Alabama,L 0-3,3,NA,30,19,98,0.112,27,4,8,25,8,1,4,1,3,37,3
2020-2021,10/10/2020,App State,Sun Belt,South Alabama,L 1-3,4,NA,42,30,150,0.08,36,4,12,60,7,6,6,2,9,55,2
2020-2021,10/23/2020,App State,Sun Belt,Georgia St.,W 3-1,4,NA,49,23,162,0.16,42,4,10,73,4,3,14,1,10,63,NA
2020-2021,10/24/2020(1),App State,Sun Belt,Georgia St.,L 1-3,4,NA,47,18,127,0.228,43,7,10,55,5,1,8,NA,5,59,1
2020-2021,10/24/2020(2),App State,Sun Belt,Georgia St.,L 1-3,4,NA,50,26,138,0.174,47,NA,9,60,1,2,4,4,4,54,2
2020-2021,10/30/2020,App State,Sun Belt,Coastal Carolina,L 0-3,3,NA,34,25,105,0.086,32,5,9,33,3,NA,8,3,4,43,2
2020-2021,10/31/2020,App State,Sun Belt,Coastal Carolina,L 0-3,3,NA,24,19,93,0.054,23,7,7,36,10,NA,10,NA,5,36,1
2020-2021,11/06/2020(1),App State,Sun Belt,@ Troy,L 1-3,4,NA,46,26,137,0.146,42,6,15,55,NA,3,24,1,15,67,3
2020-2021,11/06/2020(2),App State,Sun Belt,@ Troy,L 1-3,4,NA,44,23,143,0.147,42,9,10,56,5,3,24,1,15,68,1
2020-2021,11/07/2020,App State,Sun Belt,@ Troy,L 1-3,4,NA,35,27,128,0.063,34,5,7,51,9,2,20,2,12,52,NA
2020-2021,11/12/2020,App State,Sun Belt,@ Coastal Carolina,L 0-3,3,NA,25,11,74,0.189,22,NA,15,20,4,NA,4,NA,2,27,2
2020-2021,11/13/2020,App State,Sun Belt,@ Coastal Carolina,L 1-3,4,NA,38,23,112,0.134,36,2,10,33,6,3,2,NA,4,44,NA
2020-2021,11/19/2020,App State,Sun Belt,"#1 Coastal Carolina @Foley, AL (20-21 WVB Sun Belt Championship)",L 1-3,4,NA,34,27,121,0.058,29,11,12,44,5,2,16,1,10,55,3
2020-2021,02/17/2021,App State,Sun Belt,@ Duke,L 0-3,3,NA,28,28,109,NA,26,6,5,45,2,1,4,NA,3,37,NA
2020-2021,02/18/2021,App State,Sun Belt,@ North Carolina,L 0-3,3,NA,28,22,84,0.071,26,2,6,25,6,NA,4,NA,2,32,1
2020-2021,10/02/2020,Arkansas St.,Sun Belt,Little Rock,L 1-3,4,NA,52,20,153,0.209,48,7,8,60,5,6,8,3,10,69,3
2020-2021,10/03/2020,Arkansas St.,Sun Belt,Little Rock,W 3-1,4,NA,62,21,183,0.224,56,4,6,80,5,3,14,4,10,76,3
2020-2021,10/08/2020,Arkansas St.,Sun Belt,ULM,W 3-0,3,NA,37,15,129,0.171,33,3,5,72,2,1,20,2,11,51,2
2020-2021,10/09/2020(1),Arkansas St.,Sun Belt,ULM,W 3-1,4,NA,47,18,139,0.209,43,2,4,73,3,5,18,2,14,63,2
2020-2021,10/09/2020(2),Arkansas St.,Sun Belt,ULM,W 3-0,3,NA,34,11,94,0.245,30,9,3,42,NA,4,6,1,7,50,NA
2020-2021,10/16/2020(1),Arkansas St.,Sun Belt,@ UT Arlington,L 1-3,4,NA,59,28,222,0.14,54,3,3,NA,4,3,18,NA,12,74,NA
2020-2021,10/16/2020(2),Arkansas St.,Sun Belt,@ UT Arlington,L 2-3,5,NA,58,27,199,0.156,45,5,4,84,7,6,18,NA,15,78,6
2020-2021,10/17/2020,Arkansas St.,Sun Belt,@ UT Arlington,W 3-1,4,NA,64,16,181,0.265,58,1,7,83,3,4,12,NA,10,75,NA
2020-2021,10/23/2020(1),Arkansas St.,Sun Belt,@ Louisiana,L 1-3,4,NA,53,22,160,0.194,49,NA,2,67,4,4,20,6,14,67,2
2020-2021,10/23/2020(2),Arkansas St.,Sun Belt,@ Louisiana,W 3-1,4,NA,49,17,160,0.2,48,4,8,74,2,4,22,1,15,68,3
2020-2021,10/24/2020,Arkansas St.,Sun Belt,@ Louisiana,L 0-3,3,NA,36,15,127,0.165,31,1,5,57,3,3,16,4,11,48,NA
2020-2021,10/30/2020,Arkansas St.,Sun Belt,@ Little Rock,W 3-1,4,NA,51,22,149,0.195,46,6,5,63,2,2,18,1,11,68,2
2020-2021,10/31/2020,Arkansas St.,Sun Belt,@ Little Rock,W 3-0,3,NA,43,14,126,0.23,40,3,4,59,1,NA,22,1,11,57,NA
2020-2021,11/06/2020(1),Arkansas St.,Sun Belt,Texas St.,L 0-3,3,NA,29,19,104,0.096,27,4,3,43,5,1,10,1,6,39,3
2020-2021,11/06/2020(2),Arkansas St.,Sun Belt,Texas St.,L 0-3,3,NA,18,18,96,NA,18,4,3,43,4,4,14,2,11,33,3
2020-2021,11/07/2020,Arkansas St.,Sun Belt,Texas St.,L 2-3,5,NA,52,27,169,0.148,50,5,8,69,5,5,22,1,16,73,7
2020-2021,04/02/2021,Arkansas St.,Sun Belt,@ Kansas,L 0-3,3,NA,26,22,102,0.039,22,4,7,34,7,NA,4,1,2,32,NA
2020-2021,04/03/2021,Arkansas St.,Sun Belt,@ Kansas,L 0-3,3,NA,31,18,125,0.104,31,4,8,54,5,NA,6,NA,3,38,1
2020-2021,10/09/2020(1),Coastal Carolina,Sun Belt,@ Georgia St.,W 3-1,4,NA,50,19,121,0.256,42,10,9,44,3,6,4,NA,8,68,2
2020-2021,10/09/2020(2),Coastal Carolina,Sun Belt,@ Georgia St.,W 3-0,3,NA,39,16,100,0.23,35,9,7,45,4,2,4,1,4,52,1
2020-2021,10/10/2020,Coastal Carolina,Sun Belt,@ Georgia St.,W 3-0,3,NA,47,18,100,0.29,45,7,6,41,8,1,14,1,8,62,1
2020-2021,10/15/2020(1),Coastal Carolina,Sun Belt,@ South Alabama,W 3-0,3,NA,30,14,84,0.19,28,5,13,28,5,2,8,NA,6,41,1
2020-2021,10/15/2020(2),Coastal Carolina,Sun Belt,@ South Alabama,W 3-0,3,NA,37,16,83,0.253,34,10,13,19,4,3,4,NA,5,52,NA
2020-2021,10/16/2020,Coastal Carolina,Sun Belt,@ South Alabama,W 3-1,4,NA,41,21,105,0.19,36,8,8,43,4,3,16,NA,11,60,NA
2020-2021,10/22/2020(1),Coastal Carolina,Sun Belt,Troy,W 3-0,3,NA,43,8,101,0.347,38,1,10,41,4,7,12,4,13,57,NA
2020-2021,10/22/2020(2),Coastal Carolina,Sun Belt,Troy,W 3-2,5,NA,61,23,165,0.23,58,8,NA,75,3,5,14,3,12,81,NA
2020-2021,10/23/2020,Coastal Carolina,Sun Belt,Troy,W 3-1,4,NA,43,19,127,0.189,42,5,13,55,6,4,22,5,15,63,NA
2020-2021,10/30/2020,Coastal Carolina,Sun Belt,@ App State,W 3-0,3,NA,40,10,87,0.345,33,3,6,43,5,2,4,1,4,47,NA
2020-2021,10/31/2020,Coastal Carolina,Sun Belt,@ App State,W 3-0,3,NA,36,15,91,0.231,31,10,5,46,7,1,6,2,4,50,1
2020-2021,11/05/2020,Coastal Carolina,Sun Belt,Ga. Southern,W 3-0,3,NA,36,16,104,0.192,34,10,5,48,1,5,8,3,9,55,NA
2020-2021,11/06/2020(1),Coastal Carolina,Sun Belt,Ga. Southern,W 3-0,3,NA,44,12,107,0.299,41,NA,9,49,3,9,6,2,12,56,NA
2020-2021,11/07/2020(2),Coastal Carolina,Sun Belt,Ga. Southern,W 3-0,3,NA,45,13,102,0.314,44,4,4,57,4,5,4,NA,7,56,1
2020-2021,11/12/2020,Coastal Carolina,Sun Belt,App State,W 3-0,3,NA,42,7,75,0.467,41,4,15,33,NA,1,NA,NA,1,47,NA
2020-2021,11/13/2020,Coastal Carolina,Sun Belt,App State,W 3-1,4,NA,55,13,108,0.389,51,6,13,43,2,5,6,NA,8,69,NA
2020-2021,11/19/2020,Coastal Carolina,Sun Belt,"#6 App State @Foley, AL (20-21 WVB Sun Belt Championship)",W 3-1,4,NA,48,20,117,0.239,46,5,11,55,11,2,10,1,7,60,3
2020-2021,11/21/2020,Coastal Carolina,Sun Belt,"#5 Little Rock @Foley, AL (20-21 WVB Sun Belt Championship)",W 3-0,3,NA,50,4,101,0.455,45,6,9,52,1,5,8,3,9,65,2
2020-2021,11/22/2020,Coastal Carolina,Sun Belt,"#1 Texas St. @Foley, AL (20-21 WVB Sun Belt Championship)",L 2-3,5,NA,62,21,163,0.252,60,NA,13,61,9,6,14,6,13,75,4
2020-2021,04/02/2021,Coastal Carolina,Sun Belt,Erskine,Canceled,NA,NA,NA,NA,NA,NA,NA,NA,NA,NA,NA,NA,NA,NA,NA,NA,NA
2020-2021,04/03/2021,Coastal Carolina,Sun Belt,Erskine,Canceled,NA,NA,NA,NA,NA,NA,NA,NA,NA,NA,NA,NA,NA,NA,NA,NA,NA
2020-2021,10/01/2020,Ga. Southern,Sun Belt,@ Georgia St.,L 0-3,3,NA,36,24,118,0.102,33,4,9,41,9,1,2,1,2,42,1
2020-2021,10/02/2020,Ga. Southern,Sun Belt,@ Georgia St.,W 3-0,3,NA,42,15,107,0.252,40,5,6,42,2,2,14,1,9,56,1
2020-2021,10/22/2020(1),Ga. Southern,Sun Belt,@ South Alabama,L 2-3,5,NA,56,19,162,0.228,53,7,13,72,5,3,10,NA,8,71,1
2020-2021,10/22/2020(2),Ga. Southern,Sun Belt,@ South Alabama,L 0-3,3,NA,35,30,136,0.037,33,4,7,64,4,2,8,NA,6,45,6
2020-2021,10/23/2020,Ga. Southern,Sun Belt,@ South Alabama,L 1-3,4,NA,33,34,156,-0.006,26,5,2,57,6,4,14,NA,11,49,2
2020-2021,10/30/2020,Ga. Southern,Sun Belt,Georgia St.,W 3-1,4,NA,53,22,174,0.178,50,3,8,73,4,1,24,NA,13,69,1
2020-2021,10/31/2020,Ga. Southern,Sun Belt,Georgia St.,L 1-3,4,NA,49,13,127,0.283,45,12,5,56,3,NA,12,1,6,67,3
2020-2021,11/05/2020,Ga. Southern,Sun Belt,@ Coastal Carolina,L 0-3,3,NA,27,22,106,0.047,25,1,6,41,10,4,4,1,6,34,NA
2020-2021,11/06/2020(1),Ga. Southern,Sun Belt,@ Coastal Carolina,L 0-3,3,NA,30,22,108,0.074,28,3,6,44,NA,2,8,NA,6,39,NA
2020-2021,11/07/2020(2),Ga. Southern,Sun Belt,@ Coastal Carolina,L 0-3,3,NA,33,20,112,0.116,31,4,5,43,4,3,NA,2,3,40,1
2020-2021,11/12/2020(1),Ga. Southern,Sun Belt,Troy,W 3-0,3,NA,40,17,115,0.2,39,4,5,58,3,7,12,1,13,57,NA
2020-2021,11/12/2020(2),Ga. Southern,Sun Belt,Troy,L 0-3,3,NA,28,22,101,0.059,27,NA,5,36,6,4,22,3,15,43,NA
2020-2021,11/13/2020,Ga. Southern,Sun Belt,Troy,W 3-0,3,NA,52,13,108,0.361,47,5,9,51,1,4,8,3,8,65,NA
2020-2021,11/18/2020,Ga. Southern,Sun Belt,"#2 Troy @Foley, AL (20-21 WVB Sun Belt Championship)",W 3-2,5,NA,47,38,180,0.05,41,8,13,62,5,3,NA,4,NA,82,2
2020-2021,11/19/2020,Ga. Southern,Sun Belt,"#3 UT Arlington @Foley, AL (20-21 WVB Sun Belt Championship)",L 1-3,4,NA,52,33,162,0.117,47,1,6,60,5,1,8,2,5,58,2
2020-2021,01/30/2021,Ga. Southern,Sun Belt,@ Col. of Charleston,L 0-3,3,NA,24,25,102,-0.01,24,2,6,45,8,5,10,1,10,36,1
2020-2021,02/02/2021,Ga. Southern,Sun Belt,Jacksonville,L 0-3,3,NA,41,20,122,0.172,37,2,10,52,3,NA,6,NA,3,46,NA
2020-2021,02/09/2021,Ga. Southern,Sun Belt,North Florida,L 0-3,3,NA,29,16,97,0.134,27,4,6,41,9,NA,4,1,2,35,2
2020-2021,09/12/2020,Georgia St.,Sun Belt,@ Chattanooga,L 2-3,5,NA,69,21,183,0.262,65,8,9,90,10,3,28,NA,17,NA,NA
2020-2021,09/18/2020,Georgia St.,Sun Belt,Mercer,W 3-2,5,NA,53,17,126,0.286,52,10,10,52,6,1,8,4,5,68,6
2020-2021,09/25/2020(1),Georgia St.,Sun Belt,@ Troy,L 0-3,3,NA,26,23,110,0.027,24,1,1,55,4,2,16,NA,10,37,3
2020-2021,09/25/2020(2),Georgia St.,Sun Belt,@ Troy,L 1-3,4,NA,42,18,139,0.173,40,2,7,58,7,3,22,NA,14,58,2
2020-2021,09/26/2020,Georgia St.,Sun Belt,@ Troy,L 0-3,3,NA,23,18,101,0.05,21,2,3,42,4,NA,12,NA,6,31,1
2020-2021,10/01/2020,Georgia St.,Sun Belt,Ga. Southern,W 3-0,3,NA,31,7,87,0.276,27,9,5,46,4,3,8,NA,7,47,1
2020-2021,10/02/2020,Georgia St.,Sun Belt,Ga. Southern,L 0-3,3,NA,31,23,100,0.08,29,2,4,36,5,1,6,1,4,37,1
2020-2021,10/09/2020(1),Georgia St.,Sun Belt,Coastal Carolina,L 1-3,4,NA,41,22,114,0.167,39,3,11,42,10,2,10,1,7,51,1
2020-2021,10/09/2020(2),Georgia St.,Sun Belt,Coastal Carolina,L 0-3,3,NA,27,22,101,0.05,25,4,8,38,9,1,16,1,9,40,1
2020-2021,10/10/2020,Georgia St.,Sun Belt,Coastal Carolina,L 0-3,3,NA,31,14,93,0.183,30,8,7,30,7,1,12,1,7,46,1
2020-2021,10/23/2020,Georgia St.,Sun Belt,@ App State,L 1-3,4,NA,47,36,164,0.067,41,4,8,82,4,1,12,1,7,58,1
2020-2021,10/24/2020(1),Georgia St.,Sun Belt,@ App State,W 3-1,4,NA,51,21,136,0.221,40,5,9,57,7,3,4,2,5,61,NA
2020-2021,10/24/2020(2),Georgia St.,Sun Belt,@ App State,W 3-1,4,NA,52,19,142,0.232,45,1,6,56,NA,1,8,NA,5,58,2
2020-2021,10/30/2020,Georgia St.,Sun Belt,@ Ga. Southern,L 1-3,4,NA,53,35,173,0.104,48,4,3,94,3,2,24,NA,14,71,2
2020-2021,10/31/2020,Georgia St.,Sun Belt,@ Ga. Southern,W 3-1,4,NA,60,21,147,0.265,54,3,4,61,12,NA,8,NA,4,67,2
2020-2021,11/05/2020(1),Georgia St.,Sun Belt,South Alabama,W 3-0,3,NA,35,12,108,0.213,31,6,7,44,4,3,15,1,10.5,51.5,3
2020-2021,11/05/2020(2),Georgia St.,Sun Belt,South Alabama,W 3-0,3,NA,47,10,112,0.33,43,5,2,49,4,NA,10,2,5,57,NA
2020-2021,11/06/2020,Georgia St.,Sun Belt,South Alabama,W 3-2,5,NA,64,33,183,0.169,62,7,7,76,4,3,16,3,11,82,NA
2020-2021,11/19/2020,Georgia St.,Sun Belt,"#5 Little Rock @Foley, AL (20-21 WVB Sun Belt Championship)",L 0-3,3,NA,31,19,115,0.104,28,4,5,41,2,1,NA,1,1,36,4
2020-2021,11/20/2020,Georgia St.,Sun Belt,"#2 Louisiana @Foley, AL (20-21 WVB Sun Belt Championship)",W 3-2,5,NA,59,36,168,0.137,57,6,5,66,7,3,8,1,7,72,5
2020-2021,09/20/2020,Little Rock,Sun Belt,Missouri St.,L 0-3,3,NA,36,18,114,0.158,33,5,7,50,5,1,18,1,10,51,2
2020-2021,09/25/2020(2),Little Rock,Sun Belt,Louisiana,L 2-3,5,NA,NA,18,193,0.326,71,8,9,92,4,1,6,2,4,93,4
2020-2021,09/25/2020(1),Little Rock,Sun Belt,Louisiana,L 0-3,3,NA,29,16,110,0.118,28,3,5,42,5,2,6,NA,5,37,1
2020-2021,09/26/2020,Little Rock,Sun Belt,Louisiana,L 0-3,3,NA,34,14,115,0.174,32,6,4,53,3,1,12,1,7,47,2
2020-2021,10/02/2020,Little Rock,Sun Belt,@ Arkansas St.,W 3-1,4,NA,52,27,159,0.157,50,5,2,71,7,6,6,1,9,66,5
2020-2021,10/03/2020,Little Rock,Sun Belt,@ Arkansas St.,L 1-3,4,NA,54,22,170,0.188,52,5,4,79,4,4,4,1,6,65,4
2020-2021,10/09/2020(1),Little Rock,Sun Belt,UT Arlington,L 1-3,4,NA,52,28,169,0.142,45,10,3,71,13,1,20,NA,11,73,1
2020-2021,10/09/2020(2),Little Rock,Sun Belt,UT Arlington,L 0-3,3,NA,31,17,107,0.131,28,4,3,44,10,1,18,NA,10,45,NA
2020-2021,10/10/2020,Little Rock,Sun Belt,UT Arlington,L 2-3,5,NA,78,23,211,0.261,NA,2,4,87,6,4,14,NA,11,91,NA
2020-2021,10/23/2020(1),Little Rock,Sun Belt,@ Texas St.,L 0-3,3,NA,30,17,111,0.117,29,4,3,35,2,NA,16,2,8,42,3
2020-2021,10/23/2020(2),Little Rock,Sun Belt,@ Texas St.,L 1-3,4,NA,57,23,167,0.204,56,6,5,68,3,1,10,NA,6,69,1
2020-2021,10/24/2020,Little Rock,Sun Belt,@ Texas St.,L 0-3,3,NA,31,10,107,0.196,30,4,6,41,8,NA,6,NA,3,38,2
2020-2021,10/30/2020,Little Rock,Sun Belt,Arkansas St.,L 1-3,4,NA,45,29,152,0.105,43,2,5,68,6,NA,20,2,10,57,6
2020-2021,10/31/2020,Little Rock,Sun Belt,Arkansas St.,L 0-3,3,NA,42,19,135,0.17,35,1,9,54,3,NA,14,1,7,50,1
2020-2021,11/06/2020(1),Little Rock,Sun Belt,@ ULM,W 3-0,3,NA,41,8,94,0.351,36,7,2,57,1,2,11,NA,7.5,55.5,1
2020-2021,11/06/2020(2),Little Rock,Sun Belt,@ ULM,W 3-0,3,NA,40,10,136,0.221,38,8,10,75,4,NA,10,NA,5,53,NA
2020-2021,11/07/2020,Little Rock,Sun Belt,@ ULM,W 3-1,4,NA,49,17,156,0.205,45,5,10,71,8,NA,18,NA,9,63,NA
2020-2021,11/18/2020,Little Rock,Sun Belt,"#2 Louisiana @Foley, AL (20-21 WVB Sun Belt Championship)",W 3-1,4,NA,61,24,159,0.233,56,3,7,71,NA,3,16,1,11,75,3
2020-2021,11/19/2020,Little Rock,Sun Belt,"#3 Georgia St. @Foley, AL (20-21 WVB Sun Belt Championship)",W 3-0,3,NA,46,15,109,0.284,43,2,6,55,4,2,2,1,3,51,3
2020-2021,11/21/2020,Little Rock,Sun Belt,"#1 Coastal Carolina @Foley, AL (20-21 WVB Sun Belt Championship)",L 0-3,3,NA,28,13,101,0.149,25,1,2,43,6,2,2,1,3,32,2
2020-2021,09/04/2020,Louisiana,Sun Belt,Houston Christian,W 3-0,3,NA,45,14,111,0.279,44,5,7,60,NA,2,14,1,9,59,NA
2020-2021,09/05/2020,Louisiana,Sun Belt,Houston Christian,W 3-1,4,NA,57,17,157,0.255,53,2,14,85,4,2,6,4,5,64,3
2020-2021,09/11/2020,Louisiana,Sun Belt,South Alabama,W 3-0,3,NA,40,11,95,0.305,37,3,8,46,5,3,13,1,9.5,52.5,1
2020-2021,09/12/2020,Louisiana,Sun Belt,South Alabama,W 3-0,3,NA,43,10,106,0.311,42,5,7,50,3,4,8,NA,8,56,3
2020-2021,09/19/2020,Louisiana,Sun Belt,Lamar University,W 3-0,3,NA,47,11,118,0.305,45,4,3,55,2,2,8,NA,6,57,2
2020-2021,09/19/2020,Louisiana,Sun Belt,Lamar University,W 3-0,3,NA,42,6,94,0.383,39,9,7,55,1,1,10,1,6,57,3
2020-2021,09/25/2020(2),Louisiana,Sun Belt,@ Little Rock,W 3-2,5,NA,74,19,194,0.284,NA,4,9,85,8,NA,12,2,6,84,NA
2020-2021,09/25/2020(1),Louisiana,Sun Belt,@ Little Rock,W 3-0,3,NA,47,18,113,0.257,45,5,5,58,3,NA,12,2,6,58,1
2020-2021,09/26/2020,Louisiana,Sun Belt,@ Little Rock,W 3-0,3,NA,54,13,129,0.318,51,3,8,63,6,1,2,NA,2,59,NA
2020-2021,10/02/2020,Louisiana,Sun Belt,@ ULM,W 3-1,4,NA,58,18,153,0.261,53,4,8,73,7,3,10,NA,8,70,NA
2020-2021,10/03/2020,Louisiana,Sun Belt,@ ULM,W 3-0,3,NA,33,15,141,0.128,30,2,9,63,2,5,8,NA,9,44,6
2020-2021,10/16/2020,Louisiana,Sun Belt,Texas St.,L 0-3,3,NA,28,16,104,0.115,27,NA,5,28,4,2,10,5,7,35,NA
2020-2021,10/16/2020(2),Louisiana,Sun Belt,Texas St.,L 2-3,5,NA,56,21,173,0.202,53,NA,6,83,5,2,20,NA,12,68,3
2020-2021,10/17/2020,Louisiana,Sun Belt,Texas St.,L 0-3,3,NA,35,12,123,0.187,35,5,4,56,4,3,2,2,4,44,1
2020-2021,10/23/2020(1),Louisiana,Sun Belt,Arkansas St.,W 3-1,4,NA,62,26,170,0.212,58,4,5,73,NA,3,12,5,9,75,2
2020-2021,10/23/2020(2),Louisiana,Sun Belt,Arkansas St.,L 1-3,4,NA,43,27,153,0.105,42,2,4,86,4,3,10,3,8,53,4
2020-2021,10/24/2020,Louisiana,Sun Belt,Arkansas St.,W 3-0,3,NA,49,17,132,0.242,45,3,4,65,1,1,16,1,9,61,3
2020-2021,10/30/2020,Louisiana,Sun Belt,ULM,W 3-0,3,NA,35,18,99,0.172,34,5,4,44,2,3,10,1,8,48,2
2020-2021,10/31/2020,Louisiana,Sun Belt,ULM,W 3-0,3,NA,46,14,127,0.252,45,2,4,61,NA,3,6,6,6,54,NA
2020-2021,11/06/2020(1),Louisiana,Sun Belt,@ UT Arlington,W 3-2,5,NA,73,29,NA,0.196,63,6,6,109,3,5,2,NA,6,85,1
2020-2021,11/06/2020(2),Louisiana,Sun Belt,@ UT Arlington,W 3-1,4,NA,54,36,196,0.092,47,5,11,99,3,11,14,NA,18,77,NA
2020-2021,11/07/2020,Louisiana,Sun Belt,@ UT Arlington,L 1-3,4,NA,61,26,199,0.176,55,3,6,96,2,4,4,1,6,70,3
2020-2021,11/18/2020,Louisiana,Sun Belt,"#5 Little Rock @Foley, AL (20-21 WVB Sun Belt Championship)",L 1-3,4,NA,48,22,158,0.165,46,NA,4,63,3,2,10,2,7,55,2
2020-2021,11/20/2020,Louisiana,Sun Belt,"#3 Georgia St. @Foley, AL (20-21 WVB Sun Belt Championship)",L 2-3,5,NA,45,21,142,0.169,44,7,5,62,6,2,26,2,15,67,1
2020-2021,02/27/2021,Louisiana,Sun Belt,@ Florida St.,L 0-3,3,NA,19,26,97,-0.072,19,3,6,34,4,1,8,NA,5,27,NA
2020-2021,09/11/2020,South Alabama,Sun Belt,@ Louisiana,L 0-3,3,NA,31,20,108,0.102,31,5,7,41,3,1,4,1,3,39,3
2020-2021,09/12/2020,South Alabama,Sun Belt,@ Louisiana,L 0-3,3,NA,31,17,102,0.137,29,3,5,44,5,2,2,1,3,37,1
2020-2021,09/26/2020(1),South Alabama,Sun Belt,SFA,L 1-3,4,NA,46,26,130,0.154,40,4,10,50,8,1,8,1,5,55,3
2020-2021,09/26/2020(2),South Alabama,Sun Belt,SFA,L 1-3,4,NA,45,21,141,0.17,38,4,8,48,8,1,6,NA,4,53,4
2020-2021,10/01/2020,South Alabama,Sun Belt,Troy,L 2-3,5,NA,47,29,144,0.125,43,6,8,60,8,2,14,NA,9,62,1
2020-2021,10/02/2020,South Alabama,Sun Belt,Troy,W 3-2,5,NA,53,24,163,0.178,49,6,11,70,7,3,22,NA,14,73,2
2020-2021,10/09/2020(1),South Alabama,Sun Belt,@ App State,W 3-0,3,NA,35,13,79,0.278,29,6,7,36,7,1,6,NA,4,45,2
2020-2021,10/09/2020(2),South Alabama,Sun Belt,@ App State,W 3-0,3,NA,37,10,74,0.365,34,8,3,39,4,1,14,NA,8,53,1
2020-2021,10/10/2020,South Alabama,Sun Belt,@ App State,W 3-1,4,NA,42,19,124,0.185,35,7,5,70,4,8,2,NA,9,58,5
2020-2021,10/15/2020(1),South Alabama,Sun Belt,Coastal Carolina,L 0-3,3,NA,27,20,81,0.086,24,5,10,35,5,3,4,NA,5,37,6
2020-2021,10/15/2020(2),South Alabama,Sun Belt,Coastal Carolina,L 0-3,3,NA,32,15,66,0.258,30,4,3,29,10,2,8,NA,6,42,5
2020-2021,10/16/2020,South Alabama,Sun Belt,Coastal Carolina,L 1-3,4,NA,29,27,106,0.019,26,4,6,37,8,3,4,NA,5,38,3
2020-2021,10/22/2020(1),South Alabama,Sun Belt,Ga. Southern,W 3-2,5,NA,57,22,161,0.217,49,5,5,77,7,4,8,NA,8,70,NA
2020-2021,10/22/2020(2),South Alabama,Sun Belt,Ga. Southern,W 3-0,3,NA,30,17,118,0.11,23,4,5,60,4,3,10,NA,8,42,8
2020-2021,10/23/2020,South Alabama,Sun Belt,Ga. Southern,W 3-1,4,NA,51,19,141,0.227,44,6,4,76,5,3,16,NA,11,68,3
2020-2021,10/30/2020,South Alabama,Sun Belt,@ Troy,L 2-3,5,NA,36,14,114,0.193,33,7,10,46,12,2,22,1,13,56,1
2020-2021,10/31/2020,South Alabama,Sun Belt,@ Troy,L 1-3,4,NA,45,21,145,0.166,41,8,10,63,8,NA,10,1,5,58,2
2020-2021,11/05/2020(1),South Alabama,Sun Belt,@ Georgia St.,L 0-3,3,NA,31,22,107,0.084,28,4,7,47,6,NA,6,1,3,38,3
2020-2021,11/05/2020(2),South Alabama,Sun Belt,@ Georgia St.,L 0-3,3,NA,42,17,114,0.219,39,4,5,46,5,NA,4,NA,2,48,NA
2020-2021,11/06/2020,South Alabama,Sun Belt,@ Georgia St.,L 2-3,5,NA,61,29,179,0.179,53,4,11,73,7,NA,26,NA,13,78,1
2020-2021,11/19/2020,South Alabama,Sun Belt,"#6 ULM @Foley, AL (20-21 WVB Sun Belt Championship)",W 3-0,3,NA,42,12,78,0.385,38,8,14,41,3,NA,8,1,4,54,4
2020-2021,11/20/2020,South Alabama,Sun Belt,"#1 Texas St. @Foley, AL (20-21 WVB Sun Belt Championship)",L 0-3,3,NA,29,19,101,0.099,27,5,6,37,3,1,6,NA,4,38,3
2020-2021,09/04/2020,Texas St.,Sun Belt,"Central Ark. @Nacogdoches, TX",W 3-2,5,NA,77,16,194,0.314,68,1,8,72,6,4,2,NA,5,83,1
2020-2021,09/04/2020,Texas St.,Sun Belt,@ SFA,W 3-0,3,NA,45,18,100,0.27,41,6,9,43,2,4,6,NA,7,58,NA
2020-2021,09/11/2020,Texas St.,Sun Belt,UTEP,W 3-2,5,NA,56,25,153,0.203,51,2,11,67,11,5,20,2,15,73,1
2020-2021,09/12/2020,Texas St.,Sun Belt,UTEP,L 1-3,4,NA,46,25,135,0.156,42,4,6,53,9,3,13,NA,9.5,59.5,1
2020-2021,09/18/2020,Texas St.,Sun Belt,Houston Christian,W 3-0,3,NA,43,18,136,0.184,41,5,7,64,NA,1,6,4,4,52,NA
2020-2021,09/19/2020,Texas St.,Sun Belt,Houston Christian,W 3-1,4,NA,60,20,148,0.27,57,9,10,73,3,5,10,1,10,79,NA
2020-2021,09/25/2020(1),Texas St.,Sun Belt,ULM,W 3-0,3,NA,47,15,101,0.317,45,5,4,58,1,1,8,1,5,57,NA
2020-2021,09/25/2020(2),Texas St.,Sun Belt,ULM,W 3-0,3,NA,37,12,97,0.258,31,5,5,52,3,1,14,2,8,50,NA
2020-2021,09/26/2020,Texas St.,Sun Belt,ULM,W 3-0,3,NA,45,10,92,0.38,42,6,7,53,2,1,12,2,7,58,NA
2020-2021,10/16/2020,Texas St.,Sun Belt,@ Louisiana,W 3-0,3,NA,48,13,94,0.372,46,4,4,52,NA,3,10,2,8,60,NA
2020-2021,10/16/2020(2),Texas St.,Sun Belt,@ Louisiana,W 3-2,5,NA,58,27,182,0.17,57,5,11,83,NA,3,16,2,11,74,NA
2020-2021,10/17/2020,Texas St.,Sun Belt,@ Louisiana,W 3-0,3,NA,53,13,133,0.301,52,4,4,63,5,2,6,3,5,62,NA
2020-2021,10/23/2020(1),Texas St.,Sun Belt,Little Rock,W 3-0,3,NA,50,20,112,0.268,48,2,3,55,4,NA,14,2,7,59,NA
2020-2021,10/23/2020(2),Texas St.,Sun Belt,Little Rock,W 3-1,4,NA,68,24,172,0.256,68,3,7,74,6,2,20,2,12,83,NA
2020-2021,10/24/2020,Texas St.,Sun Belt,Little Rock,W 3-0,3,NA,49,17,117,0.274,47,8,5,58,4,NA,8,1,4,61,NA
2020-2021,10/30/2020,Texas St.,Sun Belt,@ UT Arlington,W 3-0,3,NA,51,10,120,0.342,45,3,8,54,1,1,8,NA,5,59,NA
2020-2021,10/31/2020,Texas St.,Sun Belt,@ UT Arlington,W 3-0,3,NA,43,14,117,0.248,37,2,3,55,1,8,4,NA,10,55,NA
2020-2021,11/06/2020(1),Texas St.,Sun Belt,@ Arkansas St.,W 3-0,3,NA,45,13,109,0.294,38,5,6,51,4,6,6,NA,9,59,1
2020-2021,11/06/2020(2),Texas St.,Sun Belt,@ Arkansas St.,W 3-0,3,NA,47,20,120,0.225,45,4,8,56,4,2,10,NA,7,58,3
2020-2021,11/07/2020,Texas St.,Sun Belt,@ Arkansas St.,W 3-2,5,NA,62,30,176,0.182,59,5,6,78,5,5,6,1,8,75,5
2020-2021,11/13/2020,Texas St.,Sun Belt,UT Arlington,W 3-0,3,NA,46,17,124,0.234,44,2,7,62,NA,NA,6,1,3,51,1
2020-2021,11/14/2020,Texas St.,Sun Belt,UT Arlington,L 0-3,3,NA,34,22,125,0.096,33,2,7,48,3,NA,18,3,9,45,NA
2020-2021,11/18/2020,Texas St.,Sun Belt,"#6 ULM @Foley, AL (20-21 WVB Sun Belt Championship)",W 3-0,3,NA,38,10,90,0.311,35,8,5,41,2,NA,6,1,3,49,NA
2020-2021,11/20/2020,Texas St.,Sun Belt,"#4 South Alabama @Foley, AL (20-21 WVB Sun Belt Championship)",W 3-0,3,NA,43,14,104,0.279,39,3,3,43,5,1,14,NA,8,54,NA
2020-2021,11/21/2020,Texas St.,Sun Belt,"#2 Troy @Foley, AL (20-21 WVB Sun Belt Championship)",W 3-1,4,NA,57,10,149,0.315,55,5,4,77,6,1,30,NA,16,78,1
2020-2021,11/22/2020,Texas St.,Sun Belt,"#1 Coastal Carolina @Foley, AL (20-21 WVB Sun Belt Championship)",W 3-2,5,NA,61,23,158,0.241,57,9,6,70,NA,3,20,2,13,83,NA
2020-2021,02/10/2021,Texas St.,Sun Belt,@ UTSA,W 3-1,4,NA,58,16,156,0.269,57,4,12,70,9,1,8,NA,5,67,NA
2020-2021,02/22/2021,Texas St.,Sun Belt,@ North Texas,L 0-3,3,NA,41,20,107,0.196,36,4,10,32,7,1,8,6,5,50,1
2020-2021,02/26/2021,Texas St.,Sun Belt,@ Tulane,Canceled,NA,NA,NA,NA,NA,NA,NA,NA,NA,NA,NA,NA,NA,NA,NA,NA,NA
2020-2021,02/27/2021,Texas St.,Sun Belt,@ TCU,W 3-0,3,NA,44,11,93,0.355,36,3,5,40,1,1,12,NA,7,54,NA
2020-2021,03/04/2021,Texas St.,Sun Belt,@ Kansas St.,W 3-2,5,NA,50,19,175,0.177,48,5,5,85,8,1,20,1,11,66,NA
2020-2021,03/05/2021,Texas St.,Sun Belt,@ Kansas,L 0-3,3,NA,30,22,93,0.086,29,1,7,30,6,NA,4,NA,2,33,NA
2020-2021,03/08/2021,Texas St.,Sun Belt,@ Texas,L 0-3,3,NA,32,15,105,0.162,30,3,8,44,7,2,4,1,4,39,NA
2020-2021,03/10/2021,Texas St.,Sun Belt,Baylor,L 0-3,3,NA,36,12,96,0.25,34,1,5,31,5,NA,4,1,2,39,NA
2020-2021,03/16/2021,Texas St.,Sun Belt,Texas,L 0-3,3,NA,21,14,105,0.067,21,4,2,42,6,NA,2,NA,1,26,NA
2020-2021,03/18/2021,Texas St.,Sun Belt,TCU,L 1-3,4,NA,54,35,161,0.118,51,3,12,59,5,2,10,2,7,64,1
2020-2021,03/20/2021,Texas St.,Sun Belt,@ Houston,W 3-1,4,NA,57,23,149,0.228,55,3,14,67,3,2,12,NA,8,68,1
2020-2021,03/25/2021,Texas St.,Sun Belt,North Texas,W 3-0,3,NA,48,20,140,0.2,47,6,5,65,4,NA,14,2,7,61,NA
2020-2021,03/26/2021,Texas St.,Sun Belt,Texas Tech,Canceled,NA,NA,NA,NA,NA,NA,NA,NA,NA,NA,NA,NA,NA,NA,NA,NA,NA
2020-2021,03/27/2021,Texas St.,Sun Belt,Texas Tech,Canceled,NA,NA,NA,NA,NA,NA,NA,NA,NA,NA,NA,NA,NA,NA,NA,NA,NA
2020-2021,04/01/2021,Texas St.,Sun Belt,@ Baylor,W 3-1,4,NA,54,22,160,0.2,49,1,11,71,3,1,16,1,9,64,1
2020-2021,04/14/2021,Texas St.,Sun Belt,"Utah Valley @Omaha, NE (2020 NCAA DI Women's Volleyball Championship)",W 3-1,4,NA,59,24,147,0.238,52,5,4,63,8,1,16,2,9,73,1
2020-2021,04/15/2021,Texas St.,Sun Belt,"#5 Nebraska @Omaha, NE (2020 NCAA DI Women's Volleyball Championship)",L 0-3,3,NA,34,17,92,0.185,34,2,5,39,3,NA,2,1,1,37,NA
2020-2021,09/25/2020(1),Troy,Sun Belt,Georgia St.,W 3-0,3,NA,43,18,119,0.21,41,4,7,55,1,2,12,NA,8,55,NA
2020-2021,09/25/2020(2),Troy,Sun Belt,Georgia St.,W 3-1,4,NA,64,32,173,0.185,60,7,12,66,2,3,6,NA,6,77,NA
2020-2021,09/26/2020,Troy,Sun Belt,Georgia St.,W 3-0,3,NA,49,22,119,0.227,47,4,8,53,2,2,2,NA,3,56,NA
2020-2021,10/01/2020,Troy,Sun Belt,@ South Alabama,W 3-2,5,NA,56,22,156,0.218,52,8,NA,48,6,1,22,NA,12,76,NA
2020-2021,10/02/2020,Troy,Sun Belt,@ South Alabama,L 2-3,5,NA,51,34,169,0.101,47,7,10,70,6,1,16,NA,9,67,NA
2020-2021,10/22/2020(1),Troy,Sun Belt,@ Coastal Carolina,L 0-3,3,NA,31,25,103,0.058,26,4,6,44,1,1,6,2,4,39,NA
2020-2021,10/22/2020(2),Troy,Sun Belt,@ Coastal Carolina,L 2-3,5,NA,51,27,171,0.14,47,3,16,67,8,9,10,2,14,68,NA
2020-2021,10/23/2020,Troy,Sun Belt,@ Coastal Carolina,L 1-3,4,NA,37,25,126,0.095,35,6,13,60,5,2,8,1,6,49,NA
2020-2021,10/30/2020,Troy,Sun Belt,South Alabama,W 3-2,5,NA,56,39,156,0.109,54,12,13,54,7,NA,6,NA,3,71,NA
2020-2021,10/31/2020,Troy,Sun Belt,South Alabama,W 3-1,4,NA,57,19,151,0.252,56,8,11,65,8,NA,15,NA,7.5,72.5,1
2020-2021,11/06/2020(1),Troy,Sun Belt,App State,W 3-1,4,NA,49,35,149,0.094,46,NA,14,61,6,3,10,NA,8,71,NA
2020-2021,11/06/2020(2),Troy,Sun Belt,App State,W 3-1,4,NA,54,28,145,0.179,49,5,10,66,9,2,24,1,14,73,NA
2020-2021,11/07/2020,Troy,Sun Belt,App State,W 3-1,4,NA,48,25,139,0.165,45,9,12,61,5,1,16,1,9,66,NA
2020-2021,11/12/2020(1),Troy,Sun Belt,@ Ga. Southern,L 0-3,3,NA,37,23,127,0.11,36,3,8,52,4,NA,6,NA,3,43,NA
2020-2021,11/12/2020(2),Troy,Sun Belt,@ Ga. Southern,W 3-0,3,NA,41,23,106,0.17,38,6,6,42,NA,2,8,1,6,53,NA
2020-2021,11/13/2020,Troy,Sun Belt,@ Ga. Southern,L 0-3,3,NA,31,14,104,0.163,28,1,4,38,5,1,6,1,4,36,NA
2020-2021,11/18/2020,Troy,Sun Belt,"#5 Ga. Southern @Foley, AL (20-21 WVB Sun Belt Championship)",L 2-3,5,NA,56,NA,181,0.055,51,5,12,85,8,2,16,NA,10,71,2
2020-2021,11/20/2020,Troy,Sun Belt,"#3 UT Arlington @Foley, AL (20-21 WVB Sun Belt Championship)",W 3-1,4,NA,60,29,130,0.238,60,7,7,55,3,2,12,NA,8,75,NA
2020-2021,11/21/2020,Troy,Sun Belt,"#1 Texas St. @Foley, AL (20-21 WVB Sun Belt Championship)",L 1-3,4,NA,44,27,161,0.106,43,6,7,66,5,NA,8,1,4,54,NA
2020-2021,02/26/2021,Troy,Sun Belt,@ Florida St.,L 0-3,3,NA,26,29,105,-0.029,24,5,8,32,6,NA,10,NA,5,36,NA
2020-2021,09/11/2020,ULM,Sun Belt,"Lamar University @Nacogdoches, TX",W 3-1,4,NA,57,24,177,0.186,50,7,10,98,6,NA,12,NA,6,70,2
2020-2021,09/11/2020,ULM,Sun Belt,@ SFA,L 0-3,3,NA,25,23,112,0.018,23,1,5,58,9,2,2,NA,3,29,4
2020-2021,09/12/2020,ULM,Sun Belt,"Houston Christian @Nacogdoches, TX",L 0-3,3,NA,34,19,115,0.13,31,1,7,48,6,1,2,NA,2,37,4
2020-2021,09/25/2020(1),ULM,Sun Belt,@ Texas St.,L 0-3,3,NA,27,15,107,0.112,23,1,4,33,5,NA,6,NA,3,31,4
2020-2021,09/25/2020(2),ULM,Sun Belt,@ Texas St.,L 0-3,3,NA,24,25,104,-0.01,23,3,5,42,5,NA,10,NA,5,32,1
2020-2021,09/26/2020,ULM,Sun Belt,@ Texas St.,L 0-3,3,NA,20,19,103,0.01,18,2,5,35,6,1,6,2,4,26,NA
2020-2021,10/02/2020,ULM,Sun Belt,Louisiana,L 1-3,4,NA,35,24,159,0.069,31,7,5,57,4,3,6,NA,6,48,NA
2020-2021,10/03/2020,ULM,Sun Belt,Louisiana,L 0-3,3,NA,27,22,130,0.038,26,2,6,70,2,4,2,NA,5,34,8
2020-2021,10/08/2020,ULM,Sun Belt,@ Arkansas St.,L 0-3,3,NA,33,25,136,0.059,32,2,8,69,3,1,4,NA,3,38,2
2020-2021,10/09/2020(1),ULM,Sun Belt,@ Arkansas St.,L 1-3,4,NA,49,35,171,0.082,46,3,11,62,2,4,NA,2,4,56,2
2020-2021,10/09/2020(2),ULM,Sun Belt,@ Arkansas St.,L 0-3,3,NA,17,28,94,-0.117,17,NA,NA,45,9,1,2,NA,2,19,4
2020-2021,10/16/2020,ULM,Sun Belt,Central Ark.,L 0-3,3,NA,36,19,117,0.145,35,5,4,44,3,6,4,NA,8,49,NA
2020-2021,10/18/2020,ULM,Sun Belt,@ Central Ark.,L 1-3,4,NA,38,21,136,0.125,36,6,9,50,8,2,6,4,5,49,3
2020-2021,10/23/2020(1),ULM,Sun Belt,UT Arlington,L 1-3,4,NA,47,29,183,0.098,36,4,8,66,2,1,8,NA,5,56,3
2020-2021,10/23/2020(2),ULM,Sun Belt,UT Arlington,L 0-3,3,NA,36,14,119,0.185,35,1,8,49,12,2,6,NA,5,42,NA
2020-2021,10/24/2020,ULM,Sun Belt,UT Arlington,L 0-3,3,NA,32,18,123,0.114,29,6,4,46,4,2,8,NA,6,44,1
2020-2021,10/30/2020,ULM,Sun Belt,@ Louisiana,L 0-3,3,NA,29,23,106,0.057,27,2,4,36,5,2,6,1,5,36,6
2020-2021,10/31/2020,ULM,Sun Belt,@ Louisiana,L 0-3,3,NA,31,16,118,0.127,30,NA,6,53,2,3,8,2,7,38,2
2020-2021,11/06/2020(1),ULM,Sun Belt,Little Rock,L 0-3,3,NA,20,16,107,0.037,20,1,8,33,7,NA,9,NA,4.5,25.5,NA
2020-2021,11/06/2020(2),ULM,Sun Belt,Little Rock,L 0-3,3,NA,39,23,151,0.106,37,4,6,75,8,1,4,NA,3,46,NA
2020-2021,11/07/2020,ULM,Sun Belt,Little Rock,L 1-3,4,NA,46,28,163,0.11,43,8,5,79,5,2,12,NA,8,62,NA
2020-2021,11/18/2020,ULM,Sun Belt,"#1 Texas St. @Foley, AL (20-21 WVB Sun Belt Championship)",L 0-3,3,NA,30,19,95,0.116,28,2,9,35,8,NA,10,NA,5,37,1
2020-2021,11/19/2020,ULM,Sun Belt,"#4 South Alabama @Foley, AL (20-21 WVB Sun Belt Championship)",L 0-3,3,NA,19,11,74,0.108,18,3,14,22,8,2,6,2,5,27,NA
2020-2021,10/09/2020(1),UT Arlington,Sun Belt,@ Little Rock,W 3-1,4,NA,53,20,149,0.221,48,13,4,76,10,1,26,2,14,80,3
2020-2021,10/09/2020(2),UT Arlington,Sun Belt,@ Little Rock,W 3-0,3,NA,44,17,109,0.248,41,10,6,53,4,2,12,NA,8,62,NA
2020-2021,10/10/2020,UT Arlington,Sun Belt,@ Little Rock,W 3-2,5,NA,76,26,203,0.246,71,6,2,96,2,2,15,6,9.5,91.5,1
2020-2021,10/16/2020(1),UT Arlington,Sun Belt,Arkansas St.,W 3-1,4,NA,57,23,222,0.153,51,4,5,113,3,1,4,NA,3,64,1
2020-2021,10/16/2020(2),UT Arlington,Sun Belt,Arkansas St.,W 3-2,5,NA,60,30,193,0.155,54,7,2,94,5,3,18,NA,12,79,3
2020-2021,10/17/2020,UT Arlington,Sun Belt,Arkansas St.,L 1-3,4,NA,68,25,192,0.224,64,3,8,83,1,4,4,NA,6,77,1
2020-2021,10/23/2020(1),UT Arlington,Sun Belt,@ ULM,W 3-1,4,NA,53,14,169,0.231,45,2,10,67,4,1,10,NA,6,61,1
2020-2021,10/23/2020(2),UT Arlington,Sun Belt,@ ULM,W 3-0,3,NA,38,9,125,0.232,33,12,3,53,1,1,6,NA,4,54,2
2020-2021,10/24/2020,UT Arlington,Sun Belt,@ ULM,W 3-0,3,NA,49,15,120,0.283,44,4,4,57,6,3,14,NA,10,63,2
2020-2021,10/30/2020,UT Arlington,Sun Belt,Texas St.,L 0-3,3,NA,36,18,114,0.158,30,1,3,47,3,2,NA,2,2,39,NA
2020-2021,10/31/2020,UT Arlington,Sun Belt,Texas St.,L 0-3,3,NA,35,24,120,0.092,32,1,4,45,2,3,NA,2,3,39,2
2020-2021,11/06/2020(1),UT Arlington,Sun Belt,Louisiana,L 2-3,5,NA,63,20,205,0.21,60,3,6,105,6,9,2,2,10,76,2
2020-2021,11/06/2020(2),UT Arlington,Sun Belt,Louisiana,L 1-3,4,NA,39,30,179,0.05,35,3,8,93,5,NA,2,1,16,58,2
2020-2021,11/07/2020,UT Arlington,Sun Belt,Louisiana,W 3-1,4,NA,56,19,181,0.204,53,2,2,96,3,6,4,1,8,66,2
2020-2021,11/13/2020,UT Arlington,Sun Belt,@ Texas St.,L 0-3,3,NA,29,14,114,0.132,29,NA,5,50,2,2,6,1,5,34,7
2020-2021,11/14/2020,UT Arlington,Sun Belt,@ Texas St.,W 3-0,3,NA,43,15,114,0.246,40,3,6,60,2,1,20,2,11,57,3
2020-2021,11/19/2020,UT Arlington,Sun Belt,"#5 Ga. Southern @Foley, AL (20-21 WVB Sun Belt Championship)",W 3-1,4,NA,50,13,133,0.278,48,5,3,65,1,2,19,NA,11.5,66.5,7
2020-2021,11/20/2020,UT Arlington,Sun Belt,"#2 Troy @Foley, AL (20-21 WVB Sun Belt Championship)",L 1-3,4,NA,43,22,128,0.164,41,3,3,36,7,3,22,2,14,60,2
2020-2021,01/29/2021,UT Arlington,Sun Belt,@ Abilene Christian,W 3-2,5,NA,45,22,156,0.147,43,7,5,72,3,1,26,NA,14,66,2
2020-2021,01/30/2021,UT Arlington,Sun Belt,@ Abilene Christian,L 2-3,5,NA,61,31,188,0.16,60,4,6,77,8,NA,20,3,10,75,2
2020-2021,02/05/2021,UT Arlington,Sun Belt,@ Tarleton St.,W 3-2,5,NA,70,21,181,0.271,66,10,9,79,5,2,2,2,3,83,2
2020-2021,02/06/2021,UT Arlington,Sun Belt,@ Tarleton St.,L 0-3,3,NA,39,12,119,0.227,36,7,2,46,6,3,4,NA,5,51,4
2020-2021,02/11/2021,UT Arlington,Sun Belt,@ North Texas,L 0-3,3,NA,44,18,121,0.215,35,7,2,48,5,NA,8,2,4,55,2
2020-2021,03/05/2021,UT Arlington,Sun Belt,TCU,Canceled,NA,NA,NA,NA,NA,NA,NA,NA,NA,NA,NA,NA,NA,NA,NA,NA,NA
2020-2021,03/06/2021,UT Arlington,Sun Belt,@ TCU,Canceled,NA,NA,NA,NA,NA,NA,NA,NA,NA,NA,NA,NA,NA,NA,NA,NA,NA
2020-2021,01/29/2021,Cincinnati,The American,@ Illinois St.,W 3-1,4,NA,62,20,162,0.259,61,4,6,74,9,1,12,1,7,73,NA
2020-2021,01/30/2021,Cincinnati,The American,@ Illinois St.,L 0-3,3,NA,33,15,123,0.146,33,2,5,54,9,NA,6,NA,3,38,NA
2020-2021,02/05/2021,Cincinnati,The American,@ Xavier,W 3-1,4,NA,59,25,171,0.199,57,NA,3,82,5,2,4,2,4,76,NA
2020-2021,02/06/2021,Cincinnati,The American,Xavier,L 1-3,4,NA,55,34,170,0.124,52,6,3,67,3,NA,2,2,1,62,NA
2020-2021,02/11/2021,Cincinnati,The American,East Carolina,W 3-1,4,NA,66,34,175,0.183,63,10,11,81,5,1,10,1,6,82,1
2020-2021,02/12/2021,Cincinnati,The American,East Carolina,W 3-0,3,NA,45,18,137,0.197,39,5,7,58,4,2,6,1,5,55,2
2020-2021,02/20/2021,Cincinnati,The American,@ Butler,Canceled,NA,NA,NA,NA,NA,NA,NA,NA,NA,NA,NA,NA,NA,NA,NA,NA,NA
2020-2021,02/23/2021,Cincinnati,The American,@ Northern Ky.,L 0-3,3,NA,38,18,108,0.185,33,2,4,43,6,NA,6,NA,3,43,NA
2020-2021,03/04/2021,Cincinnati,The American,@ South Fla.,W 3-2,5,NA,62,22,162,0.247,57,10,8,77,7,4,8,NA,8,80,1
2020-2021,03/05/2021,Cincinnati,The American,@ South Fla.,W 3-2,5,NA,53,24,140,0.207,50,7,10,48,4,2,16,NA,10,70,NA
2020-2021,03/12/2021,Cincinnati,The American,UCF,L 0-3,3,NA,30,22,112,0.071,28,7,5,34,5,1,NA,2,1,38,NA
2020-2021,03/13/2021,Cincinnati,The American,UCF,L 0-3,3,NA,35,26,115,0.078,33,3,7,38,3,1,8,NA,5,43,2
2020-2021,03/26/2021,Cincinnati,The American,@ Temple,L 1-3,4,NA,50,31,162,0.117,48,6,6,66,7,3,12,2,9,65,NA
2020-2021,03/27/2021,Cincinnati,The American,@ Temple,L 2-3,5,NA,73,33,190,0.211,70,5,8,73,6,1,17,NA,9.5,87.5,1
2020-2021,02/05/2021,East Carolina,The American,@ N.C. A&T,W 3-1,4,NA,54,22,150,0.213,48,7,5,70,8,NA,14,NA,7,68,2
2020-2021,02/11/2021,East Carolina,The American,@ Cincinnati,L 1-3,4,NA,43,19,151,0.159,41,5,5,69,10,4,14,NA,11,59,1
2020-2021,02/12/2021,East Carolina,The American,@ Cincinnati,L 0-3,3,NA,43,19,125,0.192,39,4,10,62,5,NA,10,3,5,52,1
2020-2021,02/18/2021,East Carolina,The American,South Fla.,L 1-3,4,NA,44,18,137,0.19,44,4,4,69,3,2,14,3,9,57,1
2020-2021,02/19/2021,East Carolina,The American,South Fla.,L 2-3,5,NA,59,24,186,0.188,58,3,5,91,7,2,12,1,8,70,1
2020-2021,02/28/2021,East Carolina,The American,North Carolina,W 3-0,3,NA,31,15,101,0.158,30,1,4,51,3,2,18,1,11,43,NA
2020-2021,03/05/2021,East Carolina,The American,@ UCF,L 0-3,3,NA,24,14,109,0.092,22,3,1,52,9,3,6,NA,6,33,3
2020-2021,03/06/2021,East Carolina,The American,@ UCF,L 1-3,4,NA,51,22,156,0.186,47,4,6,65,6,1,12,1,7,62,1
2020-2021,03/12/2021,East Carolina,The American,Temple,W 3-0,3,NA,45,17,137,0.204,42,3,7,73,3,NA,8,3,4,52,1
2020-2021,03/13/2021,East Carolina,The American,Temple,L 1-3,4,NA,56,19,161,0.23,54,2,4,74,4,3,14,1,10,68,1
2020-2021,03/21/2021,East Carolina,The American,@ Davidson,W 3-2,5,NA,68,27,198,0.207,59,4,8,94,2,NA,8,NA,12,84,1
2020-2021,03/26/2021,East Carolina,The American,N.C. A&T,L 2-3,5,NA,53,30,161,0.143,47,7,6,77,5,2,10,2,7,67,3
2020-2021,01/23/2021,Houston,The American,@ Rice,L 2-3,5,NA,64,34,172,0.174,59,4,10,67,2,2,4,NA,4,72,1
2020-2021,01/24/2021,Houston,The American,Rice,W 3-0,3,NA,45,18,129,0.209,40,3,2,60,2,3,10,NA,8,56,NA
2020-2021,01/28/2021(1),Houston,The American,SFA,W 3-1,4,NA,64,16,147,0.327,59,3,10,73,5,4,6,NA,7,74,NA
2020-2021,01/28/2021(2),Houston,The American,SFA,W 3-0,3,NA,40,10,84,0.357,37,8,5,46,1,2,4,NA,4,52,NA
2020-2021,02/04/2021,Houston,The American,Prairie View,Canceled,NA,NA,NA,NA,NA,NA,NA,NA,NA,NA,NA,NA,NA,NA,NA,NA,NA
2020-2021,02/11/2021,Houston,The American,@ SMU,W 3-0,3,NA,44,6,109,0.349,43,5,8,49,3,2,14,3,9,58,1
2020-2021,02/12/2021,Houston,The American,@ SMU,W 3-2,5,NA,NA,29,202,0.243,NA,5,13,80,7,4,14,1,11,NA,1
2020-2021,02/20/2021,Houston,The American,Tulane,W 3-1,4,NA,57,14,131,0.328,53,11,4,54,3,3,6,NA,6,74,1
2020-2021,02/21/2021,Houston,The American,Tulane,W 3-1,4,NA,48,25,142,0.162,43,2,5,55,NA,5,26,2,NA,68,NA
2020-2021,02/25/2021,Houston,The American,Texas Tech,W 3-0,3,NA,40,23,113,0.15,33,5,2,48,2,3,2,2,4,49,NA
2020-2021,02/26/2021,Houston,The American,Texas Tech,L 2-3,5,NA,65,33,173,0.185,61,6,8,69,6,6,14,1,13,84,NA
2020-2021,03/05/2021,Houston,The American,@ Tulsa,W 3-1,4,NA,70,23,187,0.251,63,4,10,81,4,2,10,2,7,81,NA
2020-2021,03/06/2021,Houston,The American,@ Tulsa,W 3-1,4,NA,69,20,170,0.288,62,6,10,77,3,1,8,1,5,80,NA
2020-2021,03/11/2021,Houston,The American,Memphis,W 3-2,5,NA,64,25,197,0.198,59,11,16,90,4,1,18,NA,10,85,2
2020-2021,03/12/2021,Houston,The American,Memphis,W 3-0,3,NA,32,12,96,0.208,29,10,2,38,NA,3,14,1,10,52,NA
2020-2021,03/18/2021,Houston,The American,Baylor,L 2-3,5,NA,51,28,173,0.133,48,4,10,65,5,5,16,NA,13,68,1
2020-2021,03/20/2021,Houston,The American,Texas St.,L 1-3,4,NA,44,24,145,0.138,40,3,9,56,3,NA,8,NA,4,51,2
2020-2021,03/26/2021,Houston,The American,@ Wichita St.,L 1-3,4,NA,53,28,180,0.139,50,4,6,80,2,3,6,4,6,63,1
2020-2021,03/27/2021,Houston,The American,@ Wichita St.,W 3-0,3,NA,42,13,135,0.215,39,3,6,65,2,2,6,2,5,50,NA
2020-2021,04/02/2021,Houston,The American,"#2 Temple @Cincinnati , OH (20-21 WVB AAC Volleyball Championship)",L 1-3,4,NA,58,17,156,0.263,57,4,5,73,9,3,8,2,7,69,NA
2020-2021,01/22/2021,Memphis,The American,Southern Ill.,W 3-1,4,NA,56,23,151,0.219,53,7,6,78,4,NA,12,2,6,69,2
2020-2021,01/23/2021,Memphis,The American,Southern Ill.,L 2-3,5,NA,72,28,NA,0.203,69,8,8,103,5,NA,6,2,3,83,3
2020-2021,01/29/2021,Memphis,The American,Louisiana Tech,W 3-0,3,NA,40,15,105,0.238,35,7,5,53,NA,2,10,1,7,54,2
2020-2021,01/30/2021,Memphis,The American,Louisiana Tech,W 3-0,3,NA,47,10,112,0.33,45,2,9,57,2,NA,8,1,4,53,1
2020-2021,02/12/2021,Memphis,The American,@ Tulane,L 1-3,4,NA,42,34,173,0.046,36,1,2,80,4,2,8,3,6,49,4
2020-2021,02/13/2021,Memphis,The American,@ Tulane,L 0-3,3,NA,36,18,128,0.141,36,3,4,60,5,1,4,NA,3,42,2
2020-2021,02/25/2021,Memphis,The American,Tulsa,L 1-3,4,NA,61,28,173,0.191,59,5,10,79,3,2,10,4,7,73,1
2020-2021,02/26/2021,Memphis,The American,Tulsa,L 0-3,3,NA,33,15,127,0.142,32,2,3,58,3,1,8,3,5,40,3
2020-2021,03/04/2021,Memphis,The American,@ Wichita St.,W 3-2,5,NA,59,NA,193,0.098,58,4,3,84,1,2,14,2,9,72,NA
2020-2021,03/05/2021,Memphis,The American,@ Wichita St.,W 3-1,4,NA,62,34,174,0.161,58,6,8,83,4,3,8,1,7,75,NA
2020-2021,03/11/2021,Memphis,The American,@ Houston,L 2-3,5,NA,57,29,191,0.147,54,4,9,91,11,4,18,NA,13,74,1
2020-2021,03/12/2021,Memphis,The American,@ Houston,L 0-3,3,NA,35,27,108,0.074,33,NA,6,43,10,NA,6,NA,3,38,NA
2020-2021,03/26/2021,Memphis,The American,SMU,Canceled,NA,NA,NA,NA,NA,NA,NA,NA,NA,NA,NA,NA,NA,NA,NA,NA,NA
2020-2021,03/27/2021,Memphis,The American,SMU,Canceled,NA,NA,NA,NA,NA,NA,NA,NA,NA,NA,NA,NA,NA,NA,NA,NA,NA
2020-2021,01/22/2021,SMU,The American,@ North Texas,Canceled,NA,NA,NA,NA,NA,NA,NA,NA,NA,NA,NA,NA,NA,NA,NA,NA,NA
2020-2021,01/23/2021,SMU,The American,@ North Texas,Canceled,NA,NA,NA,NA,NA,NA,NA,NA,NA,NA,NA,NA,NA,NA,NA,NA,NA
2020-2021,01/29/2021,SMU,The American,Rice,W 3-2,5,NA,64,18,182,0.253,59,4,9,83,4,1,8,NA,5,73,NA
2020-2021,01/30/2021,SMU,The American,Rice,W 3-0,3,NA,44,10,115,0.296,39,2,3,49,3,4,8,NA,8,54,NA
2020-2021,02/04/2021,SMU,The American,UTSA,W 3-0,3,NA,47,10,102,0.363,40,1,10,49,1,1,10,NA,6,54,NA
2020-2021,02/05/2021,SMU,The American,UTSA,W 3-2,5,NA,73,30,200,0.215,62,7,7,NA,4,NA,8,3,4,84,NA
2020-2021,02/11/2021,SMU,The American,Houston,L 0-3,3,NA,39,22,116,0.147,36,3,4,55,5,NA,2,1,1,43,NA
2020-2021,02/12/2021,SMU,The American,Houston,L 2-3,5,NA,61,26,175,0.2,54,7,6,83,5,2,20,5,12,80,3
2020-2021,02/26/2021,SMU,The American,@ Wichita St.,L 1-3,4,NA,45,29,150,0.107,38,6,8,62,8,1,18,3,10,61,1
2020-2021,02/27/2021,SMU,The American,@ Wichita St.,W 3-2,5,NA,61,30,199,0.156,52,4,7,95,4,2,18,NA,11,76,NA
2020-2021,03/04/2021,SMU,The American,Tulane,L 1-3,4,NA,56,25,172,0.18,48,3,8,70,4,4,14,2,11,70,NA
2020-2021,03/05/2021,SMU,The American,Tulane,W 3-1,4,NA,56,22,145,0.234,51,1,5,57,4,4,20,5,14,71,NA
2020-2021,03/12/2021,SMU,The American,Tulsa,W 3-0,3,NA,49,22,134,0.201,46,5,2,59,2,NA,10,NA,5,59,4
2020-2021,03/13/2021,SMU,The American,Tulsa,W 3-0,3,NA,45,13,113,0.283,40,4,3,58,3,2,18,NA,11,60,1
2020-2021,03/19/2021,SMU,The American,Texas Tech,L 2-3,5,NA,67,21,180,0.256,59,6,1,95,5,5,10,4,10,83,NA
2020-2021,03/20/2021,SMU,The American,Texas Tech,L 2-3,5,NA,65,26,168,0.232,56,6,3,66,5,1,10,NA,6,77,2
2020-2021,03/26/2021,SMU,The American,@ Memphis,Canceled,NA,NA,NA,NA,NA,NA,NA,NA,NA,NA,NA,NA,NA,NA,NA,NA,NA
2020-2021,03/27/2021,SMU,The American,@ Memphis,Canceled,NA,NA,NA,NA,NA,NA,NA,NA,NA,NA,NA,NA,NA,NA,NA,NA,NA
2020-2021,01/22/2021,South Fla.,The American,@ North Florida,W 3-2,5,NA,58,31,180,0.15,51,10,NA,76,4,4,18,2,13,81,1
2020-2021,01/23/2021,South Fla.,The American,North Florida,W 3-1,4,NA,48,19,133,0.218,45,7,15,43,7,1,24,4,13,68,NA
2020-2021,01/29/2021,South Fla.,The American,FGCU,L 2-3,5,NA,62,29,160,0.206,59,8,17,55,9,6,8,NA,10,80,NA
2020-2021,01/30/2021,South Fla.,The American,FGCU,L 0-3,3,NA,40,20,106,0.189,37,6,3,46,8,4,2,NA,5,51,NA
2020-2021,02/12/2021,South Fla.,The American,Temple,W 3-2,5,NA,65,33,168,0.19,62,4,14,66,11,2,12,NA,8,77,1
2020-2021,02/13/2021,South Fla.,The American,Temple,L 1-3,4,NA,59,29,157,0.191,56,5,9,62,5,3,8,NA,7,71,1
2020-2021,02/18/2021,South Fla.,The American,@ East Carolina,W 3-1,4,NA,60,19,153,0.268,53,3,13,67,4,NA,6,4,3,66,2
2020-2021,02/19/2021,South Fla.,The American,@ East Carolina,W 3-2,5,NA,66,29,196,0.189,63,7,7,97,3,1,16,NA,9,82,2
2020-2021,03/04/2021,South Fla.,The American,Cincinnati,L 2-3,5,NA,53,23,163,0.184,53,7,12,65,10,5,12,NA,11,71,NA
2020-2021,03/05/2021,South Fla.,The American,Cincinnati,L 2-3,5,NA,57,27,138,0.217,55,4,10,53,7,6,16,NA,14,75,1
2020-2021,03/19/2021,South Fla.,The American,Tulane,W 3-0,3,NA,42,17,106,0.236,39,10,11,45,3,2,8,NA,6,58,1
2020-2021,03/20/2021,South Fla.,The American,Tulane,L 1-3,4,NA,42,23,136,0.14,39,9,12,54,4,1,14,3,8,59,2
2020-2021,03/26/2021,South Fla.,The American,@ UCF,L 0-3,3,NA,34,22,93,0.129,30,4,11,31,6,1,4,NA,3,41,1
2020-2021,03/27/2021,South Fla.,The American,@ UCF,L 0-3,3,NA,36,13,85,0.271,32,6,6,29,8,2,2,1,3,45,4
2020-2021,01/23/2021,Temple,The American,Morgan St.,W 3-2,5,NA,62,28,162,0.21,58,11,9,70,8,2,16,1,10,83,2
2020-2021,01/29/2021,Temple,The American,La Salle,Ppd,NA,NA,NA,NA,NA,NA,NA,NA,NA,NA,NA,NA,NA,NA,NA,NA,NA
2020-2021,01/30/2021,Temple,The American,UConn,W 3-1,4,NA,55,22,131,0.252,51,3,11,48,8,1,12,1,7,65,1
2020-2021,01/30/2021,Temple,The American,La Salle,Ppd,NA,NA,NA,NA,NA,NA,NA,NA,NA,NA,NA,NA,NA,NA,NA,NA,NA
2020-2021,02/05/2021,Temple,The American,Coppin St.,W 3-0,3,NA,49,16,129,0.256,45,3,3,58,3,NA,6,NA,3,55,NA
2020-2021,02/06/2021,Temple,The American,St. John's (NY),W 3-0,3,NA,43,17,92,0.283,40,2,3,34,NA,3,6,1,6,51,NA
2020-2021,02/12/2021,Temple,The American,@ South Fla.,L 2-3,5,NA,51,22,149,0.195,46,11,4,63,4,2,14,NA,9,71,NA
2020-2021,02/13/2021,Temple,The American,@ South Fla.,W 3-1,4,NA,53,19,138,0.246,49,5,4,61,5,1,12,NA,7,65,1
2020-2021,02/18/2021,Temple,The American,UCF,L 0-3,3,NA,46,26,140,0.143,43,4,3,76,5,2,12,2,8,58,NA
2020-2021,02/19/2021,Temple,The American,UCF,L 0-3,3,NA,26,20,100,0.06,25,NA,4,45,11,3,8,NA,7,33,NA
2020-2021,02/26/2021,Temple,The American,Delaware,W 3-2,5,NA,63,14,183,0.268,49,4,3,91,7,NA,20,NA,10,77,NA
2020-2021,02/26/2021,Temple,The American,Seton Hall,Ppd,NA,NA,NA,NA,NA,NA,NA,NA,NA,NA,NA,NA,NA,NA,NA,NA,NA
2020-2021,02/27/2021,Temple,The American,Towson,L 1-3,4,NA,51,24,152,0.178,44,3,5,62,8,2,4,2,4,58,1
2020-2021,03/07/2021,Temple,The American,UConn,W 3-1,4,NA,64,19,166,0.271,61,5,9,79,7,1,8,2,5,74,3
2020-2021,03/12/2021,Temple,The American,@ East Carolina,L 0-3,3,NA,34,21,138,0.094,33,3,4,64,3,1,8,2,5,42,NA
2020-2021,03/13/2021,Temple,The American,@ East Carolina,W 3-1,4,NA,63,23,170,0.235,60,4,7,77,2,2,14,1,9,76,1
2020-2021,03/26/2021,Temple,The American,Cincinnati,W 3-1,4,NA,53,22,153,0.203,49,7,4,68,6,NA,26,NA,13,73,NA
2020-2021,03/27/2021,Temple,The American,Cincinnati,W 3-2,5,NA,62,21,164,0.25,60,6,3,62,5,2,24,NA,14,82,NA
2020-2021,04/02/2021,Temple,The American,"#1 Houston @Cincinnati , OH (20-21 WVB AAC Volleyball Championship)",W 3-1,4,NA,61,14,157,0.299,58,9,4,68,4,3,14,1,10,80,NA
2020-2021,04/03/2021,Temple,The American,"#1 UCF @Cincinnati, OH (20-21 WVB AAC Volleyball Championship)",L 1-3,4,NA,52,20,159,0.201,52,6,6,60,5,1,6,4,4,62,1
2020-2021,01/22/2021,Tulane,The American,@ Southern Miss.,W 3-0,3,NA,41,19,121,0.182,36,4,4,65,5,NA,20,NA,10,55,1
2020-2021,01/23/2021,Tulane,The American,"New Orleans @Hattiesburg, MS",W 3-2,5,NA,66,35,199,0.156,61,6,12,88,3,2,10,NA,7,79,1
2020-2021,01/28/2021,Tulane,The American,UTSA,Canceled,NA,NA,NA,NA,NA,NA,NA,NA,NA,NA,NA,NA,NA,NA,NA,NA,NA
2020-2021,01/28/2021,Tulane,The American,Southeastern La.,L 1-3,4,NA,61,23,153,0.248,57,4,6,62,5,NA,20,1,10,75,4
2020-2021,01/29/2021,Tulane,The American,UTSA,Canceled,NA,NA,NA,NA,NA,NA,NA,NA,NA,NA,NA,NA,NA,NA,NA,NA,NA
2020-2021,01/30/2021(1),Tulane,The American,SFA,L 1-3,4,NA,45,33,158,0.076,42,8,13,69,3,2,16,NA,10,63,4
2020-2021,01/30/2021(2),Tulane,The American,SFA,L 0-3,3,NA,28,19,115,0.078,24,4,7,53,6,1,14,NA,8,40,3
2020-2021,02/05/2021,Tulane,The American,@ UCF,L 1-3,4,NA,45,20,122,0.205,42,1,5,49,9,1,10,1,6,52,1
2020-2021,02/06/2021,Tulane,The American,@ UCF,L 1-3,4,NA,54,19,143,0.245,52,1,3,63,10,3,8,1,7,62,2
2020-2021,02/12/2021,Tulane,The American,Memphis,W 3-1,4,NA,53,19,159,0.214,51,4,13,85,1,7,16,2,15,72,NA
2020-2021,02/13/2021,Tulane,The American,Memphis,W 3-0,3,NA,45,13,130,0.246,39,5,8,60,3,NA,10,NA,5,55,1
2020-2021,02/20/2021,Tulane,The American,@ Houston,L 1-3,4,NA,45,21,127,0.189,45,3,3,50,11,1,8,NA,5,53,1
2020-2021,02/21/2021,Tulane,The American,@ Houston,L 1-3,4,NA,48,34,146,0.096,48,NA,6,61,2,4,8,2,8,56,2
2020-2021,02/26/2021,Tulane,The American,Texas St.,Canceled,NA,NA,NA,NA,NA,NA,NA,NA,NA,NA,NA,NA,NA,NA,NA,NA,NA
2020-2021,02/28/2021,Tulane,The American,Texas Tech,Canceled,NA,NA,NA,NA,NA,NA,NA,NA,NA,NA,NA,NA,NA,NA,NA,NA,NA
2020-2021,03/04/2021,Tulane,The American,@ SMU,W 3-1,4,NA,66,29,173,0.214,59,4,9,81,3,NA,20,1,10,80,NA
2020-2021,03/05/2021,Tulane,The American,@ SMU,L 1-3,4,NA,59,27,145,0.221,55,4,9,54,1,2,16,NA,10,73,NA
2020-2021,03/12/2021,Tulane,The American,Wichita St.,W 3-1,4,NA,63,15,134,0.358,61,3,6,57,5,NA,14,2,7,73,2
2020-2021,03/13/2021,Tulane,The American,Wichita St.,W 3-2,5,NA,56,22,164,0.207,53,4,5,72,6,1,8,1,5,65,1
2020-2021,03/19/2021,Tulane,The American,@ South Fla.,L 0-3,3,NA,30,13,92,0.185,29,3,7,45,10,2,8,1,6,39,3
2020-2021,03/20/2021,Tulane,The American,@ South Fla.,W 3-1,4,NA,52,22,139,0.216,44,4,7,60,9,1,16,2,9,65,1
2020-2021,03/26/2021,Tulane,The American,@ Tulsa,W 3-1,4,NA,57,23,174,0.195,48,4,5,85,2,2,8,1,6,67,2
2020-2021,03/27/2021,Tulane,The American,@ Tulsa,W 3-0,3,NA,44,19,127,0.197,40,6,7,63,4,1,16,1,9,59,NA
2020-2021,04/02/2021,Tulane,The American,"#1 UCF @Cincinnati , OH (20-21 WVB AAC Volleyball Championship)",L 2-3,5,NA,58,23,186,0.188,57,6,8,96,9,1,16,1,9,73,NA
2020-2021,02/11/2021,Tulsa,The American,Wichita St.,L 0-3,3,NA,32,15,101,0.168,27,3,8,50,5,2,8,2,6,41,3
2020-2021,02/12/2021,Tulsa,The American,Wichita St.,L 1-3,4,NA,44,26,161,0.112,42,4,7,74,9,6,10,4,11,59,NA
2020-2021,02/25/2021,Tulsa,The American,@ Memphis,W 3-1,4,NA,53,11,150,0.28,50,3,9,75,5,1,16,4,9,65,4
2020-2021,02/26/2021,Tulsa,The American,@ Memphis,W 3-0,3,NA,51,10,127,0.323,50,3,5,69,2,1,6,1,4,58,4
2020-2021,03/05/2021,Tulsa,The American,Houston,L 1-3,4,NA,48,17,157,0.197,46,4,6,80,4,4,12,1,10,62,1
2020-2021,03/06/2021,Tulsa,The American,Houston,L 1-3,4,NA,47,14,143,0.231,46,3,6,67,6,NA,8,3,4,54,1
2020-2021,03/12/2021,Tulsa,The American,@ SMU,L 0-3,3,NA,38,16,118,0.186,35,2,7,56,5,NA,26,NA,13,53,3
2020-2021,03/13/2021,Tulsa,The American,@ SMU,L 0-3,3,NA,22,21,109,0.009,21,3,5,53,4,NA,6,NA,3,28,NA
2020-2021,03/26/2021,Tulsa,The American,Tulane,L 1-3,4,NA,53,20,174,0.19,50,2,10,80,4,3,10,1,8,63,1
2020-2021,03/27/2021,Tulsa,The American,Tulane,L 0-3,3,NA,31,17,123,0.114,27,4,6,55,6,3,12,1,9,44,1
2020-2021,01/26/2021,UCF,The American,Fla. Atlantic,W 3-1,4,NA,51,13,106,0.358,47,7,8,46,NA,NA,24,1,12,70,4
2020-2021,01/28/2021,UCF,The American,Stetson,Canceled,NA,NA,NA,NA,NA,NA,NA,NA,NA,NA,NA,NA,NA,NA,NA,NA,NA
2020-2021,01/30/2021,UCF,The American,North Florida,W 3-0,3,NA,43,8,98,0.357,40,1,8,39,2,5,16,NA,13,57,3
2020-2021,01/31/2021,UCF,The American,North Florida,W 3-0,3,NA,38,7,96,0.323,34,6,6,34,4,2,12,NA,8,52,1
2020-2021,02/05/2021,UCF,The American,Tulane,W 3-1,4,NA,56,19,129,0.287,49,9,6,49,1,1,14,NA,8,73,5
2020-2021,02/06/2021,UCF,The American,Tulane,W 3-1,4,NA,58,19,153,0.255,55,10,6,59,1,2,20,1,12,80,4
2020-2021,02/09/2021,UCF,The American,@ Jacksonville,W 3-0,3,NA,40,21,111,0.171,38,8,4,56,1,2,18,NA,11,59,NA
2020-2021,02/18/2021,UCF,The American,@ Temple,W 3-0,3,NA,44,19,144,0.174,41,5,2,60,4,1,24,2,13,62,NA
2020-2021,02/19/2021,UCF,The American,@ Temple,W 3-0,3,NA,39,17,103,0.214,35,11,3,46,NA,2,17,1,10.5,60.5,1
2020-2021,02/26/2021,UCF,The American,@ Florida St.,L 2-3,5,NA,56,28,180,0.156,54,9,9,59,10,2,14,NA,9,74,2
2020-2021,02/26/2021,UCF,The American,Miami (FL),Canceled,NA,NA,NA,NA,NA,NA,NA,NA,NA,NA,NA,NA,NA,NA,NA,NA,NA
2020-2021,02/28/2021,UCF,The American,@ Miami (FL),Canceled,NA,NA,NA,NA,NA,NA,NA,NA,NA,NA,NA,NA,NA,NA,NA,NA,NA
2020-2021,03/05/2021,UCF,The American,East Carolina,W 3-0,3,NA,48,18,120,0.25,43,9,5,66,3,1,10,NA,6,63,2
2020-2021,03/06/2021,UCF,The American,East Carolina,W 3-1,4,NA,64,22,161,0.261,60,6,8,72,4,2,12,NA,8,78,NA
2020-2021,03/12/2021,UCF,The American,@ Cincinnati,W 3-0,3,NA,42,5,87,0.425,38,5,6,42,7,NA,12,1,6,53,1
2020-2021,03/13/2021,UCF,The American,@ Cincinnati,W 3-0,3,NA,37,14,93,0.247,36,3,5,45,3,1,28,NA,15,55,1
2020-2021,03/26/2021,UCF,The American,South Fla.,W 3-0,3,NA,35,7,79,0.354,32,6,7,30,4,2,18,NA,11,52,1
2020-2021,03/27/2021,UCF,The American,South Fla.,W 3-0,3,NA,43,10,86,0.384,39,8,8,29,6,NA,14,2,7,58,1
2020-2021,04/02/2021,UCF,The American,"#2 Tulane @Cincinnati , OH (20-21 WVB AAC Volleyball Championship)",W 3-2,5,NA,62,31,201,0.154,56,9,6,87,6,4,12,4,10,81,2
2020-2021,04/03/2021,UCF,The American,"#2 Temple @Cincinnati, OH (20-21 WVB AAC Volleyball Championship)",W 3-1,4,NA,67,13,144,0.375,63,5,5,68,6,4,15,1,11.5,83.5,2
2020-2021,04/14/2021,UCF,The American,"High Point @Omaha, NE (2020 NCAA DI Women's Volleyball Championship)",L 2-3,5,NA,62,31,197,0.157,58,NA,2,87,5,NA,28,3,14,76,1
2020-2021,01/22/2021,Wichita St.,The American,"South Dakota @Springfield, MO",W 3-0,3,NA,44,13,121,0.256,41,1,8,57,6,NA,10,2,5,50,1
2020-2021,01/23/2021,Wichita St.,The American,"Oral Roberts @Springfield, MO",W 3-0,3,NA,38,8,87,0.345,32,5,3,47,7,NA,8,1,4,47,1
2020-2021,01/24/2021,Wichita St.,The American,@ Missouri St.,W 3-2,5,NA,51,26,175,0.143,44,9,8,68,NA,3,NA,2,17.5,77.5,3
2020-2021,02/04/2021,Wichita St.,The American,North Texas,W 3-0,3,NA,43,11,112,0.286,40,6,6,60,4,2,8,NA,6,55,NA
2020-2021,02/05/2021,Wichita St.,The American,North Texas,W 3-1,4,NA,52,16,150,0.24,49,7,6,81,2,NA,18,5,9,68,NA
2020-2021,02/11/2021,Wichita St.,The American,@ Tulsa,W 3-0,3,NA,43,18,118,0.212,41,5,7,50,3,NA,8,NA,4,52,NA
2020-2021,02/12/2021,Wichita St.,The American,@ Tulsa,W 3-1,4,NA,60,26,171,0.199,56,9,8,79,4,2,8,2,6,75,1
2020-2021,02/25/2021,Wichita St.,The American,@ Kansas St.,Ppd,NA,NA,NA,NA,NA,NA,NA,NA,NA,NA,NA,NA,NA,NA,NA,NA,NA
2020-2021,02/26/2021,Wichita St.,The American,SMU,W 3-1,4,NA,50,17,147,0.224,50,8,8,67,6,NA,28,2,14,72,2
2020-2021,02/27/2021,Wichita St.,The American,SMU,L 2-3,5,NA,63,31,195,0.164,59,4,8,98,4,NA,16,1,8,75,1
2020-2021,02/27/2021,Wichita St.,The American,Kansas St.,Ppd,NA,NA,NA,NA,NA,NA,NA,NA,NA,NA,NA,NA,NA,NA,NA,NA,NA
2020-2021,03/04/2021,Wichita St.,The American,Memphis,L 2-3,5,NA,66,33,196,0.168,64,1,9,83,4,NA,24,3,12,79,1
2020-2021,03/05/2021,Wichita St.,The American,Memphis,L 1-3,4,NA,47,19,158,0.177,44,4,11,69,6,1,24,5,13,64,2
2020-2021,03/12/2021,Wichita St.,The American,@ Tulane,L 1-3,4,NA,57,22,143,0.245,51,5,7,51,3,1,12,3,7,69,4
2020-2021,03/13/2021,Wichita St.,The American,@ Tulane,L 2-3,5,NA,64,23,169,0.243,59,7,8,80,4,1,12,NA,7,78,4
2020-2021,03/18/2021,Wichita St.,The American,Kansas,L 1-3,4,NA,38,26,144,0.083,37,3,4,70,6,2,10,NA,7,48,1
2020-2021,03/20/2021,Wichita St.,The American,@ Kansas,L 0-3,3,NA,41,13,110,0.255,39,1,9,41,1,1,8,2,5,47,3
2020-2021,03/26/2021,Wichita St.,The American,Houston,W 3-1,4,NA,56,19,160,0.231,53,2,9,84,4,1,28,2,15,73,NA
2020-2021,03/27/2021,Wichita St.,The American,Houston,L 0-3,3,NA,40,22,134,0.134,38,2,5,69,3,1,6,NA,4,46,NA
2020-2021,02/01/2021,California Baptist,WAC,@ Tarleton St.,W 3-0,3,NA,46,18,111,0.252,42,4,12,42,1,3,6,NA,6,56,1
2020-2021,02/02/2021,California Baptist,WAC,@ Tarleton St.,W 3-1,4,NA,56,22,146,0.233,52,8,10,63,3,2,4,NA,4,68,1
2020-2021,02/08/2021,California Baptist,WAC,Utah Valley,W 3-2,5,NA,60,20,169,0.237,60,7,6,75,7,2,12,NA,8,75,NA
2020-2021,02/08/2021,California Baptist,WAC,Chicago St.,Ppd,NA,NA,NA,NA,NA,NA,NA,NA,NA,NA,NA,NA,NA,NA,NA,NA,NA
2020-2021,02/09/2021,California Baptist,WAC,Utah Valley,L 1-3,4,NA,48,16,135,0.237,47,6,6,48,6,2,8,1,6,60,1
2020-2021,02/09/2021,California Baptist,WAC,Chicago St.,Ppd,NA,NA,NA,NA,NA,NA,NA,NA,NA,NA,NA,NA,NA,NA,NA,NA,NA
2020-2021,02/15/2021,California Baptist,WAC,@ Utah Tech,L 1-3,4,NA,46,21,146,0.171,43,4,6,57,7,NA,4,NA,2,52,1
2020-2021,02/16/2021,California Baptist,WAC,@ Utah Tech,L 0-3,3,NA,35,24,126,0.087,32,1,5,51,4,2,8,NA,6,42,1
2020-2021,02/22/2021,California Baptist,WAC,New Mexico St.,L 0-3,3,NA,25,17,94,0.085,24,2,4,27,4,NA,6,1,3,30,NA
2020-2021,02/23/2021,California Baptist,WAC,New Mexico St.,L 0-3,3,NA,27,20,98,0.071,25,1,2,32,7,NA,8,2,4,32,NA
2020-2021,03/01/2021,California Baptist,WAC,@ UTRGV,L 0-3,3,NA,35,17,127,0.142,35,1,1,58,6,1,12,4,7,43,NA
2020-2021,03/02/2021,California Baptist,WAC,@ UTRGV,W 3-0,3,NA,41,10,91,0.341,40,7,3,36,2,1,14,2,8,56,NA
2020-2021,03/08/2021,California Baptist,WAC,Grand Canyon,L 1-3,4,NA,51,24,174,0.155,51,2,7,81,3,2,14,NA,9,62,2
2020-2021,03/09/2021,California Baptist,WAC,Grand Canyon,L 0-3,3,NA,37,15,112,0.196,34,5,1,46,7,NA,6,NA,3,45,1
2020-2021,03/22/2021,California Baptist,WAC,@ Seattle U,Canceled,NA,NA,NA,NA,NA,NA,NA,NA,NA,NA,NA,NA,NA,NA,NA,NA,NA
2020-2021,03/23/2021,California Baptist,WAC,@ Seattle U,Canceled,NA,NA,NA,NA,NA,NA,NA,NA,NA,NA,NA,NA,NA,NA,NA,NA,NA
2020-2021,03/23/2021,California Baptist,WAC,@ Saint Martin's,W 3-0,3,NA,34,10,73,0.329,29,9,8,31,2,2,8,2,6,49,NA
2020-2021,01/25/2021,Chicago St.,WAC,@ UTRGV,Canceled,NA,NA,NA,NA,NA,NA,NA,NA,NA,NA,NA,NA,NA,NA,NA,NA,NA
2020-2021,01/26/2021,Chicago St.,WAC,@ UTRGV,Canceled,NA,NA,NA,NA,NA,NA,NA,NA,NA,NA,NA,NA,NA,NA,NA,NA,NA
2020-2021,02/01/2021,Chicago St.,WAC,Grand Canyon,Ppd,NA,NA,NA,NA,NA,NA,NA,NA,NA,NA,NA,NA,NA,NA,NA,NA,NA
2020-2021,02/02/2021,Chicago St.,WAC,Grand Canyon,Ppd,NA,NA,NA,NA,NA,NA,NA,NA,NA,NA,NA,NA,NA,NA,NA,NA,NA
2020-2021,02/08/2021,Chicago St.,WAC,@ California Baptist,Ppd,NA,NA,NA,NA,NA,NA,NA,NA,NA,NA,NA,NA,NA,NA,NA,NA,NA
2020-2021,02/09/2021,Chicago St.,WAC,@ California Baptist,Ppd,NA,NA,NA,NA,NA,NA,NA,NA,NA,NA,NA,NA,NA,NA,NA,NA,NA
2020-2021,02/15/2021,Chicago St.,WAC,Seattle U,Ppd,NA,NA,NA,NA,NA,NA,NA,NA,NA,NA,NA,NA,NA,NA,NA,NA,NA
2020-2021,02/16/2021,Chicago St.,WAC,Seattle U,Ppd,NA,NA,NA,NA,NA,NA,NA,NA,NA,NA,NA,NA,NA,NA,NA,NA,NA
2020-2021,02/22/2021,Chicago St.,WAC,@ Utah Valley,L 0-3,3,NA,34,16,94,0.191,32,2,8,30,11,2,8,2,6,42,NA
2020-2021,02/23/2021,Chicago St.,WAC,@ Utah Valley,L 0-3,3,NA,26,29,111,-0.027,26,4,4,47,4,1,6,5,4,34,NA
2020-2021,03/01/2021,Chicago St.,WAC,Tarleton St.,L 0-3,3,NA,40,17,126,0.183,40,2,7,56,3,2,2,NA,3,45,2
2020-2021,03/02/2021,Chicago St.,WAC,Tarleton St.,L 2-3,5,NA,65,32,198,0.167,62,6,13,89,6,1,16,3,9,80,1
2020-2021,03/15/2021,Chicago St.,WAC,@ Utah Tech,L 0-3,3,NA,42,17,129,0.194,37,NA,8,55,4,NA,6,NA,3,45,3
2020-2021,03/16/2021,Chicago St.,WAC,@ Utah Tech,L 0-3,3,NA,44,20,147,0.163,36,2,4,69,2,1,10,NA,6,52,2
2020-2021,03/22/2021,Chicago St.,WAC,New Mexico St.,L 1-3,4,NA,46,17,142,0.204,41,4,7,66,9,3,4,1,5,55,2
2020-2021,03/23/2021,Chicago St.,WAC,New Mexico St.,L 0-3,3,NA,32,18,102,0.137,29,2,2,41,5,3,2,NA,4,38,NA
2020-2021,04/01/2021,Chicago St.,WAC,"#4 UTRGV @Orem, UT (20-21 WVB WAC Volleyball Championship)",W 3-0,3,NA,43,16,99,0.273,42,9,2,43,4,1,12,2,7,59,NA
2020-2021,04/02/2021,Chicago St.,WAC,"#1 New Mexico St. @Orem, UT (20-21 WVB WAC Volleyball Championship)",L 0-3,3,NA,36,23,105,0.124,34,1,5,34,5,2,NA,NA,2,39,NA
2020-2021,01/25/2021,Grand Canyon,WAC,Tarleton St.,W 3-0,3,NA,45,14,137,0.226,41,2,8,74,1,7,4,NA,9,56,2
2020-2021,01/26/2021,Grand Canyon,WAC,Tarleton St.,W 3-1,4,NA,60,22,186,0.204,57,6,12,84,2,6,8,NA,10,76,1
2020-2021,02/01/2021,Grand Canyon,WAC,@ Chicago St.,Ppd,NA,NA,NA,NA,NA,NA,NA,NA,NA,NA,NA,NA,NA,NA,NA,NA,NA
2020-2021,02/02/2021,Grand Canyon,WAC,@ Chicago St.,Ppd,NA,NA,NA,NA,NA,NA,NA,NA,NA,NA,NA,NA,NA,NA,NA,NA,NA
2020-2021,02/08/2021,Grand Canyon,WAC,Utah Tech,W 3-0,3,NA,48,14,122,0.279,42,7,8,58,1,1,2,1,2,57,NA
2020-2021,02/09/2021,Grand Canyon,WAC,Utah Tech,W 3-0,3,NA,40,9,112,0.277,36,5,11,55,1,4,6,4,7,52,3
2020-2021,02/15/2021,Grand Canyon,WAC,@ New Mexico St.,L 1-3,4,NA,42,23,137,0.139,39,3,9,60,6,4,6,3,7,52,1
2020-2021,02/16/2021,Grand Canyon,WAC,@ New Mexico St.,L 0-3,3,NA,41,15,119,0.218,39,5,3,45,4,2,NA,1,2,48,1
2020-2021,02/22/2021,Grand Canyon,WAC,UTRGV,W 3-0,3,NA,50,7,113,0.381,44,3,7,62,4,4,6,5,7,60,NA
2020-2021,02/23/2021,Grand Canyon,WAC,UTRGV,W 3-0,3,NA,46,15,121,0.256,42,5,4,54,1,NA,8,NA,12,63,NA
2020-2021,03/08/2021,Grand Canyon,WAC,@ California Baptist,W 3-1,4,NA,63,21,177,0.237,NA,3,5,92,2,3,20,NA,13,79,4
2020-2021,03/09/2021,Grand Canyon,WAC,@ California Baptist,W 3-0,3,NA,47,8,109,0.358,41,7,5,52,5,1,18,NA,10,64,NA
2020-2021,03/15/2021,Grand Canyon,WAC,Seattle U,W 3-0,3,NA,36,11,101,0.248,34,9,3,60,3,7,4,2,9,54,1
2020-2021,03/16/2021,Grand Canyon,WAC,Seattle U,W 3-1,4,NA,56,20,160,0.225,53,5,12,91,6,NA,8,2,12,73,4
2020-2021,03/22/2021,Grand Canyon,WAC,@ Utah Valley,W 3-0,3,NA,47,29,144,0.125,46,4,4,62,1,3,20,NA,13,64,NA
2020-2021,03/23/2021,Grand Canyon,WAC,@ Utah Valley,L 0-3,3,NA,34,23,106,0.104,32,5,1,38,7,1,4,4,3,42,NA
2020-2021,04/02/2021,Grand Canyon,WAC,"#3 Utah Valley @Orem, UT (20-21 WVB WAC Volleyball Championship)",L 1-3,4,NA,51,29,162,0.136,44,4,5,61,3,7,16,3,15,70,NA
2020-2021,01/25/2021,New Mexico St.,WAC,Utah Tech,W 3-1,4,NA,58,24,130,0.262,51,7,NA,52,5,NA,18,4,9,74,NA
2020-2021,01/26/2021,New Mexico St.,WAC,Utah Tech,W 3-1,4,NA,59,21,127,0.299,55,8,NA,48,5,2,6,2,5,72,NA
2020-2021,02/08/2021,New Mexico St.,WAC,@ UTRGV,W 3-0,3,NA,41,13,104,0.269,37,7,9,40,4,1,18,3,10,58,NA
2020-2021,02/09/2021,New Mexico St.,WAC,@ UTRGV,W 3-0,3,NA,45,13,90,0.356,44,NA,8,38,1,2,14,1,9,54,2
2020-2021,02/15/2021,New Mexico St.,WAC,Grand Canyon,W 3-1,4,NA,55,19,141,0.255,53,6,11,65,3,1,18,2,10,71,NA
2020-2021,02/16/2021,New Mexico St.,WAC,Grand Canyon,W 3-0,3,NA,53,12,115,0.357,49,4,6,57,5,4,16,3,12,69,2
2020-2021,02/22/2021,New Mexico St.,WAC,@ California Baptist,W 3-0,3,NA,50,11,93,0.419,46,4,10,45,2,2,12,2,8,62,NA
2020-2021,02/23/2021,New Mexico St.,WAC,@ California Baptist,W 3-0,3,NA,44,10,97,0.351,39,7,6,38,1,2,16,NA,10,61,2
2020-2021,03/03/2021,New Mexico St.,WAC,Seattle U,W 3-0,3,NA,46,5,74,0.554,41,4,8,36,1,NA,18,NA,9,59,NA
2020-2021,03/04/2021,New Mexico St.,WAC,Seattle U,W 3-0,3,NA,43,13,83,0.361,40,6,4,32,2,1,12,1,7,56,2
2020-2021,03/08/2021,New Mexico St.,WAC,@ Utah Valley,L 2-3,5,NA,NA,NA,177,0.169,NA,4,14,73,5,4,18,NA,13,NA,NA
2020-2021,03/09/2021,New Mexico St.,WAC,@ Utah Valley,W 3-0,3,NA,50,19,116,0.267,49,7,8,47,NA,NA,10,1,5,62,NA
2020-2021,03/15/2021,New Mexico St.,WAC,Tarleton St.,W 3-1,4,NA,62,20,135,0.311,57,9,12,54,5,1,14,1,8,79,2
2020-2021,03/16/2021,New Mexico St.,WAC,Tarleton St.,W 3-0,3,NA,51,18,119,0.277,47,2,13,55,NA,1,12,5,7,60,NA
2020-2021,03/22/2021,New Mexico St.,WAC,@ Chicago St.,W 3-1,4,NA,61,18,154,0.279,55,9,14,68,4,NA,10,1,5,75,NA
2020-2021,03/23/2021,New Mexico St.,WAC,@ Chicago St.,W 3-0,3,NA,48,17,111,0.279,45,5,8,46,2,NA,16,3,8,61,NA
2020-2021,04/02/2021,New Mexico St.,WAC,"#5 Chicago St. @Orem, UT (20-21 WVB WAC Volleyball Championship)",W 3-0,3,NA,41,10,91,0.341,38,5,3,37,1,1,20,3,11,57,NA
2020-2021,04/03/2021,New Mexico St.,WAC,"#3 Utah Valley @Orem, UT (20-21 WVB WAC Volleyball Championship)",L 0-3,3,NA,43,24,121,0.157,41,2,5,47,4,2,12,3,8,53,NA
2020-2021,02/01/2021,Seattle U,WAC,@ Utah Valley,L 0-3,3,NA,36,27,109,0.083,35,1,5,52,6,1,4,2,3,40,NA
2020-2021,02/02/2021,Seattle U,WAC,@ Utah Valley,L 1-3,4,NA,43,22,117,0.179,42,5,4,39,11,2,16,4,10,58,NA
2020-2021,02/08/2021,Seattle U,WAC,Tarleton St.,L 2-3,5,NA,59,25,194,0.175,53,8,10,83,4,3,12,3,9,76,1
2020-2021,02/09/2021,Seattle U,WAC,Tarleton St.,L 0-3,3,NA,39,21,130,0.138,39,3,6,61,4,1,8,2,5,47,1
2020-2021,02/15/2021,Seattle U,WAC,@ Chicago St.,Ppd,NA,NA,NA,NA,NA,NA,NA,NA,NA,NA,NA,NA,NA,NA,NA,NA,NA
2020-2021,02/16/2021,Seattle U,WAC,@ Chicago St.,Ppd,NA,NA,NA,NA,NA,NA,NA,NA,NA,NA,NA,NA,NA,NA,NA,NA,NA
2020-2021,02/22/2021,Seattle U,WAC,Utah Tech,W 3-0,3,NA,45,22,102,0.225,44,5,10,41,3,2,12,NA,8,58,1
2020-2021,02/23/2021,Seattle U,WAC,Utah Tech,L 1-3,4,NA,42,22,137,0.146,40,5,5,61,6,NA,16,NA,8,55,NA
2020-2021,03/03/2021,Seattle U,WAC,@ New Mexico St.,L 0-3,3,NA,21,17,80,0.05,20,1,2,22,4,1,NA,2,1,23,NA
2020-2021,03/04/2021,Seattle U,WAC,@ New Mexico St.,L 0-3,3,NA,27,19,88,0.091,26,2,7,22,6,NA,4,2,2,31,NA
2020-2021,03/08/2021,Seattle U,WAC,UTRGV,W 3-0,3,NA,53,14,120,0.325,49,3,7,45,6,2,10,3,7,63,1
2020-2021,03/09/2021,Seattle U,WAC,UTRGV,L 1-3,4,NA,49,22,126,0.214,47,8,10,44,NA,1,8,2,5,62,1
2020-2021,03/15/2021,Seattle U,WAC,@ Grand Canyon,L 0-3,3,NA,27,28,121,-0.008,22,3,2,50,9,2,6,3,5,35,NA
2020-2021,03/16/2021,Seattle U,WAC,@ Grand Canyon,L 1-3,4,NA,34,25,157,0.057,30,6,8,77,5,7,6,4,10,50,2
2020-2021,03/22/2021,Seattle U,WAC,California Baptist,Canceled,NA,NA,NA,NA,NA,NA,NA,NA,NA,NA,NA,NA,NA,NA,NA,NA,NA
2020-2021,03/23/2021,Seattle U,WAC,California Baptist,Canceled,NA,NA,NA,NA,NA,NA,NA,NA,NA,NA,NA,NA,NA,NA,NA,NA,NA
2020-2021,01/22/2021(1),Tarleton St.,WAC,"Louisiana Tech @Nacogdoches, TX",W 3-0,3,NA,48,17,112,0.277,42,4,9,55,1,3,6,NA,6,58,2
2020-2021,,Tarleton St.,WAC,Defensive Totals,,3,NA,27,15,104,0.115,21,1,6,42,4,3,4,NA,5,33,1
2020-2021,01/22/2021(2),Tarleton St.,WAC,@ SFA,L 1-3,4,NA,44,11,124,0.266,42,1,10,48,8,2,10,1,7,52,1
2020-2021,01/25/2021,Tarleton St.,WAC,@ Grand Canyon,L 0-3,3,NA,29,23,133,0.045,26,1,NA,67,2,NA,10,1,5,35,1
2020-2021,01/26/2021,Tarleton St.,WAC,@ Grand Canyon,L 1-3,4,NA,53,30,173,0.133,50,2,2,89,6,NA,4,4,10,65,2
2020-2021,02/01/2021,Tarleton St.,WAC,California Baptist,L 0-3,3,NA,30,16,93,0.151,27,1,7,40,4,6,6,2,9,40,NA
2020-2021,02/02/2021,Tarleton St.,WAC,California Baptist,L 1-3,4,NA,45,24,141,0.149,43,3,8,58,8,4,16,4,12,60,1
2020-2021,02/05/2021,Tarleton St.,WAC,UT Arlington,L 2-3,5,NA,66,22,171,0.257,59,5,NA,78,10,1,12,4,7,78,4
2020-2021,02/06/2021,Tarleton St.,WAC,UT Arlington,W 3-0,3,NA,50,12,114,0.333,47,6,2,62,7,2,10,1,7,63,1
2020-2021,02/08/2021,Tarleton St.,WAC,@ Seattle U,W 3-2,5,NA,61,22,183,0.213,58,4,4,90,8,2,22,1,13,78,2
2020-2021,02/09/2021,Tarleton St.,WAC,@ Seattle U,W 3-0,3,NA,42,10,119,0.269,42,4,4,63,3,1,16,3,9,55,1
2020-2021,02/19/2021,Tarleton St.,WAC,Utah Valley,L 1-3,4,NA,48,26,139,0.158,45,6,4,60,8,NA,14,2,7,61,2
2020-2021,02/20/2021,Tarleton St.,WAC,Utah Valley,W 3-1,4,NA,54,22,134,0.239,47,5,3,62,4,2,16,NA,10,69,1
2020-2021,02/24/2021,Tarleton St.,WAC,@ Prairie View,W 3-0,3,NA,43,16,123,0.22,40,2,5,68,3,NA,18,NA,9,54,2
2020-2021,02/25/2021,Tarleton St.,WAC,TCU,W 3-1,4,NA,55,20,137,0.255,55,5,2,61,7,5,13,2,11.5,71.5,2
2020-2021,03/01/2021,Tarleton St.,WAC,@ Chicago St.,W 3-0,3,NA,45,13,124,0.258,42,3,NA,64,2,2,6,NA,5,53,2
2020-2021,03/02/2021,Tarleton St.,WAC,@ Chicago St.,W 3-2,5,NA,51,24,177,0.153,51,6,2,87,6,NA,22,2,11,68,1
2020-2021,03/08/2021,Tarleton St.,WAC,Utah Tech,W 3-0,3,NA,41,19,122,0.18,40,4,5,59,3,NA,6,NA,3,48,2
2020-2021,03/09/2021,Tarleton St.,WAC,Utah Tech,L 0-3,3,NA,38,18,131,0.153,36,3,3,68,8,2,12,1,8,49,1
2020-2021,03/11/2021,Tarleton St.,WAC,Texas Tech,L 1-3,4,NA,50,16,133,0.256,49,7,5,64,10,NA,10,3,5,62,3
2020-2021,03/15/2021,Tarleton St.,WAC,@ New Mexico St.,L 1-3,4,NA,34,21,120,0.108,30,5,2,47,9,1,16,NA,9,48,2
2020-2021,03/16/2021,Tarleton St.,WAC,@ New Mexico St.,L 0-3,3,NA,26,19,108,0.065,25,NA,2,45,2,NA,12,3,6,32,1
2020-2021,03/20/2021,Tarleton St.,WAC,@ TCU,W 3-2,5,NA,55,18,162,0.228,52,2,6,64,6,2,10,1,7,64,1
2020-2021,03/22/2021,Tarleton St.,WAC,UTRGV,W 3-0,3,NA,35,8,80,0.338,33,8,6,40,3,5,4,NA,7,50,1
2020-2021,03/23/2021,Tarleton St.,WAC,UTRGV,W 3-1,4,NA,56,24,152,0.211,52,4,8,73,1,6,14,2,13,73,1
2020-2021,01/22/2021,UTRGV,WAC,"UTSA @Corpus Christi, TX",L 2-3,5,NA,66,21,188,0.239,60,7,5,85,NA,1,8,NA,5,78,4
2020-2021,01/22/2021,UTRGV,WAC,@ A&M-Corpus Christi,L 0-3,3,NA,33,20,110,0.118,30,4,3,46,3,3,NA,1,3,40,1
2020-2021,01/25/2021,UTRGV,WAC,Chicago St.,Canceled,NA,NA,NA,NA,NA,NA,NA,NA,NA,NA,NA,NA,NA,NA,NA,NA,NA
2020-2021,01/26/2021,UTRGV,WAC,Chicago St.,Canceled,NA,NA,NA,NA,NA,NA,NA,NA,NA,NA,NA,NA,NA,NA,NA,NA,NA
2020-2021,02/01/2021,UTRGV,WAC,@ Utah Tech,L 0-3,3,NA,29,16,96,0.135,25,NA,2,37,4,NA,8,NA,4,33,NA
2020-2021,02/02/2021,UTRGV,WAC,@ Utah Tech,L 0-3,3,NA,25,19,106,0.057,19,5,5,43,1,NA,4,NA,2,32,NA
2020-2021,02/08/2021,UTRGV,WAC,New Mexico St.,L 0-3,3,NA,29,21,102,0.078,24,4,5,44,7,NA,2,1,1,34,1
2020-2021,02/09/2021,UTRGV,WAC,New Mexico St.,L 0-3,3,NA,29,20,92,0.098,27,1,8,30,NA,1,4,NA,3,33,1
2020-2021,02/16/2021,UTRGV,WAC,A&M-Corpus Christi,Canceled,NA,NA,NA,NA,NA,NA,NA,NA,NA,NA,NA,NA,NA,NA,NA,NA,NA
2020-2021,02/22/2021,UTRGV,WAC,@ Grand Canyon,L 0-3,3,NA,34,16,117,0.154,32,4,6,50,3,3,2,2,4,42,NA
2020-2021,02/23/2021,UTRGV,WAC,@ Grand Canyon,L 0-3,3,NA,37,19,119,0.151,35,1,3,51,5,5,6,2,8,46,1
2020-2021,03/01/2021,UTRGV,WAC,California Baptist,W 3-0,3,NA,49,15,129,0.264,42,6,4,65,1,2,14,1,9,64,2
2020-2021,03/02/2021,UTRGV,WAC,California Baptist,L 0-3,3,NA,36,21,100,0.15,35,2,4,35,7,1,6,4,4,42,1
2020-2021,03/08/2021,UTRGV,WAC,@ Seattle U,L 0-3,3,NA,29,16,106,0.123,28,6,3,41,3,NA,10,1,5,40,NA
2020-2021,03/09/2021,UTRGV,WAC,@ Seattle U,W 3-1,4,NA,52,15,119,0.311,49,NA,6,41,8,2,14,3,9,73,2
2020-2021,03/15/2021,UTRGV,WAC,Utah Valley,L 1-3,4,NA,47,26,163,0.129,44,3,6,60,6,2,22,NA,13,63,NA
2020-2021,03/16/2021,UTRGV,WAC,Utah Valley,L 0-3,3,NA,37,19,132,0.136,36,1,5,67,9,NA,2,2,1,39,2
2020-2021,03/22/2021,UTRGV,WAC,@ Tarleton St.,L 0-3,3,NA,27,22,96,0.052,27,3,8,34,8,NA,4,2,2,32,2
2020-2021,03/23/2021,UTRGV,WAC,@ Tarleton St.,L 1-3,4,NA,35,30,154,0.032,33,1,7,61,4,3,10,NA,8,44,1
2020-2021,04/01/2021,UTRGV,WAC,"#5 Chicago St. @Orem, UT (20-21 WVB WAC Volleyball Championship)",L 0-3,3,NA,36,19,108,0.157,33,4,4,34,9,1,14,1,8,48,NA
2020-2021,01/22/2021,Utah Tech,WAC,@ Southern Utah,W 3-0,3,NA,48,16,103,0.311,43,5,4,43,4,NA,17,2,8.5,61.5,2
2020-2021,01/25/2021,Utah Tech,WAC,@ New Mexico St.,L 1-3,4,NA,33,21,112,0.107,26,5,9,41,7,2,16,NA,10,48,1
2020-2021,01/26/2021,Utah Tech,WAC,@ New Mexico St.,L 1-3,4,NA,36,16,104,0.192,33,5,9,40,8,1,10,2,6,47,2
2020-2021,02/01/2021,Utah Tech,WAC,UTRGV,W 3-0,3,NA,50,13,110,0.336,48,4,11,44,NA,NA,14,NA,7,61,NA
2020-2021,02/02/2021,Utah Tech,WAC,UTRGV,W 3-0,3,NA,48,15,109,0.303,40,1,7,58,5,2,22,NA,13,62,2
2020-2021,02/08/2021,Utah Tech,WAC,@ Grand Canyon,L 0-3,3,NA,31,12,107,0.178,29,1,5,48,7,2,2,3,3,35,2
2020-2021,02/09/2021,Utah Tech,WAC,@ Grand Canyon,L 0-3,3,NA,28,20,112,0.071,26,1,6,50,5,3,2,4,4,33,4
2020-2021,02/15/2021,Utah Tech,WAC,California Baptist,W 3-1,4,NA,62,15,143,0.329,55,7,8,68,4,1,6,NA,4,73,2
2020-2021,02/16/2021,Utah Tech,WAC,California Baptist,W 3-0,3,NA,45,17,123,0.228,40,4,4,58,1,3,10,NA,8,57,NA
2020-2021,02/22/2021,Utah Tech,WAC,@ Seattle U,L 0-3,3,NA,26,18,90,0.089,24,3,6,29,5,2,10,1,7,36,NA
2020-2021,02/23/2021,Utah Tech,WAC,@ Seattle U,W 3-1,4,NA,65,17,147,0.327,57,6,11,67,5,1,16,NA,9,80,NA
2020-2021,03/01/2021,Utah Tech,WAC,Utah Valley,L 2-3,5,NA,60,31,NA,0.146,55,2,7,94,8,3,8,NA,7,69,1
2020-2021,03/02/2021,Utah Tech,WAC,Utah Valley,L 0-3,3,NA,31,22,123,0.073,30,4,5,51,2,NA,8,NA,4,39,NA
2020-2021,03/08/2021,Utah Tech,WAC,@ Tarleton St.,L 0-3,3,NA,33,18,116,0.129,31,3,9,54,4,3,8,1,7,43,2
2020-2021,03/09/2021,Utah Tech,WAC,@ Tarleton St.,W 3-0,3,NA,44,14,135,0.222,42,8,3,72,3,1,5,NA,3.5,55.5,1
2020-2021,03/15/2021,Utah Tech,WAC,Chicago St.,W 3-0,3,NA,44,10,126,0.27,40,4,5,57,NA,NA,4,NA,2,50,4
2020-2021,03/16/2021,Utah Tech,WAC,Chicago St.,W 3-0,3,NA,50,11,134,0.291,42,2,8,70,2,2,10,NA,7,59,1
2020-2021,02/01/2021,Utah Valley,WAC,Seattle U,W 3-0,3,NA,35,14,113,0.186,34,6,7,41,1,NA,22,4,11,52,NA
2020-2021,02/02/2021,Utah Valley,WAC,Seattle U,W 3-1,4,NA,57,26,131,0.237,54,11,6,44,5,1,20,4,11,79,NA
2020-2021,02/04/2021,Utah Valley,WAC,BYU,L 1-3,4,NA,54,20,151,0.225,48,7,6,58,9,NA,12,NA,6,67,NA
2020-2021,02/08/2021,Utah Valley,WAC,@ California Baptist,L 2-3,5,NA,59,24,172,0.203,53,7,11,70,7,NA,24,NA,12,78,2
2020-2021,02/09/2021,Utah Valley,WAC,@ California Baptist,W 3-1,4,NA,59,23,136,0.265,54,6,7,62,6,1,16,NA,9,74,NA
2020-2021,02/19/2021,Utah Valley,WAC,@ Tarleton St.,W 3-1,4,NA,45,19,126,0.206,44,8,7,55,6,1,18,NA,10,63,3
2020-2021,02/20/2021,Utah Valley,WAC,@ Tarleton St.,L 1-3,4,NA,44,28,140,0.114,43,4,8,48,5,3,8,2,7,55,1
2020-2021,02/22/2021,Utah Valley,WAC,Chicago St.,W 3-0,3,NA,39,19,91,0.22,36,11,3,37,2,NA,10,5,5,55,NA
2020-2021,02/23/2021,Utah Valley,WAC,Chicago St.,W 3-0,3,NA,37,13,99,0.242,35,4,7,47,4,2,31,5,NA,58.5,NA
2020-2021,03/01/2021,Utah Valley,WAC,@ Utah Tech,W 3-2,5,NA,61,26,191,0.183,59,8,6,NA,2,NA,18,1,9,78,2
2020-2021,03/02/2021,Utah Valley,WAC,@ Utah Tech,W 3-0,3,NA,46,12,112,0.304,45,2,4,63,4,1,20,NA,11,59,4
2020-2021,03/08/2021,Utah Valley,WAC,New Mexico St.,W 3-2,5,NA,51,26,160,0.156,47,5,9,63,4,1,26,3,14,70,NA
2020-2021,03/09/2021,Utah Valley,WAC,New Mexico St.,L 0-3,3,NA,29,15,95,0.147,29,NA,2,36,7,3,12,2,9,38,NA
2020-2021,03/15/2021,Utah Valley,WAC,@ UTRGV,W 3-1,4,NA,48,29,149,0.128,47,6,4,65,3,1,24,2,13,67,NA
2020-2021,03/16/2021,Utah Valley,WAC,@ UTRGV,W 3-0,3,NA,43,13,131,0.229,42,9,6,70,1,1,14,NA,8,60,1
2020-2021,03/22/2021,Utah Valley,WAC,Grand Canyon,L 0-3,3,NA,36,22,138,0.101,35,1,5,53,4,NA,22,1,11,48,NA
2020-2021,03/23/2021,Utah Valley,WAC,Grand Canyon,W 3-0,3,NA,43,12,98,0.316,41,7,5,40,5,1,14,1,8,58,NA
2020-2021,04/02/2021,Utah Valley,WAC,"#2 Grand Canyon @Orem, UT (20-21 WVB WAC Volleyball Championship)",W 3-1,4,NA,57,32,161,0.155,55,3,8,68,4,1,NA,NA,17,77,NA
2020-2021,04/03/2021,Utah Valley,WAC,"#1 New Mexico St. @Orem, UT (20-21 WVB WAC Volleyball Championship)",W 3-0,3,NA,42,20,122,0.18,39,4,1,49,2,3,12,1,9,55,NA
2020-2021,04/14/2021,Utah Valley,WAC,"Texas St. @Omaha, NE (2020 NCAA DI Women's Volleyball Championship)",L 1-3,4,NA,46,23,149,0.154,41,8,6,48,5,1,24,NA,13,67,1
2020-2021,01/26/2021,BYU,WCC,@ Portland,W 3-0,3,NA,44,8,95,0.379,44,5,7,53,5,1,4,NA,3,52,NA
2020-2021,01/27/2021,BYU,WCC,@ Portland,W 3-0,3,NA,39,13,106,0.245,38,9,9,44,3,NA,8,NA,4,52,1
2020-2021,02/02/2021,BYU,WCC,Santa Clara,Ppd,NA,NA,NA,NA,NA,NA,NA,NA,NA,NA,NA,NA,NA,NA,NA,NA,NA
2020-2021,02/03/2021,BYU,WCC,Santa Clara,Ppd,NA,NA,NA,NA,NA,NA,NA,NA,NA,NA,NA,NA,NA,NA,NA,NA,NA
2020-2021,02/04/2021,BYU,WCC,@ Utah Valley,W 3-1,4,NA,60,17,143,0.301,58,9,4,67,7,1,16,NA,9,78,NA
2020-2021,02/09/2021,BYU,WCC,Gonzaga,W 3-1,4,NA,66,11,130,0.423,63,2,14,64,4,NA,18,NA,9,77,NA
2020-2021,02/10/2021,BYU,WCC,Gonzaga,W 3-0,3,NA,40,18,115,0.191,37,3,6,52,4,1,12,NA,7,50,NA
2020-2021,02/16/2021,BYU,WCC,LMU (CA),W 3-0,3,NA,45,8,89,0.416,42,8,9,31,3,1,13,NA,7.5,60.5,NA
2020-2021,02/17/2021,BYU,WCC,LMU (CA),W 3-0,3,NA,48,12,97,0.371,48,11,10,39,9,NA,6,1,3,62,NA
2020-2021,02/23/2021,BYU,WCC,@ Pepperdine,L 0-3,3,NA,34,15,107,0.178,32,3,6,36,4,NA,8,1,4,41,NA
2020-2021,02/24/2021,BYU,WCC,@ Pepperdine,W 3-2,5,NA,63,27,197,0.183,60,8,12,94,3,2,24,2,14,85,2
2020-2021,03/05/2021,BYU,WCC,@ San Francisco,W 3-0,3,NA,41,5,99,0.364,39,4,8,49,6,2,12,NA,8,53,NA
2020-2021,03/06/2021,BYU,WCC,@ San Francisco,W 3-1,4,NA,67,14,157,0.338,60,2,10,63,6,2,16,NA,10,79,NA
2020-2021,03/12/2021,BYU,WCC,Pacific,Canceled,NA,NA,NA,NA,NA,NA,NA,NA,NA,NA,NA,NA,NA,NA,NA,NA,NA
2020-2021,03/13/2021,BYU,WCC,Pacific,Canceled,NA,NA,NA,NA,NA,NA,NA,NA,NA,NA,NA,NA,NA,NA,NA,NA,NA
2020-2021,03/17/2021,BYU,WCC,@ San Diego,W 3-1,4,NA,56,17,136,0.287,52,7,10,62,11,2,10,NA,7,70,NA
2020-2021,03/20/2021,BYU,WCC,San Diego,W 3-0,3,NA,47,11,102,0.353,42,3,8,32,2,3,18,4,12,62,NA
2020-2021,03/26/2021,BYU,WCC,@ Saint Mary's (CA),W 3-0,3,NA,45,10,115,0.304,41,5,11,66,5,NA,22,2,11,61,1
2020-2021,03/27/2021,BYU,WCC,@ Saint Mary's (CA),W 3-0,3,NA,50,9,119,0.345,47,6,8,65,7,NA,20,NA,10,66,NA
2020-2021,03/30/2021,BYU,WCC,Santa Clara,W 3-0,3,NA,37,9,81,0.346,33,6,3,33,2,2,10,2,7,50,NA
2020-2021,03/31/2021,BYU,WCC,Santa Clara,W 3-0,3,NA,39,5,75,0.453,37,3,6,41,2,1,18,NA,10,52,NA
2020-2021,04/15/2021,BYU,WCC,"UCLA @Omaha, NE (2020 NCAA DI Women's Volleyball Championship)",W 3-0,3,NA,47,17,117,0.256,43,4,5,50,4,3,26,NA,16,67,2
2020-2021,04/17/2021,BYU,WCC,"#1 Wisconsin @Omaha, NE (2020 NCAA DI Women's Volleyball Championship)",L 0-3,3,NA,32,17,99,0.152,29,1,4,47,6,NA,10,2,5,38,1
2020-2021,01/24/2021,Gonzaga,WCC,San Diego,Ppd,NA,NA,NA,NA,NA,NA,NA,NA,NA,NA,NA,NA,NA,NA,NA,NA,NA
2020-2021,01/25/2021,Gonzaga,WCC,San Diego,Ppd,NA,NA,NA,NA,NA,NA,NA,NA,NA,NA,NA,NA,NA,NA,NA,NA,NA
2020-2021,02/01/2021,Gonzaga,WCC,@ Pacific,Ppd,NA,NA,NA,NA,NA,NA,NA,NA,NA,NA,NA,NA,NA,NA,NA,NA,NA
2020-2021,02/05/2021,Gonzaga,WCC,@ Pacific,W 3-2,5,NA,48,20,187,0.15,40,3,7,105,4,NA,12,1,18,69,1
2020-2021,02/06/2021,Gonzaga,WCC,@ Pacific,L 1-3,4,NA,36,18,140,0.129,31,5,15,56,7,4,14,1,11,52,NA
2020-2021,02/09/2021,Gonzaga,WCC,@ BYU,L 1-3,4,NA,42,24,136,0.132,42,4,6,45,2,NA,4,3,2,48,NA
2020-2021,02/10/2021,Gonzaga,WCC,@ BYU,L 0-3,3,NA,34,15,107,0.178,32,4,12,48,3,NA,10,6,5,43,2
2020-2021,02/14/2021,Gonzaga,WCC,Saint Mary's (CA),W 3-1,4,NA,51,18,134,0.246,45,10,11,57,7,2,14,1,9,70,1
2020-2021,02/15/2021,Gonzaga,WCC,Saint Mary's (CA),L 2-3,5,NA,68,23,164,0.274,64,3,14,84,9,NA,18,1,9,80,NA
2020-2021,02/19/2021,Gonzaga,WCC,San Diego,L 0-3,3,NA,28,16,95,0.126,26,6,5,35,6,1,2,NA,2,36,1
2020-2021,02/20/2021,Gonzaga,WCC,San Diego,L 2-3,5,NA,60,24,166,0.217,51,7,7,71,7,1,8,NA,5,72,3
2020-2021,02/23/2021,Gonzaga,WCC,LMU (CA),W 3-2,5,NA,62,16,174,0.264,57,12,9,79,7,1,12,3,7,81,1
2020-2021,02/24/2021,Gonzaga,WCC,LMU (CA),L 1-3,4,NA,57,20,156,0.237,56,5,10,64,8,2,22,1,13,75,NA
2020-2021,03/05/2021,Gonzaga,WCC,@ Pepperdine,L 0-3,3,NA,31,18,109,0.119,31,5,6,48,5,1,6,4,4,40,NA
2020-2021,03/06/2021,Gonzaga,WCC,@ Pepperdine,L 2-3,5,NA,55,31,155,0.155,54,2,5,55,3,1,16,4,9,66,2
2020-2021,03/12/2021,Gonzaga,WCC,Santa Clara,L 2-3,5,NA,59,26,143,0.231,57,7,4,63,10,NA,10,NA,5,71,NA
2020-2021,03/13/2021,Gonzaga,WCC,Santa Clara,W 3-0,3,NA,41,11,91,0.33,37,5,6,48,5,NA,8,2,4,50,1
2020-2021,03/19/2021,Gonzaga,WCC,@ San Francisco,W 3-0,3,NA,47,7,105,0.381,42,4,6,49,2,1,16,2,9,60,1
2020-2021,03/20/2021,Gonzaga,WCC,@ San Francisco,L 1-3,4,NA,57,22,180,0.194,54,5,13,84,4,3,22,5,14,76,2
2020-2021,03/27/2021,Gonzaga,WCC,@ Portland,W 3-1,4,NA,54,16,152,0.25,50,4,12,74,6,2,12,NA,8,66,6
2020-2021,03/28/2021,Gonzaga,WCC,@ Portland,W 3-1,4,NA,48,10,142,0.268,42,3,12,73,4,4,20,NA,14,65,5
2020-2021,01/26/2021,LMU (CA),WCC,Santa Clara,Ppd,NA,NA,NA,NA,NA,NA,NA,NA,NA,NA,NA,NA,NA,NA,NA,NA,NA
2020-2021,01/26/2021,LMU (CA),WCC,Saint Mary's (CA),W 3-1,4,NA,50,18,111,0.288,48,NA,10,48,2,4,16,3,12,75,5
2020-2021,01/27/2021,LMU (CA),WCC,Santa Clara,Ppd,NA,NA,NA,NA,NA,NA,NA,NA,NA,NA,NA,NA,NA,NA,NA,NA,NA
2020-2021,01/27/2021,LMU (CA),WCC,Saint Mary's (CA),L 2-3,5,NA,67,26,179,0.229,52,5,14,75,8,2,12,NA,8,80,6
2020-2021,02/02/2021,LMU (CA),WCC,@ San Francisco,L 2-3,5,NA,64,27,167,0.222,60,7,9,80,10,2,6,2,5,76,1
2020-2021,02/03/2021,LMU (CA),WCC,@ San Francisco,L 2-3,5,NA,50,23,132,0.205,46,8,8,55,9,1,12,2,7,65,1
2020-2021,02/07/2021,LMU (CA),WCC,Portland,W 3-0,3,NA,35,13,103,0.214,31,5,13,48,4,3,6,1,6,46,NA
2020-2021,02/09/2021,LMU (CA),WCC,Portland,W 3-1,4,NA,53,19,146,0.233,47,5,11,72,1,NA,8,NA,4,62,2
2020-2021,02/16/2021,LMU (CA),WCC,@ BYU,L 0-3,3,NA,40,16,91,0.264,40,3,4,32,8,NA,NA,4,NA,43,1
2020-2021,02/17/2021,LMU (CA),WCC,@ BYU,L 0-3,3,NA,34,9,83,0.301,33,9,7,34,11,1,6,2,4,47,1
2020-2021,02/23/2021,LMU (CA),WCC,@ Gonzaga,L 2-3,5,NA,NA,22,187,0.262,64,7,11,85,12,2,8,1,6,84,5
2020-2021,02/24/2021,LMU (CA),WCC,@ Gonzaga,W 3-1,4,NA,57,23,151,0.225,55,8,9,69,5,1,10,1,6,71,NA
2020-2021,03/12/2021,LMU (CA),WCC,San Diego,L 0-3,3,NA,36,19,88,0.193,35,4,12,29,4,1,12,1,7,47,NA
2020-2021,03/13/2021,LMU (CA),WCC,San Diego,W 3-2,5,NA,70,28,166,0.253,65,2,17,62,6,5,26,4,18,NA,1
2020-2021,03/18/2021,LMU (CA),WCC,@ Pepperdine,L 0-3,3,NA,37,16,100,0.21,36,4,8,31,4,NA,8,NA,4,45,NA
2020-2021,03/20/2021,LMU (CA),WCC,Pepperdine,L 1-3,4,NA,45,18,126,0.214,43,4,12,43,10,4,14,3,11,60,2
2020-2021,03/21/2021,LMU (CA),WCC,Santa Clara,W 3-0,3,NA,45,4,99,0.414,39,6,8,48,1,1,14,1,8,59,NA
2020-2021,03/22/2021,LMU (CA),WCC,Santa Clara,W 3-0,3,NA,47,10,95,0.389,45,3,11,31,6,2,6,1,5,55,1
2020-2021,01/26/2021,Pacific,WCC,@ Saint Mary's (CA),Ppd,NA,NA,NA,NA,NA,NA,NA,NA,NA,NA,NA,NA,NA,NA,NA,NA,NA
2020-2021,01/27/2021,Pacific,WCC,Saint Mary's (CA),Ppd,NA,NA,NA,NA,NA,NA,NA,NA,NA,NA,NA,NA,NA,NA,NA,NA,NA
2020-2021,02/01/2021,Pacific,WCC,Gonzaga,Ppd,NA,NA,NA,NA,NA,NA,NA,NA,NA,NA,NA,NA,NA,NA,NA,NA,NA
2020-2021,02/05/2021,Pacific,WCC,Gonzaga,L 2-3,5,NA,68,33,NA,0.156,55,4,12,NA,3,1,8,2,5,77,2
2020-2021,02/06/2021,Pacific,WCC,Gonzaga,W 3-1,4,NA,56,29,150,0.18,46,7,9,74,5,6,6,NA,9,72,1
2020-2021,02/09/2021,Pacific,WCC,San Francisco,L 2-3,5,NA,59,36,203,0.113,55,2,9,96,3,3,16,4,11,72,1
2020-2021,02/10/2021,Pacific,WCC,@ San Francisco,L 1-3,4,NA,50,NA,162,0.031,50,5,9,72,1,NA,10,1,5,60,NA
2020-2021,02/16/2021,Pacific,WCC,@ Pepperdine,L 1-3,4,NA,49,31,144,0.125,47,2,20,49,2,1,6,4,4,55,NA
2020-2021,02/17/2021,Pacific,WCC,@ Pepperdine,L 2-3,5,NA,59,35,186,0.129,57,4,9,79,1,1,8,5,5,68,1
2020-2021,02/23/2021,Pacific,WCC,Santa Clara,W 3-2,5,NA,NA,NA,190,0.137,NA,11,10,79,2,NA,10,NA,5,87,NA
2020-2021,02/24/2021,Pacific,WCC,@ Santa Clara,L 0-3,3,NA,42,20,119,0.185,38,5,9,61,10,3,8,1,7,54,NA
2020-2021,03/05/2021,Pacific,WCC,Saint Mary's (CA),Ppd,NA,NA,NA,NA,NA,NA,NA,NA,NA,NA,NA,NA,NA,NA,NA,NA,NA
2020-2021,03/05/2021,Pacific,WCC,San Diego,Ppd,NA,NA,NA,NA,NA,NA,NA,NA,NA,NA,NA,NA,NA,NA,NA,NA,NA
2020-2021,03/06/2021,Pacific,WCC,San Diego,Ppd,NA,NA,NA,NA,NA,NA,NA,NA,NA,NA,NA,NA,NA,NA,NA,NA,NA
2020-2021,03/09/2021,Pacific,WCC,@ Saint Mary's (CA),L 0-3,3,NA,39,35,130,0.031,34,4,8,58,1,NA,2,NA,1,44,NA
2020-2021,03/12/2021,Pacific,WCC,@ BYU,Canceled,NA,NA,NA,NA,NA,NA,NA,NA,NA,NA,NA,NA,NA,NA,NA,NA,NA
2020-2021,03/13/2021,Pacific,WCC,@ BYU,Canceled,NA,NA,NA,NA,NA,NA,NA,NA,NA,NA,NA,NA,NA,NA,NA,NA,NA
2020-2021,01/26/2021,Pepperdine,WCC,San Francisco,W 3-0,3,NA,39,12,110,0.245,36,3,9,58,NA,NA,24,NA,12,54,1
2020-2021,01/27/2021,Pepperdine,WCC,San Francisco,W 3-1,4,NA,61,16,162,0.278,56,5,13,73,2,NA,16,3,8,74,1
2020-2021,02/02/2021,Pepperdine,WCC,@ Saint Mary's (CA),W 3-0,3,NA,46,7,116,0.336,38,4,5,52,6,3,4,1,5,55,2
2020-2021,02/03/2021,Pepperdine,WCC,@ Saint Mary's (CA),W 3-1,4,NA,59,9,133,0.376,57,9,7,68,6,4,10,4,9,77,NA
2020-2021,02/09/2021,Pepperdine,WCC,@ Santa Clara,Ppd,NA,NA,NA,NA,NA,NA,NA,NA,NA,NA,NA,NA,NA,NA,NA,NA,NA
2020-2021,02/10/2021,Pepperdine,WCC,@ Santa Clara,Ppd,NA,NA,NA,NA,NA,NA,NA,NA,NA,NA,NA,NA,NA,NA,NA,NA,NA
2020-2021,02/16/2021,Pepperdine,WCC,Pacific,W 3-1,4,NA,51,19,123,0.26,49,2,15,53,2,3,24,2,15,68,2
2020-2021,02/17/2021,Pepperdine,WCC,Pacific,W 3-2,5,NA,60,23,171,0.216,59,1,13,75,4,1,19,3,10.5,71.5,1
2020-2021,02/23/2021,Pepperdine,WCC,BYU,W 3-0,3,NA,50,13,106,0.349,49,4,3,52,3,NA,14,2,7,61,1
2020-2021,02/24/2021,Pepperdine,WCC,BYU,L 2-3,5,NA,64,28,199,0.181,62,3,9,97,8,1,26,NA,14,81,NA
2020-2021,02/28/2021,Pepperdine,WCC,@ Baylor,L 2-3,5,NA,57,33,181,0.133,52,5,13,63,3,1,4,NA,3,65,NA
2020-2021,03/05/2021,Pepperdine,WCC,Gonzaga,W 3-0,3,NA,46,10,109,0.33,44,5,7,50,5,NA,10,1,5,56,NA
2020-2021,03/06/2021,Pepperdine,WCC,Gonzaga,W 3-2,5,NA,66,22,151,0.291,64,3,9,62,2,1,20,4,11,80,NA
2020-2021,03/12/2021,Pepperdine,WCC,@ Portland,W 3-1,4,NA,65,20,154,0.292,62,6,7,67,2,NA,20,NA,10,81,1
2020-2021,03/13/2021,Pepperdine,WCC,@ Portland,W 3-0,3,NA,41,14,98,0.276,36,4,6,54,4,2,12,NA,8,53,2
2020-2021,03/18/2021,Pepperdine,WCC,LMU (CA),W 3-0,3,NA,48,16,101,0.317,46,4,8,45,4,1,8,1,5,57,NA
2020-2021,03/20/2021,Pepperdine,WCC,@ LMU (CA),W 3-1,4,NA,53,24,129,0.225,50,10,7,54,4,3,6,1,6,69,2
2020-2021,03/26/2021,Pepperdine,WCC,@ San Diego,W 3-1,4,NA,58,24,137,0.248,51,6,9,45,4,1,2,NA,2,66,NA
2020-2021,03/27/2021,Pepperdine,WCC,@ San Diego,L 1-3,4,NA,46,24,145,0.152,44,7,10,60,9,1,6,2,4,57,NA
2020-2021,04/02/2021,Pepperdine,WCC,@ Santa Clara,W 3-0,3,NA,40,13,103,0.262,39,5,6,35,8,3,10,1,8,53,NA
2020-2021,04/03/2021,Pepperdine,WCC,@ Santa Clara,W 3-1,4,NA,49,22,131,0.206,47,9,7,61,4,1,14,2,8,66,NA
2020-2021,04/14/2021,Pepperdine,WCC,"UMBC @Omaha, NE (2020 NCAA DI Women's Volleyball Championship)",W 3-0,3,NA,47,14,107,0.308,45,6,8,49,NA,1,10,NA,6,59,NA
2020-2021,04/15/2021,Pepperdine,WCC,"#12 Baylor @Omaha, NE (2020 NCAA DI Women's Volleyball Championship)",L 2-3,5,NA,69,31,147,0.259,NA,10,11,48,4,NA,19,3,9.5,88.5,NA
2020-2021,01/26/2021,Portland,WCC,BYU,L 0-3,3,NA,28,17,102,0.108,27,5,6,40,5,NA,4,4,2,35,1
2020-2021,01/27/2021,Portland,WCC,BYU,L 0-3,3,NA,43,12,102,0.304,40,3,10,50,9,1,10,3,6,52,5
2020-2021,02/07/2021,Portland,WCC,@ LMU (CA),L 0-3,3,NA,26,17,98,0.092,26,4,10,53,5,NA,8,2,4,34,5
2020-2021,02/09/2021,Portland,WCC,@ LMU (CA),L 1-3,4,NA,41,23,146,0.123,40,1,12,69,5,2,10,1,7,49,5
2020-2021,02/10/2021,Portland,WCC,@ San Diego,L 1-3,4,NA,44,18,144,0.181,41,3,9,46,12,1,6,3,4,51,3
2020-2021,02/11/2021,Portland,WCC,@ San Diego,L 0-3,3,NA,14,24,81,-0.123,13,1,4,25,5,NA,2,NA,1,16,NA
2020-2021,02/18/2021,Portland,WCC,San Francisco,W 3-2,5,NA,58,18,162,0.247,54,8,11,77,5,1,15,NA,8.5,74.5,1
2020-2021,02/19/2021,Portland,WCC,San Francisco,L 2-3,5,NA,52,25,184,0.147,50,4,4,104,12,3,10,NA,8,64,5
2020-2021,02/23/2021,Portland,WCC,@ Saint Mary's (CA),L 2-3,5,NA,57,23,165,0.206,53,5,11,73,12,NA,18,3,9,71,4
2020-2021,02/24/2021,Portland,WCC,@ Saint Mary's (CA),L 0-3,3,NA,39,24,135,0.111,34,3,3,69,5,NA,10,1,5,47,4
2020-2021,03/06/2021,Portland,WCC,@ Santa Clara,Ppd,NA,NA,NA,NA,NA,NA,NA,NA,NA,NA,NA,NA,NA,NA,NA,NA,NA
2020-2021,03/07/2021,Portland,WCC,@ Santa Clara,Ppd,NA,NA,NA,NA,NA,NA,NA,NA,NA,NA,NA,NA,NA,NA,NA,NA,NA
2020-2021,03/08/2021,Portland,WCC,@ Santa Clara,W 3-2,5,NA,63,22,185,0.222,59,9,5,98,8,1,10,1,6,78,NA
2020-2021,03/09/2021,Portland,WCC,@ Santa Clara,L 0-3,3,NA,35,15,112,0.179,31,5,6,40,8,1,4,1,3,43,1
2020-2021,03/12/2021,Portland,WCC,Pepperdine,L 1-3,4,NA,50,16,138,0.246,48,2,4,62,6,3,10,NA,8,60,3
2020-2021,03/13/2021,Portland,WCC,Pepperdine,L 0-3,3,NA,24,16,102,0.078,22,4,8,36,4,4,8,NA,8,36,6
2020-2021,03/27/2021,Portland,WCC,Gonzaga,L 1-3,4,NA,48,26,162,0.136,45,6,10,75,4,NA,16,NA,8,62,2
2020-2021,03/28/2021,Portland,WCC,Gonzaga,L 1-3,4,NA,50,32,175,0.103,46,4,7,72,3,2,6,NA,5,59,NA
2020-2021,01/26/2021,Saint Mary's (CA),WCC,Pacific,Ppd,NA,NA,NA,NA,NA,NA,NA,NA,NA,NA,NA,NA,NA,NA,NA,NA,NA
2020-2021,01/26/2021,Saint Mary's (CA),WCC,@ LMU (CA),L 1-3,4,NA,34,19,111,0.135,33,2,12,34,NA,3,10,1,8,44,NA
2020-2021,01/27/2021,Saint Mary's (CA),WCC,@ LMU (CA),W 3-2,5,NA,58,21,166,0.223,48,8,11,74,5,2,14,NA,9,75,5
2020-2021,01/27/2021,Saint Mary's (CA),WCC,@ Pacific,Ppd,NA,NA,NA,NA,NA,NA,NA,NA,NA,NA,NA,NA,NA,NA,NA,NA,NA
2020-2021,02/02/2021,Saint Mary's (CA),WCC,Pepperdine,L 0-3,3,NA,36,18,109,0.165,34,6,4,52,4,NA,6,NA,3,45,1
2020-2021,02/03/2021,Saint Mary's (CA),WCC,Pepperdine,L 1-3,4,NA,44,18,137,0.19,40,6,9,56,9,1,6,1,4,54,NA
2020-2021,02/07/2021,Saint Mary's (CA),WCC,@ San Diego,L 0-3,3,NA,26,17,103,0.087,26,1,7,35,7,NA,4,NA,2,29,NA
2020-2021,02/08/2021,Saint Mary's (CA),WCC,@ San Diego,L 0-3,3,NA,31,12,111,0.171,27,6,10,47,4,NA,10,2,5,42,NA
2020-2021,02/14/2021,Saint Mary's (CA),WCC,@ Gonzaga,L 1-3,4,NA,50,19,135,0.23,46,7,11,59,10,1,14,NA,8,65,5
2020-2021,02/15/2021,Saint Mary's (CA),WCC,@ Gonzaga,W 3-2,5,NA,44,22,158,0.139,39,9,7,67,3,1,10,NA,6,59,NA
2020-2021,02/23/2021,Saint Mary's (CA),WCC,Portland,W 3-2,5,NA,61,25,173,0.208,55,12,13,70,5,2,12,3,8,81,1
2020-2021,02/24/2021,Saint Mary's (CA),WCC,Portland,W 3-0,3,NA,37,12,131,0.191,35,5,7,65,3,3,18,1,12,54,NA
2020-2021,03/05/2021,Saint Mary's (CA),WCC,@ Pacific,Ppd,NA,NA,NA,NA,NA,NA,NA,NA,NA,NA,NA,NA,NA,NA,NA,NA,NA
2020-2021,03/09/2021,Saint Mary's (CA),WCC,Pacific,W 3-0,3,NA,31,7,102,0.235,28,1,12,44,4,2,26,NA,15,47,NA
2020-2021,03/12/2021,Saint Mary's (CA),WCC,San Francisco,L 0-3,3,NA,34,18,105,0.152,31,5,8,38,6,NA,14,2,7,46,1
2020-2021,03/13/2021,Saint Mary's (CA),WCC,@ San Francisco,W 3-1,4,NA,47,21,148,0.176,42,9,5,80,6,NA,23,1,11.5,67.5,NA
2020-2021,03/18/2021,Saint Mary's (CA),WCC,Santa Clara,W 3-1,4,NA,55,23,143,0.224,49,6,5,61,9,1,16,NA,9,70,1
2020-2021,03/19/2021,Saint Mary's (CA),WCC,@ Santa Clara,L 1-3,4,NA,45,19,137,0.19,43,5,7,63,8,1,12,NA,7,57,NA
2020-2021,03/26/2021,Saint Mary's (CA),WCC,BYU,L 0-3,3,NA,29,22,122,0.057,28,5,2,51,5,NA,8,NA,4,38,2
2020-2021,03/27/2021,Saint Mary's (CA),WCC,BYU,L 0-3,3,NA,37,17,123,0.163,34,7,2,54,6,1,6,1,4,48,NA
2020-2021,01/24/2021,San Diego,WCC,@ Gonzaga,Ppd,NA,NA,NA,NA,NA,NA,NA,NA,NA,NA,NA,NA,NA,NA,NA,NA,NA
2020-2021,01/25/2021,San Diego,WCC,@ Gonzaga,Ppd,NA,NA,NA,NA,NA,NA,NA,NA,NA,NA,NA,NA,NA,NA,NA,NA,NA
2020-2021,02/07/2021,San Diego,WCC,Saint Mary's (CA),W 3-0,3,NA,44,14,101,0.297,43,7,9,47,1,NA,14,1,7,58,1
2020-2021,02/08/2021,San Diego,WCC,Saint Mary's (CA),W 3-0,3,NA,48,16,119,0.269,42,4,12,62,6,1,10,2,6,58,NA
2020-2021,02/10/2021,San Diego,WCC,Portland,W 3-1,4,NA,59,15,125,0.352,57,12,7,71,3,2,12,3,8,79,3
2020-2021,02/11/2021,San Diego,WCC,Portland,W 3-0,3,NA,40,12,82,0.341,39,5,8,41,1,NA,22,NA,11,56,NA
2020-2021,02/16/2021,San Diego,WCC,@ Santa Clara,W 3-1,4,NA,42,17,110,0.227,35,8,14,44,6,NA,20,1,10,60,NA
2020-2021,02/17/2021,San Diego,WCC,@ Santa Clara,W 3-1,4,NA,53,18,134,0.261,51,9,10,65,11,NA,6,2,3,65,NA
2020-2021,02/19/2021,San Diego,WCC,@ Gonzaga,W 3-0,3,NA,47,11,100,0.36,41,6,5,46,6,NA,22,NA,11,64,NA
2020-2021,02/20/2021,San Diego,WCC,@ Gonzaga,W 3-2,5,NA,65,18,166,0.283,59,7,10,72,7,2,16,2,10,82,NA
2020-2021,02/24/2021,San Diego,WCC,San Francisco,W 3-0,3,NA,44,13,121,0.256,41,NA,6,59,6,2,8,4,6,50,NA
2020-2021,02/25/2021,San Diego,WCC,San Francisco,W 3-1,4,NA,51,19,137,0.234,47,5,9,65,6,1,16,2,9,65,NA
2020-2021,03/05/2021,San Diego,WCC,@ Pacific,Ppd,NA,NA,NA,NA,NA,NA,NA,NA,NA,NA,NA,NA,NA,NA,NA,NA,NA
2020-2021,03/06/2021,San Diego,WCC,@ Pacific,Ppd,NA,NA,NA,NA,NA,NA,NA,NA,NA,NA,NA,NA,NA,NA,NA,NA,NA
2020-2021,03/12/2021,San Diego,WCC,@ LMU (CA),W 3-0,3,NA,40,13,89,0.303,37,4,9,29,4,NA,20,NA,10,54,5
2020-2021,03/13/2021,San Diego,WCC,@ LMU (CA),L 2-3,5,NA,52,28,153,0.157,47,6,8,57,2,3,22,2,14,72,1
2020-2021,03/17/2021,San Diego,WCC,BYU,L 1-3,4,NA,43,22,138,0.152,40,11,7,54,7,3,8,3,7,61,NA
2020-2021,03/20/2021,San Diego,WCC,@ BYU,L 0-3,3,NA,35,23,92,0.13,35,2,1,34,3,1,6,5,4,41,NA
2020-2021,03/26/2021,San Diego,WCC,Pepperdine,L 1-3,4,NA,50,13,123,0.301,48,4,11,40,6,2,16,1,10,64,NA
2020-2021,03/27/2021,San Diego,WCC,Pepperdine,W 3-1,4,NA,53,14,135,0.289,51,9,5,66,7,1,10,1,6,68,NA
2020-2021,04/14/2021,San Diego,WCC,"A&M-Corpus Christi @Omaha, NE (2020 NCAA DI Women's Volleyball Championship)",W 3-0,3,NA,46,8,89,0.427,41,8,5,34,2,2,12,1,8,62,1
2020-2021,04/15/2021,San Diego,WCC,"#11 Louisville @Omaha, NE (2020 NCAA DI Women's Volleyball Championship)",L 1-3,4,NA,51,26,124,0.202,46,4,10,48,5,NA,14,2,7,62,2
2020-2021,01/26/2021,San Francisco,WCC,@ Pepperdine,L 0-3,3,NA,31,23,122,0.066,31,NA,8,55,3,NA,6,NA,3,34,2
2020-2021,01/27/2021,San Francisco,WCC,@ Pepperdine,L 1-3,4,NA,61,23,172,0.221,57,2,15,70,5,1,4,NA,3,66,NA
2020-2021,02/02/2021,San Francisco,WCC,LMU (CA),W 3-2,5,NA,54,21,164,0.201,52,10,14,61,7,2,22,2,13,77,NA
2020-2021,02/03/2021,San Francisco,WCC,LMU (CA),W 3-2,5,NA,64,18,142,0.324,62,9,NA,50,8,NA,26,NA,13,86,NA
2020-2021,02/09/2021,San Francisco,WCC,@ Pacific,W 3-2,5,NA,59,29,194,0.155,56,3,10,94,2,5,18,5,14,76,NA
2020-2021,02/10/2021,San Francisco,WCC,Pacific,W 3-1,4,NA,43,13,136,0.221,41,1,13,54,5,3,16,5,11,55,NA
2020-2021,02/18/2021,San Francisco,WCC,@ Portland,L 2-3,5,NA,59,27,176,0.182,57,5,8,68,8,7,4,NA,9,73,2
2020-2021,02/19/2021,San Francisco,WCC,@ Portland,W 3-2,5,NA,59,29,202,0.149,56,12,9,95,4,3,NA,NA,3,74,3
2020-2021,02/24/2021,San Francisco,WCC,@ San Diego,L 0-3,3,NA,37,20,127,0.134,34,6,7,54,NA,1,6,1,4,47,NA
2020-2021,02/25/2021,San Francisco,WCC,@ San Diego,L 1-3,4,NA,43,24,139,0.137,42,6,16,63,5,1,6,1,4,53,NA
2020-2021,03/05/2021,San Francisco,WCC,BYU,L 0-3,3,NA,45,18,118,0.229,42,6,8,47,4,1,NA,NA,1,52,1
2020-2021,03/06/2021,San Francisco,WCC,BYU,L 1-3,4,NA,52,19,146,0.226,50,6,8,67,2,1,8,1,5,63,NA
2020-2021,03/12/2021,San Francisco,WCC,@ Saint Mary's (CA),W 3-0,3,NA,43,19,107,0.224,40,6,10,49,5,1,14,NA,8,57,NA
2020-2021,03/13/2021,San Francisco,WCC,Saint Mary's (CA),L 1-3,4,NA,46,22,160,0.15,44,6,14,73,9,1,12,NA,7,59,NA
2020-2021,03/19/2021,San Francisco,WCC,Gonzaga,L 0-3,3,NA,35,18,110,0.155,33,2,7,45,4,1,6,NA,4,41,NA
2020-2021,03/20/2021,San Francisco,WCC,Gonzaga,W 3-1,4,NA,58,28,185,0.162,53,4,8,93,5,NA,22,1,11,73,NA
2020-2021,03/25/2021,San Francisco,WCC,@ Santa Clara,L 0-3,3,NA,38,20,113,0.159,35,3,14,45,6,2,6,NA,5,46,NA
2020-2021,03/26/2021,San Francisco,WCC,Santa Clara,W 3-0,3,NA,44,12,108,0.296,42,5,8,53,6,1,8,NA,5,54,NA
2020-2021,01/26/2021,Santa Clara,WCC,@ LMU (CA),Ppd,NA,NA,NA,NA,NA,NA,NA,NA,NA,NA,NA,NA,NA,NA,NA,NA,NA
2020-2021,01/27/2021,Santa Clara,WCC,@ LMU (CA),Ppd,NA,NA,NA,NA,NA,NA,NA,NA,NA,NA,NA,NA,NA,NA,NA,NA,NA
2020-2021,02/02/2021,Santa Clara,WCC,@ BYU,Ppd,NA,NA,NA,NA,NA,NA,NA,NA,NA,NA,NA,NA,NA,NA,NA,NA,NA
2020-2021,02/03/2021,Santa Clara,WCC,@ BYU,Ppd,NA,NA,NA,NA,NA,NA,NA,NA,NA,NA,NA,NA,NA,NA,NA,NA,NA
2020-2021,02/09/2021,Santa Clara,WCC,Pepperdine,Ppd,NA,NA,NA,NA,NA,NA,NA,NA,NA,NA,NA,NA,NA,NA,NA,NA,NA
2020-2021,02/10/2021,Santa Clara,WCC,Pepperdine,Ppd,NA,NA,NA,NA,NA,NA,NA,NA,NA,NA,NA,NA,NA,NA,NA,NA,NA
2020-2021,02/16/2021,Santa Clara,WCC,San Diego,L 1-3,4,NA,40,28,112,0.107,36,6,15,43,8,2,10,NA,7,53,NA
2020-2021,02/17/2021,Santa Clara,WCC,San Diego,L 1-3,4,NA,43,13,129,0.233,38,11,12,59,9,2,14,2,9,63,3
2020-2021,02/23/2021,Santa Clara,WCC,@ Pacific,L 2-3,5,NA,47,20,149,0.181,43,2,10,58,11,2,NA,5,NA,69,NA
2020-2021,02/24/2021,Santa Clara,WCC,Pacific,W 3-0,3,NA,37,11,118,0.22,34,12,7,45,5,1,12,3,7,56,NA
2020-2021,03/06/2021,Santa Clara,WCC,Portland,Ppd,NA,NA,NA,NA,NA,NA,NA,NA,NA,NA,NA,NA,NA,NA,NA,NA,NA
2020-2021,03/07/2021,Santa Clara,WCC,Portland,Ppd,NA,NA,NA,NA,NA,NA,NA,NA,NA,NA,NA,NA,NA,NA,NA,NA,NA
2020-2021,03/08/2021,Santa Clara,WCC,Portland,L 2-3,5,NA,66,23,199,0.216,62,8,18,91,9,1,20,4,11,85,1
2020-2021,03/09/2021,Santa Clara,WCC,Portland,W 3-0,3,NA,46,13,107,0.308,42,8,10,53,5,NA,12,2,6,60,1
2020-2021,03/12/2021,Santa Clara,WCC,@ Gonzaga,W 3-2,5,NA,63,24,158,0.247,52,10,10,50,7,2,18,NA,11,84,NA
2020-2021,03/13/2021,Santa Clara,WCC,@ Gonzaga,L 0-3,3,NA,40,20,117,0.171,36,5,9,34,5,NA,8,2,4,49,NA
2020-2021,03/18/2021,Santa Clara,WCC,@ Saint Mary's (CA),L 1-3,4,NA,48,19,136,0.213,46,9,9,56,6,2,14,NA,9,66,1
2020-2021,03/19/2021,Santa Clara,WCC,Saint Mary's (CA),W 3-1,4,NA,57,19,146,0.26,53,8,15,59,5,NA,14,4,7,72,2
2020-2021,03/21/2021,Santa Clara,WCC,@ LMU (CA),L 0-3,3,NA,28,14,94,0.149,24,1,3,39,6,NA,2,3,1,30,4
2020-2021,03/22/2021,Santa Clara,WCC,@ LMU (CA),L 0-3,3,NA,37,14,88,0.261,37,6,10,31,3,1,6,1,4,47,1
2020-2021,03/25/2021,Santa Clara,WCC,San Francisco,W 3-0,3,NA,36,13,101,0.228,34,6,12,36,3,2,10,1,7,49,NA
2020-2021,03/26/2021,Santa Clara,WCC,@ San Francisco,L 0-3,3,NA,26,18,106,0.075,25,6,7,39,5,NA,10,1,5,37,1
2020-2021,03/30/2021,Santa Clara,WCC,@ BYU,L 0-3,3,NA,35,23,91,0.132,33,2,7,28,6,1,8,3,5,42,2
2020-2021,03/31/2021,Santa Clara,WCC,@ BYU,L 0-3,3,NA,29,24,96,0.052,28,2,9,30,3,NA,4,4,2,33,NA
2020-2021,04/02/2021,Santa Clara,WCC,Pepperdine,L 0-3,3,NA,38,15,92,0.25,36,8,13,39,5,NA,14,2,7,53,1
2020-2021,04/03/2021,Santa Clara,WCC,Pepperdine,L 1-3,4,NA,43,22,132,0.159,39,4,11,48,9,1,19,2,10.5,57.5,1
